country,capacity in MW,primary_fuel,geolocation_source,estimated_generation
Afghanistan,33.0,Hydro,GEODB,123.77
Afghanistan,10.0,Solar,Wiki-Solar,18.43
Afghanistan,10.0,Solar,Wiki-Solar,18.64
Afghanistan,66.0,Hydro,GEODB,225.06
Afghanistan,100.0,Hydro,GEODB,406.16
Afghanistan,11.55,Hydro,GEODB,58.77
Afghanistan,6.0,Hydro,GEODB,21.99
Afghanistan,22.0,Hydro,GEODB,123.23
Albania,27.0,Hydro,GEODB,105.17
Albania,500.0,Hydro,GEODB,1976.01
Albania,600.0,Hydro,GEODB,2072.13
Albania,5.0,Hydro,GEODB,20.37
Albania,24.0,Hydro,GEODB,93.52
Albania,25.0,Hydro,GEODB,97.42
Albania,250.0,Hydro,GEODB,895.02
Algeria,24.0,Hydro,GEODB,30.81
Angola,14.6,Hydro,Power Africa,60.76
Angola,180.0,Hydro,Power Africa,573.81
Angola,520.0,Hydro,Power Africa,1450.81
Angola,40.0,Hydro,Power Africa,165.92
Angola,16.0,Hydro,Power Africa,79.25
Argentina,130.0,Hydro,Ministerio de Energía y Minería,288.58
Argentina,1050.0,Hydro,Ministerio de Energía y Minería,2896.84
Argentina,50.7,Hydro,Ministerio de Energía y Minería,141.57
Argentina,128.0,Hydro,Ministerio de Energía y Minería,413.34
Argentina,38.4,Hydro,Ministerio de Energía y Minería,90.12
Argentina,102.0,Hydro,Ministerio de Energía y Minería,380.17
Argentina,120.0,Hydro,Ministerio de Energía y Minería,297.51
Argentina,60.0,Hydro,Ministerio de Energía y Minería,195.69
Argentina,17.28,Hydro,Ministerio de Energía y Minería,45.68
Argentina,121.4,Hydro,Ministerio de Energía y Minería,341.9
Argentina,2.0,Solar,Ministerio de Energía y Minería,4.26
Argentina,5.78,Hydro,Ministerio de Energía y Minería,11.1
Argentina,10.55,Hydro,Ministerio de Energía y Minería,37.46
Argentina,80.0,Solar,Wiki-Solar,194.88
Argentina,30.0,Solar,Wiki-Solar,76.39
Argentina,300.0,Solar,Wiki-Solar,646.68
Argentina,14.0,Hydro,Ministerio de Energía y Minería,42.65
Argentina,17.0,Hydro,Ministerio de Energía y Minería,68.04
Argentina,1200.0,Hydro,Ministerio de Energía y Minería,3517.36
Argentina,14.4,Hydro,Ministerio de Energía y Minería,37.42
Argentina,11.0,Hydro,Ministerio de Energía y Minería,43.25
Argentina,24.0,Hydro,Ministerio de Energía y Minería,57.43
Argentina,10.8,Hydro,Ministerio de Energía y Minería,27.69
Argentina,60.0,Hydro,Ministerio de Energía y Minería,196.56
Argentina,472.0,Hydro,Ministerio de Energía y Minería,1117.92
Argentina,6.0,Hydro,Ministerio de Energía y Minería,17.78
Argentina,5.2,Hydro,Ministerio de Energía y Minería,9.19
Argentina,285.0,Hydro,Ministerio de Energía y Minería,805.77
Argentina,80.0,Solar,Wiki-Solar,189.55
Argentina,6.2,Hydro,Ministerio de Energía y Minería,25.93
Argentina,16.0,Hydro,Ministerio de Energía y Minería,43.06
Argentina,30.0,Hydro,Ministerio de Energía y Minería,73.63
Argentina,6.6,Hydro,Ministerio de Energía y Minería,17.19
Argentina,59.04,Hydro,Ministerio de Energía y Minería,122.29
Argentina,4.5,Hydro,Ministerio de Energía y Minería,10.8
Argentina,2.5,Hydro,Ministerio de Energía y Minería,8.92
Argentina,224.0,Hydro,Ministerio de Energía y Minería,496.33
Argentina,74.24,Hydro,Ministerio de Energía y Minería,224.77
Argentina,133.12,Hydro,Ministerio de Energía y Minería,351.98
Argentina,52.0,Hydro,Ministerio de Energía y Minería,157.43
Argentina,22.4,Hydro,Ministerio de Energía y Minería,73.6
Argentina,1400.0,Hydro,Ministerio de Energía y Minería,2754.67
Argentina,6.3,Hydro,Ministerio de Energía y Minería,16.23
Argentina,472.0,Hydro,Ministerio de Energía y Minería,711.26
Argentina,1.2,Solar,Ministerio de Energía y Minería,2.43
Argentina,19.2,Hydro,Ministerio de Energía y Minería,42.32
Argentina,45.0,Hydro,Ministerio de Energía y Minería,113.26
Argentina,13.2,Hydro,Ministerio de Energía y Minería,29.96
Argentina,750.0,Hydro,Ministerio de Energía y Minería,1965.53
Argentina,19.0,Hydro,Ministerio de Energía y Minería,75.68
Argentina,7.9,Hydro,Ministerio de Energía y Minería,27.88
Argentina,945.0,Hydro,Ministerio de Energía y Minería,1552.41
Argentina,26.0,Hydro,Ministerio de Energía y Minería,65.87
Argentina,22.5,Solar,Wiki-Solar,58.93
Argentina,42.0,Hydro,Ministerio de Energía y Minería,84.46
Argentina,120.0,Hydro,Ministerio de Energía y Minería,303.41
Argentina,1550.0,Hydro,Ministerio de Energía y Minería,3605.49
Armenia,561.0,Hydro,GEODB,847.52
Armenia,170.0,Hydro,GEODB,254.59
Armenia,76.0,Hydro,GEODB,91.89
Armenia,158.0,Hydro,WRI,218.42
Australia,1.0,Solar,Australian Renewable Energy Mapping Infrastructure,1.63
Australia,12.85,Hydro,Australian Renewable Energy Mapping Infrastructure,43.38
Australia,88.0,Solar,Australian Renewable Energy Mapping Infrastructure,181.99
Australia,20.0,Solar,Wiki-Solar,47.33
Australia,10.9,Solar,Wiki-Solar,25.06
Australia,60.0,Hydro,Australian Renewable Energy Mapping Infrastructure,147.07
Australia,79.9,Hydro,Australian Renewable Energy Mapping Infrastructure,253.11
Australia,240.0,Hydro,Australian Renewable Energy Mapping Infrastructure,374.78
Australia,87.0,Solar,Wiki-Solar,192.94
Australia,70.0,Hydro,Australian Renewable Energy Mapping Infrastructure,208.64
Australia,300.0,Hydro,Australian Renewable Energy Mapping Infrastructure,695.17
Australia,6.0,Solar,Wiki-Solar,12.63
Australia,53.0,Solar,Australian Renewable Energy Mapping Infrastructure,113.92
Australia,4.95,Hydro,Australian Renewable Energy Mapping Infrastructure,10.88
Australia,110.0,Solar,Wiki-Solar,259.65
Australia,19.0,Hydro,Australian Renewable Energy Mapping Infrastructure,56.55
Australia,27.0,Hydro,Australian Renewable Energy Mapping Infrastructure,82.15
Australia,14.4,Hydro,Australian Renewable Energy Mapping Infrastructure,51.53
Australia,1.5,Solar,Australian Renewable Energy Mapping Infrastructure,3.04
Australia,48.0,Hydro,Australian Renewable Energy Mapping Infrastructure,150.4
Australia,85.0,Hydro,Australian Renewable Energy Mapping Infrastructure,265.85
Australia,75.0,Solar,Wiki-Solar,181.88
Australia,130.0,Solar,Australian Renewable Energy Mapping Infrastructure,312.1
Australia,100.0,Solar,Australian Renewable Energy Mapping Infrastructure,243.23
Australia,30.0,Hydro,Australian Renewable Energy Mapping Infrastructure,82.27
Australia,17.0,Hydro,Australian Renewable Energy Mapping Infrastructure,73.02
Australia,42.0,Solar,Australian Renewable Energy Mapping Infrastructure,100.69
Australia,24.0,Hydro,Australian Renewable Energy Mapping Infrastructure,53.84
Australia,110.0,Solar,Australian Renewable Energy Mapping Infrastructure,266.79
Australia,150.0,Hydro,Australian Renewable Energy Mapping Infrastructure,421.46
Australia,4.0,Solar,Wiki-Solar,7.75
Australia,50.0,Solar,Australian Renewable Energy Mapping Infrastructure,119.47
Australia,10.6,Solar,Wiki-Solar,24.17
Australia,60.0,Hydro,Australian Renewable Energy Mapping Infrastructure,187.66
Australia,30.0,Solar,Wiki-Solar,68.35
Australia,120.0,Hydro,Australian Renewable Energy Mapping Infrastructure,328.41
Australia,5.0,Hydro,Australian Renewable Energy Mapping Infrastructure,17.26
Australia,68.0,Solar,Australian Renewable Energy Mapping Infrastructure,168.44
Australia,20.0,Solar,Wiki-Solar,46.47
Australia,43.2,Hydro,Australian Renewable Energy Mapping Infrastructure,119.77
Australia,60.0,Solar,Australian Renewable Energy Mapping Infrastructure,109.02
Australia,5.8,Hydro,Australian Renewable Energy Mapping Infrastructure,14.89
Australia,4.5,Solar,Wiki-Solar,8.53
Australia,432.0,Hydro,Australian Renewable Energy Mapping Infrastructure,809.18
Australia,10.0,Solar,Australian Renewable Energy Mapping Infrastructure,20.8
Australia,36.0,Solar,Australian Renewable Energy Mapping Infrastructure,73.95
Australia,10.0,Solar,Wiki-Solar,19.69
Australia,80.0,Hydro,Australian Renewable Energy Mapping Infrastructure,215.04
Australia,69.0,Solar,Australian Renewable Energy Mapping Infrastructure,165.3
Australia,500.0,Solar,Australian Renewable Energy Mapping Infrastructure,1157.27
Australia,180.0,Solar,Australian Renewable Energy Mapping Infrastructure,433.44
Australia,20.0,Solar,Wiki-Solar,47.38
Australia,70.0,Hydro,Australian Renewable Energy Mapping Infrastructure,243.32
Australia,1.1,Hydro,Australian Renewable Energy Mapping Infrastructure,4.29
Australia,144.0,Hydro,Australian Renewable Energy Mapping Infrastructure,318.4
Australia,14.0,Hydro,Australian Renewable Energy Mapping Infrastructure,46.48
Australia,160.0,Hydro,Australian Renewable Energy Mapping Infrastructure,298.94
Australia,112.0,Solar,Australian Renewable Energy Mapping Infrastructure,2.89
Australia,88.0,Hydro,Australian Renewable Energy Mapping Infrastructure,185.48
Australia,50.0,Solar,Wiki-Solar,119.05
Australia,7.3,Hydro,Australian Renewable Energy Mapping Infrastructure,18.5
Australia,3.0,Solar,Wiki-Solar,6.04
Australia,32.4,Hydro,Australian Renewable Energy Mapping Infrastructure,82.12
Australia,4.0,Hydro,Australian Renewable Energy Mapping Infrastructure,12.75
Australia,6.5,Hydro,Australian Renewable Energy Mapping Infrastructure,16.98
Australia,2.0,Hydro,Australian Renewable Energy Mapping Infrastructure,8.93
Australia,10.9,Solar,Wiki-Solar,25.01
Australia,81.6,Hydro,Australian Renewable Energy Mapping Infrastructure,212.26
Australia,87.3,Hydro,Australian Renewable Energy Mapping Infrastructure,252.29
Australia,9.3,Solar,Australian Renewable Energy Mapping Infrastructure,19.2
Australia,100.0,Solar,Australian Renewable Energy Mapping Infrastructure,245.99
Australia,3.2,Hydro,Australian Renewable Energy Mapping Infrastructure,7.17
Australia,13.55,Hydro,Australian Renewable Energy Mapping Infrastructure,38.78
Australia,79.9,Hydro,Australian Renewable Energy Mapping Infrastructure,223.85
Australia,46.0,Solar,Australian Renewable Energy Mapping Infrastructure,101.46
Australia,150.0,Hydro,Australian Renewable Energy Mapping Infrastructure,363.31
Australia,40.0,Hydro,Australian Renewable Energy Mapping Infrastructure,122.37
Australia,60.0,Solar,Australian Renewable Energy Mapping Infrastructure,134.26
Australia,13.0,Solar,Australian Renewable Energy Mapping Infrastructure,27.18
Australia,950.0,Hydro,Australian Renewable Energy Mapping Infrastructure,2655.64
Australia,552.0,Hydro,Australian Renewable Energy Mapping Infrastructure,965.81
Australia,15.0,Solar,Wiki-Solar,35.05
Australia,2.2,Hydro,Australian Renewable Energy Mapping Infrastructure,9.05
Australia,4.5,Solar,Wiki-Solar,9.37
Australia,10.0,Solar,Wiki-Solar,20.08
Australia,100.0,Solar,Australian Renewable Energy Mapping Infrastructure,183.1
Australia,33.6,Hydro,Australian Renewable Energy Mapping Infrastructure,78.47
Australia,102.0,Solar,Australian Renewable Energy Mapping Infrastructure,243.96
Australia,25.0,Solar,Wiki-Solar,58.52
Australia,55.0,Solar,Wiki-Solar,128.79
Australia,4.8,Hydro,Australian Renewable Energy Mapping Infrastructure,11.12
Australia,30.0,Hydro,Australian Renewable Energy Mapping Infrastructure,82.07
Australia,28.0,Hydro,Australian Renewable Energy Mapping Infrastructure,87.37
Australia,66.0,Solar,Australian Renewable Energy Mapping Infrastructure,139.11
Australia,2.37,Solar,Australian Renewable Energy Mapping Infrastructure,4.64
Australia,4.9,Solar,Wiki-Solar,10.17
Australia,6.7,Hydro,Australian Renewable Energy Mapping Infrastructure,20.86
Australia,100.0,Hydro,Australian Renewable Energy Mapping Infrastructure,272.0
Australia,238.0,Hydro,Australian Renewable Energy Mapping Infrastructure,560.59
Australia,28.0,Hydro,Australian Renewable Energy Mapping Infrastructure,87.53
Australia,125.0,Solar,Wiki-Solar,300.68
Australia,148.0,Solar,Wiki-Solar,355.69
Australia,10.5,Hydro,Australian Renewable Energy Mapping Infrastructure,34.28
Australia,20.0,Solar,Australian Renewable Energy Mapping Infrastructure,42.32
Australia,65.0,Solar,Australian Renewable Energy Mapping Infrastructure,161.27
Australia,5.0,Solar,Wiki-Solar,10.63
Australia,124.0,Solar,Australian Renewable Energy Mapping Infrastructure,297.7
Australia,200.0,Solar,Wiki-Solar,404.06
Australia,98.0,Solar,Wiki-Solar,237.47
Australia,19.0,Solar,Wiki-Solar,36.37
Australia,95.0,Solar,Australian Renewable Energy Mapping Infrastructure,185.5
Australia,90.0,Hydro,Australian Renewable Energy Mapping Infrastructure,260.09
Australia,2.5,Hydro,Australian Renewable Energy Mapping Infrastructure,6.72
Australia,3.0,Hydro,Australian Renewable Energy Mapping Infrastructure,7.14
Australia,1.7,Hydro,Australian Renewable Energy Mapping Infrastructure,4.79
Australia,80.0,Hydro,Australian Renewable Energy Mapping Infrastructure,237.92
Australia,82.8,Hydro,Australian Renewable Energy Mapping Infrastructure,262.3
Australia,616.0,Hydro,Australian Renewable Energy Mapping Infrastructure,1212.06
Australia,336.0,Hydro,Australian Renewable Energy Mapping Infrastructure,665.39
Australia,1500.0,Hydro,Australian Renewable Energy Mapping Infrastructure,4379.05
Australia,125.0,Hydro,Australian Renewable Energy Mapping Infrastructure,291.89
Australia,1.2,Solar,Australian Renewable Energy Mapping Infrastructure,1.97
Australia,8.4,Hydro,Australian Renewable Energy Mapping Infrastructure,21.96
Australia,1.0,Solar,Australian Renewable Energy Mapping Infrastructure,1.82
Australia,15.0,Solar,Wiki-Solar,35.66
Australia,50.0,Hydro,Australian Renewable Energy Mapping Infrastructure,141.43
Australia,38.3,Hydro,Australian Renewable Energy Mapping Infrastructure,119.73
Australia,110.0,Solar,Australian Renewable Energy Mapping Infrastructure,210.99
Australia,62.0,Hydro,Australian Renewable Energy Mapping Infrastructure,173.34
Australia,20.0,Solar,Wiki-Solar,40.78
Australia,6.0,Solar,Wiki-Solar,12.88
Australia,7.0,Solar,Wiki-Solar,14.06
Australia,81.6,Hydro,Australian Renewable Energy Mapping Infrastructure,255.22
Australia,145.0,Solar,Australian Renewable Energy Mapping Infrastructure,346.83
Australia,4.7,Hydro,Australian Renewable Energy Mapping Infrastructure,16.03
Australia,500.0,Hydro,Australian Renewable Energy Mapping Infrastructure,1215.91
Australia,20.0,Hydro,Australian Renewable Energy Mapping Infrastructure,43.54
Australia,9.0,Hydro,Australian Renewable Energy Mapping Infrastructure,39.41
Australia,81.0,Solar,Wiki-Solar,166.73
Austria,168.0,Hydro,GEODB,873.43
Austria,26.0,Hydro,CARMA,89.14
Austria,30.0,Hydro,CARMA,88.43
Austria,287.0,Hydro,GEODB,1439.75
Austria,16.0,Hydro,GEODB,69.07
Austria,100.0,Hydro,WRI,425.09
Austria,16.0,Hydro,CARMA,58.34
Austria,72.0,Hydro,WRI,190.81
Austria,1.0,Hydro,CARMA,3.91
Austria,88.0,Hydro,GEODB,325.39
Austria,38.0,Hydro,WRI,131.27
Austria,75.0,Hydro,GEODB,277.32
Austria,22.0,Hydro,CARMA,84.14
Austria,172.0,Hydro,WRI,891.52
Austria,12.0,Hydro,CARMA,58.43
Austria,25.0,Hydro,GEODB,73.69
Austria,14.0,Hydro,CARMA,69.32
Austria,14.0,Hydro,WRI,66.79
Austria,200.0,Hydro,GEODB,592.22
Austria,11.0,Hydro,CARMA,53.68
Austria,293.0,Hydro,GEODB,1465.01
Austria,63.0,Hydro,CARMA,226.43
Austria,132.0,Hydro,GEODB,691.12
Austria,60.0,Hydro,Open Power System Data,195.22
Austria,89.0,Hydro,Open Power System Data,322.67
Austria,79.0,Hydro,Open Power System Data,301.8
Austria,392.0,Hydro,Open Power System Data,1078.76
Austria,289.0,Hydro,Open Power System Data,689.49
Austria,500.0,Hydro,Open Power System Data,1476.7
Austria,480.0,Hydro,GEODB,1201.64
Austria,113.0,Hydro,GEODB,394.18
Austria,240.0,Hydro,GEODB,615.87
Austria,25.0,Hydro,CARMA,105.84
Austria,1.0,Hydro,GEODB,3.57
Austria,20.0,Hydro,CARMA,58.5
Austria,525.0,Hydro,WRI,1280.52
Austria,18.0,Hydro,GEODB,77.7
Austria,45.0,Hydro,GEODB,155.78
Austria,30.0,Hydro,CARMA,114.08
Austria,25.0,Hydro,CARMA,105.58
Austria,18.0,Hydro,CARMA,88.93
Austria,20.0,Hydro,CARMA,92.61
Austria,10.0,Hydro,CARMA,46.23
Austria,39.0,Hydro,CARMA,149.11
Austria,2.0,Hydro,GEODB,5.42
Austria,280.0,Hydro,WRI,707.53
Austria,120.0,Hydro,GEODB,305.21
Austria,730.0,Hydro,GEODB,1999.1
Austria,6.0,Hydro,CARMA,21.31
Austria,355.0,Hydro,GEODB,726.35
Austria,187.0,Hydro,GEODB,971.74
Austria,16.0,Hydro,CARMA,79.22
Austria,26.1,Hydro,GEODB,92.81
Austria,2.0,Hydro,CARMA,7.67
Austria,5.0,Hydro,CARMA,19.92
Austria,60.0,Hydro,WRI,219.59
Austria,30.0,Hydro,WRI,97.41
Austria,13.0,Hydro,CARMA,62.79
Austria,179.0,Hydro,GEODB,937.21
Austria,86.0,Hydro,WRI,365.58
Austria,24.0,Hydro,GEODB,101.96
Austria,13.0,Hydro,CARMA,64.23
Austria,22.0,Hydro,CARMA,100.83
Austria,2.0,Hydro,CARMA,6.85
Austria,14.0,Hydro,CARMA,35.4
Austria,1.0,Hydro,CARMA,3.99
Austria,198.0,Hydro,WRI,585.65
Austria,295.0,Hydro,WRI,745.43
Austria,80.0,Hydro,GEODB,295.81
Austria,34.0,Hydro,CARMA,97.25
Austria,30.0,Hydro,CARMA,88.33
Austria,79.0,Hydro,GEODB,350.61
Austria,120.0,Hydro,GEODB,377.86
Austria,6.0,Hydro,CARMA,13.51
Austria,16.0,Hydro,GEODB,67.28
Austria,10.0,Hydro,CARMA,34.71
Austria,52.0,Hydro,CARMA,210.57
Austria,43.0,Hydro,CARMA,159.52
Austria,1.0,Hydro,CARMA,3.7
Austria,40.0,Hydro,CARMA,152.93
Austria,10.0,Hydro,CARMA,25.47
Austria,1.0,Hydro,GEODB,2.31
Austria,157.0,Hydro,WRI,457.16
Austria,172.0,Hydro,GEODB,891.52
Austria,25.0,Hydro,GEODB,105.84
Austria,86.0,Hydro,CARMA,311.79
Austria,13.0,Hydro,GEODB,54.66
Austria,5.0,Hydro,CARMA,16.41
Austria,210.0,Hydro,GEODB,1094.57
Austria,1.0,Hydro,CARMA,2.31
Austria,37.0,Hydro,CARMA,141.08
Austria,9.0,Wind,GEODB,17.41
Austria,236.0,Hydro,GEODB,1201.04
Azerbaijan,1.0,Hydro,CARMA,2.24
Azerbaijan,402.0,Hydro,WRI,963.73
Azerbaijan,405.0,Hydro,GEODB,793.23
Azerbaijan,16.0,Hydro,GEODB,72.11
Azerbaijan,150.0,Hydro,GEODB,385.47
Bahrain,5.0,Solar,Wiki-Solar,9.98
Bangladesh,5.0,Solar,Wiki-Solar,9.56
Bangladesh,230.0,Hydro,GEODB,816.76
Bangladesh,28.0,Solar,Wiki-Solar,58.41
Belarus,55.0,Solar,Wiki-Solar,81.48
Belarus,109.0,Solar,Wiki-Solar,162.19
Belarus,4.1,Solar,Wiki-Solar,6.25
Belarus,18.5,Solar,Wiki-Solar,28.21
Belarus,11.3,Solar,Wiki-Solar,17.24
Belarus,16.3,Solar,Wiki-Solar,24.87
Belarus,18.7,Solar,Wiki-Solar,29.33
Belgium,1.8,Hydro,GEODB,4.78
Belgium,171.0,Wind,GEODB,633.79
Belgium,1164.0,Hydro,GEODB,2822.62
Belgium,8.0,Hydro,GEODB,27.92
Belgium,9.9,Hydro,GEODB,43.32
Belgium,9.0,Hydro,GEODB,39.08
Belgium,5.0,Hydro,GEODB,20.98
Belgium,10.0,Hydro,GEODB,43.76
Belgium,20.0,Hydro,GEODB,86.27
Belgium,19.7,Hydro,GEODB,95.16
Belgium,99.5,Solar,Wiki-Solar,144.74
Belgium,1.9,Hydro,GEODB,7.38
Belgium,13.0,Solar,Wiki-Solar,19.92
Belgium,144.0,Hydro,GEODB,369.39
Belgium,3.7,Solar,Wiki-Solar,5.41
Bhutan,64.0,Hydro,GEODB,247.15
Bhutan,336.0,Hydro,GEODB,1065.84
Bhutan,60.0,Hydro,GEODB,246.88
Bhutan,2.2,Hydro,GEODB,7.5
Bhutan,1020.0,Hydro,GEODB,3441.75
Bolivia,10.6,Hydro,GEODB,23.33
Bolivia,30.0,Hydro,GEODB,86.04
Bolivia,38.4,Hydro,GEODB,97.42
Bolivia,34.0,Hydro,GEODB,97.51
Bolivia,5.0,Solar,Wiki-Solar,9.66
Bolivia,54.0,Hydro,GEODB,141.19
Bolivia,24.0,Hydro,GEODB,61.69
Bolivia,11.0,Hydro,GEODB,24.21
Bolivia,93.4,Hydro,GEODB,246.94
Bolivia,18.0,Hydro,GEODB,39.28
Bolivia,9.6,Hydro,GEODB,20.75
Bolivia,50.0,Solar,Wiki-Solar,98.44
Bolivia,51.1,Hydro,GEODB,170.76
Bolivia,5.6,Solar,Wiki-Solar,10.95
Bosnia and Herzegovina,110.0,Hydro,GEODB,463.07
Bosnia and Herzegovina,420.0,Hydro,GEODB,1561.77
Bosnia and Herzegovina,216.0,Hydro,GEODB,900.15
Bosnia and Herzegovina,115.0,Hydro,GEODB,479.39
Bosnia and Herzegovina,180.0,Hydro,GEODB,706.67
Bosnia and Herzegovina,48.0,Hydro,GEODB,197.79
Bosnia and Herzegovina,30.0,Hydro,GEODB,123.4
Bosnia and Herzegovina,48.5,Hydro,GEODB,199.85
Bosnia and Herzegovina,75.0,Hydro,GEODB,311.67
Bosnia and Herzegovina,60.0,Hydro,GEODB,249.34
Bosnia and Herzegovina,30.0,Hydro,GEODB,120.86
Bosnia and Herzegovina,160.0,Hydro,GEODB,621.24
Bosnia and Herzegovina,210.0,Hydro,GEODB,823.71
Bosnia and Herzegovina,180.0,Hydro,GEODB,790.01
Bosnia and Herzegovina,8.0,Hydro,GEODB,35.84
Bosnia and Herzegovina,315.0,Hydro,GEODB,1205.56
Brazil,100.71,Hydro,Agência Nacional de Energia Elétrica (Brazil),371.6
Brazil,6.66,Hydro,Agência Nacional de Energia Elétrica (Brazil),27.46
Brazil,4.86,Hydro,Agência Nacional de Energia Elétrica (Brazil),9.2
Brazil,1.46,Hydro,Agência Nacional de Energia Elétrica (Brazil),5.49
Brazil,1.3005,Hydro,Agência Nacional de Energia Elétrica (Brazil),2.0
Brazil,14.683,Hydro,Agência Nacional de Energia Elétrica (Brazil),48.57
Brazil,3.9,Hydro,Agência Nacional de Energia Elétrica (Brazil),7.61
Brazil,3.893,Hydro,Agência Nacional de Energia Elétrica (Brazil),13.4
Brazil,330.0,Hydro,Agência Nacional de Energia Elétrica (Brazil),1353.57
Brazil,3.0,Hydro,Agência Nacional de Energia Elétrica (Brazil),5.68
Brazil,4.8,Wind,Agência Nacional de Energia Elétrica (Brazil),15.02
Brazil,72.0,Hydro,Agência Nacional de Energia Elétrica (Brazil),232.21
Brazil,2.056,Hydro,Agência Nacional de Energia Elétrica (Brazil),4.05
Brazil,51.0,Wind,Agência Nacional de Energia Elétrica (Brazil),199.18
Brazil,100.65,Wind,Agência Nacional de Energia Elétrica (Brazil),435.32
Brazil,6.3,Wind,Agência Nacional de Energia Elétrica (Brazil),23.19
Brazil,5.0,Hydro,Agência Nacional de Energia Elétrica (Brazil),19.67
Brazil,2.544,Hydro,Agência Nacional de Energia Elétrica (Brazil),5.02
Brazil,15.0,Hydro,Agência Nacional de Energia Elétrica (Brazil),33.93
Brazil,1.35,Hydro,Agência Nacional de Energia Elétrica (Brazil),2.01
Brazil,10.649,Hydro,Agência Nacional de Energia Elétrica (Brazil),35.69
Brazil,21.0,Hydro,Agência Nacional de Energia Elétrica (Brazil),63.57
Brazil,5.0,Hydro,Agência Nacional de Energia Elétrica (Brazil),18.28
Brazil,1.68,Hydro,Agência Nacional de Energia Elétrica (Brazil),5.18
Brazil,29.0,Hydro,Agência Nacional de Energia Elétrica (Brazil),109.19
Brazil,243.675,Hydro,Agência Nacional de Energia Elétrica (Brazil),820.88
Brazil,210.0,Hydro,Agência Nacional de Energia Elétrica (Brazil),749.02
Brazil,30.0,Hydro,Agência Nacional de Energia Elétrica (Brazil),89.34
Brazil,22.5,Wind,Agência Nacional de Energia Elétrica (Brazil),44.11
Brazil,1.0,Hydro,Agência Nacional de Energia Elétrica (Brazil),1.92
Brazil,26.29,Hydro,Agência Nacional de Energia Elétrica (Brazil),84.46
Brazil,22.68,Hydro,Agência Nacional de Energia Elétrica (Brazil),79.03
Brazil,1.68,Hydro,Agência Nacional de Energia Elétrica (Brazil),5.33
Brazil,1.0,Hydro,Agência Nacional de Energia Elétrica (Brazil),4.1
Brazil,21.96,Hydro,Agência Nacional de Energia Elétrica (Brazil),73.88
Brazil,1.35,Hydro,Agência Nacional de Energia Elétrica (Brazil),3.83
Brazil,2.9028,Hydro,Agência Nacional de Energia Elétrica (Brazil),10.18
Brazil,1.0,Hydro,Agência Nacional de Energia Elétrica (Brazil),1.67
Brazil,120.0,Solar,Wiki-Solar,319.08
Brazil,400.0,Hydro,Agência Nacional de Energia Elétrica (Brazil),1597.29
Brazil,1.0,Hydro,Agência Nacional de Energia Elétrica (Brazil),1.74
Brazil,4.2,Hydro,Agência Nacional de Energia Elétrica (Brazil),15.83
Brazil,30.0,Wind,Agência Nacional de Energia Elétrica (Brazil),58.82
Brazil,14.4,Wind,Agência Nacional de Energia Elétrica (Brazil),61.31
Brazil,18.0,Hydro,Agência Nacional de Energia Elétrica (Brazil),37.73
Brazil,5.14917,Hydro,Agência Nacional de Energia Elétrica (Brazil),16.33
Brazil,11.4,Hydro,Agência Nacional de Energia Elétrica (Brazil),37.92
Brazil,19.8,Hydro,Agência Nacional de Energia Elétrica (Brazil),62.92
Brazil,29.072,Hydro,Agência Nacional de Energia Elétrica (Brazil),108.83
Brazil,13.0,Hydro,Agência Nacional de Energia Elétrica (Brazil),51.55
Brazil,29.5,Hydro,Agência Nacional de Energia Elétrica (Brazil),90.14
Brazil,30.0,Solar,Wiki-Solar,80.85
Brazil,24.0,Hydro,Agência Nacional de Energia Elétrica (Brazil),92.33
Brazil,1.0,Hydro,Agência Nacional de Energia Elétrica (Brazil),1.66
Brazil,158.0,Solar,Wiki-Solar,419.06
Brazil,140.544,Hydro,Agência Nacional de Energia Elétrica (Brazil),624.13
Brazil,249.75,Hydro,Agência Nacional de Energia Elétrica (Brazil),707.7
Brazil,3.0,Hydro,Agência Nacional de Energia Elétrica (Brazil),9.32
Brazil,136.8,Hydro,Agência Nacional de Energia Elétrica (Brazil),595.66
Brazil,5.2,Hydro,Agência Nacional de Energia Elétrica (Brazil),22.82
Brazil,40.4,Hydro,Agência Nacional de Energia Elétrica (Brazil),129.96
Brazil,140.76,Hydro,Agência Nacional de Energia Elétrica (Brazil),484.57
Brazil,2.25,Hydro,Agência Nacional de Energia Elétrica (Brazil),7.1
Brazil,698.25,Hydro,Agência Nacional de Energia Elétrica (Brazil),2748.07
Brazil,23.0,Hydro,Agência Nacional de Energia Elétrica (Brazil),66.36
Brazil,39.0,Hydro,Agência Nacional de Energia Elétrica (Brazil),134.32
Brazil,15.15,Hydro,Agência Nacional de Energia Elétrica (Brazil),48.28
Brazil,90.0,Hydro,Agência Nacional de Energia Elétrica (Brazil),328.62
Brazil,34.5,Wind,Agência Nacional de Energia Elétrica (Brazil),129.56
Brazil,1.32,Hydro,Agência Nacional de Energia Elétrica (Brazil),1.97
Brazil,52.5,Hydro,Agência Nacional de Energia Elétrica (Brazil),171.48
Brazil,2.704,Hydro,Agência Nacional de Energia Elétrica (Brazil),8.76
Brazil,2.25,Hydro,Agência Nacional de Energia Elétrica (Brazil),6.33
Brazil,3.6,Hydro,Agência Nacional de Energia Elétrica (Brazil),11.19
Brazil,3327.45544,Hydro,Agência Nacional de Energia Elétrica (Brazil),17396.84
Brazil,9.0,Hydro,Agência Nacional de Energia Elétrica (Brazil),27.71
Brazil,237.3,Hydro,Agência Nacional de Energia Elétrica (Brazil),992.64
Brazil,24.0,Hydro,Agência Nacional de Energia Elétrica (Brazil),88.4
Brazil,16.0,Hydro,Agência Nacional de Energia Elétrica (Brazil),52.92
Brazil,8.0,Hydro,Agência Nacional de Energia Elétrica (Brazil),25.34
Brazil,30.0,Hydro,Agência Nacional de Energia Elétrica (Brazil),106.19
Brazil,30.0,Wind,Agência Nacional de Energia Elétrica (Brazil),100.18
Brazil,19.0,Hydro,Agência Nacional de Energia Elétrica (Brazil),74.19
Brazil,50.0,Wind,Agência Nacional de Energia Elétrica (Brazil),192.85
Brazil,1.0,Hydro,Agência Nacional de Energia Elétrica (Brazil),1.59
Brazil,11.52,Hydro,Agência Nacional de Energia Elétrica (Brazil),26.27
Brazil,5.18,Hydro,Agência Nacional de Energia Elétrica (Brazil),21.55
Brazil,10.752,Hydro,Agência Nacional de Energia Elétrica (Brazil),40.4
Brazil,14.16,Hydro,Agência Nacional de Energia Elétrica (Brazil),52.94
Brazil,14.0,Hydro,Agência Nacional de Energia Elétrica (Brazil),52.34
Brazil,1.0,Hydro,Agência Nacional de Energia Elétrica (Brazil),3.13
Brazil,12.4,Hydro,Agência Nacional de Energia Elétrica (Brazil),43.63
Brazil,1.0854,Hydro,Agência Nacional de Energia Elétrica (Brazil),3.76
Brazil,11.12,Hydro,Agência Nacional de Energia Elétrica (Brazil),24.54
Brazil,1.4,Hydro,Agência Nacional de Energia Elétrica (Brazil),4.6
Brazil,30.0,Hydro,Agência Nacional de Energia Elétrica (Brazil),99.02
Brazil,1.12,Hydro,Agência Nacional de Energia Elétrica (Brazil),1.99
Brazil,1.0,Hydro,Agência Nacional de Energia Elétrica (Brazil),3.43
Brazil,30.0,Hydro,Agência Nacional de Energia Elétrica (Brazil),101.9
Brazil,2.7,Hydro,Agência Nacional de Energia Elétrica (Brazil),5.61
Brazil,2.8,Hydro,Agência Nacional de Energia Elétrica (Brazil),5.82
Brazil,4.16,Hydro,Agência Nacional de Energia Elétrica (Brazil),8.11
Brazil,11.12,Hydro,Agência Nacional de Energia Elétrica (Brazil),42.63
Brazil,219.0,Hydro,Agência Nacional de Energia Elétrica (Brazil),963.95
Brazil,658.0,Hydro,Agência Nacional de Energia Elétrica (Brazil),2782.11
Brazil,3.564,Hydro,Agência Nacional de Energia Elétrica (Brazil),12.62
Brazil,2.098,Hydro,Agência Nacional de Energia Elétrica (Brazil),7.51
Brazil,14.8,Hydro,Agência Nacional de Energia Elétrica (Brazil),32.37
Brazil,2.34,Hydro,Agência Nacional de Energia Elétrica (Brazil),4.79
Brazil,3.01,Hydro,Agência Nacional de Energia Elétrica (Brazil),9.11
Brazil,1.25,Hydro,Agência Nacional de Energia Elétrica (Brazil),2.04
Brazil,1.0,Hydro,Agência Nacional de Energia Elétrica (Brazil),3.86
Brazil,27.0,Hydro,Agência Nacional de Energia Elétrica (Brazil),87.87
Brazil,80.4,Hydro,Agência Nacional de Energia Elétrica (Brazil),246.05
Brazil,1.172,Hydro,Agência Nacional de Energia Elétrica (Brazil),1.8
Brazil,3.2,Hydro,Agência Nacional de Energia Elétrica (Brazil),10.36
Brazil,10.0,Hydro,Agência Nacional de Energia Elétrica (Brazil),25.66
Brazil,7.2,Hydro,Agência Nacional de Energia Elétrica (Brazil),22.78
Brazil,19.0,Hydro,Agência Nacional de Energia Elétrica (Brazil),50.07
Brazil,46.0,Hydro,Agência Nacional de Energia Elétrica (Brazil),160.68
Brazil,3.59,Hydro,Agência Nacional de Energia Elétrica (Brazil),6.81
Brazil,2.0,Wind,Agência Nacional de Energia Elétrica (Brazil),5.39
Brazil,10.5,Wind,Agência Nacional de Energia Elétrica (Brazil),20.55
Brazil,880.0,Hydro,Agência Nacional de Energia Elétrica (Brazil),3554.9
Brazil,450.0,Hydro,Agência Nacional de Energia Elétrica (Brazil),1985.39
Brazil,42.5,Hydro,Agência Nacional de Energia Elétrica (Brazil),108.05
Brazil,17.0,Hydro,Agência Nacional de Energia Elétrica (Brazil),63.25
Brazil,28.0,Hydro,Agência Nacional de Energia Elétrica (Brazil),100.69
Brazil,57.0,Wind,Agência Nacional de Energia Elétrica (Brazil),222.07
Brazil,82.5,Hydro,Agência Nacional de Energia Elétrica (Brazil),370.9
Brazil,72.0,Hydro,Agência Nacional de Energia Elétrica (Brazil),325.21
Brazil,19.8071,Hydro,Agência Nacional de Energia Elétrica (Brazil),64.36
Brazil,3.76,Hydro,Agência Nacional de Energia Elétrica (Brazil),7.31
Brazil,619.0,Hydro,Agência Nacional de Energia Elétrica (Brazil),2617.21
Brazil,18.09,Hydro,Agência Nacional de Energia Elétrica (Brazil),58.45
Brazil,4.3,Hydro,Agência Nacional de Energia Elétrica (Brazil),8.36
Brazil,4.234,Hydro,Agência Nacional de Energia Elétrica (Brazil),8.23
Brazil,15.0,Hydro,Agência Nacional de Energia Elétrica (Brazil),46.57
Brazil,9.0,Hydro,Agência Nacional de Energia Elétrica (Brazil),21.67
Brazil,3.52,Hydro,Agência Nacional de Energia Elétrica (Brazil),11.31
Brazil,12.42,Hydro,Agência Nacional de Energia Elétrica (Brazil),39.14
Brazil,6.0,Wind,Agência Nacional de Energia Elétrica (Brazil),10.43
Brazil,9.6,Hydro,Agência Nacional de Energia Elétrica (Brazil),36.58
Brazil,1.2,Hydro,Agência Nacional de Energia Elétrica (Brazil),3.55
Brazil,1.844,Hydro,Agência Nacional de Energia Elétrica (Brazil),6.02
Brazil,1.48,Hydro,Agência Nacional de Energia Elétrica (Brazil),4.84
Brazil,130.845,Hydro,Agência Nacional de Energia Elétrica (Brazil),428.49
Brazil,4.0,Hydro,Agência Nacional de Energia Elétrica (Brazil),12.66
Brazil,3.829,Hydro,Agência Nacional de Energia Elétrica (Brazil),14.09
Brazil,1.26,Hydro,Agência Nacional de Energia Elétrica (Brazil),4.77
Brazil,19.008,Hydro,Agência Nacional de Energia Elétrica (Brazil),72.94
Brazil,9.1,Hydro,Agência Nacional de Energia Elétrica (Brazil),25.31
Brazil,22.5,Hydro,Agência Nacional de Energia Elétrica (Brazil),82.81
Brazil,65.0,Hydro,Agência Nacional de Energia Elétrica (Brazil),237.33
Brazil,5.6,Hydro,Agência Nacional de Energia Elétrica (Brazil),21.01
Brazil,2.25,Hydro,Agência Nacional de Energia Elétrica (Brazil),7.21
Brazil,1.557,Hydro,Agência Nacional de Energia Elétrica (Brazil),5.18
Brazil,30.0,Wind,Agência Nacional de Energia Elétrica (Brazil),102.59
Brazil,30.0,Wind,Agência Nacional de Energia Elétrica (Brazil),99.89
Brazil,7.0,Hydro,Agência Nacional de Energia Elétrica (Brazil),13.69
Brazil,18.0,Hydro,Agência Nacional de Energia Elétrica (Brazil),40.59
Brazil,414.0,Hydro,Agência Nacional de Energia Elétrica (Brazil),1637.03
Brazil,2.6,Hydro,Agência Nacional de Energia Elétrica (Brazil),5.21
Brazil,1.27,Hydro,Agência Nacional de Energia Elétrica (Brazil),2.17
Brazil,17.0,Hydro,Agência Nacional de Energia Elétrica (Brazil),61.9
Brazil,76.952,Hydro,Agência Nacional de Energia Elétrica (Brazil),355.19
Brazil,10.0,Hydro,Agência Nacional de Energia Elétrica (Brazil),21.67
Brazil,1.944,Hydro,Agência Nacional de Energia Elétrica (Brazil),4.43
Brazil,4.8,Wind,Agência Nacional de Energia Elétrica (Brazil),15.58
Brazil,11.0,Hydro,Agência Nacional de Energia Elétrica (Brazil),25.09
Brazil,16.0,Hydro,Agência Nacional de Energia Elétrica (Brazil),36.19
Brazil,1.12,Hydro,Agência Nacional de Energia Elétrica (Brazil),3.88
Brazil,1.6,Hydro,Agência Nacional de Energia Elétrica (Brazil),3.27
Brazil,1.616,Hydro,Agência Nacional de Energia Elétrica (Brazil),4.98
Brazil,5.6,Hydro,Agência Nacional de Energia Elétrica (Brazil),18.54
Brazil,3.164,Hydro,Agência Nacional de Energia Elétrica (Brazil),10.22
Brazil,5.8,Hydro,Agência Nacional de Energia Elétrica (Brazil),19.94
Brazil,14.0,Hydro,Agência Nacional de Energia Elétrica (Brazil),42.34
Brazil,1.25,Hydro,Agência Nacional de Energia Elétrica (Brazil),2.73
Brazil,1.7,Hydro,Agência Nacional de Energia Elétrica (Brazil),5.81
Brazil,375.3,Hydro,Agência Nacional de Energia Elétrica (Brazil),1539.35
Brazil,96.447,Hydro,Agência Nacional de Energia Elétrica (Brazil),354.6
Brazil,127.0,Hydro,Agência Nacional de Energia Elétrica (Brazil),437.33
Brazil,16.0,Hydro,Agência Nacional de Energia Elétrica (Brazil),50.46
Brazil,19.5,Hydro,Agência Nacional de Energia Elétrica (Brazil),74.79
Brazil,3.34,Hydro,Agência Nacional de Energia Elétrica (Brazil),11.66
Brazil,4.0,Hydro,Agência Nacional de Energia Elétrica (Brazil),7.78
Brazil,3.8,Hydro,Agência Nacional de Energia Elétrica (Brazil),7.7
Brazil,23.949,Hydro,Agência Nacional de Energia Elétrica (Brazil),59.81
Brazil,1.794,Hydro,Agência Nacional de Energia Elétrica (Brazil),3.66
Brazil,3.52,Hydro,Agência Nacional de Energia Elétrica (Brazil),6.8
Brazil,30.3,Hydro,Agência Nacional de Energia Elétrica (Brazil),150.3
Brazil,1.0,Hydro,Agência Nacional de Energia Elétrica (Brazil),3.99
Brazil,1.36,Hydro,Agência Nacional de Energia Elétrica (Brazil),2.16
Brazil,27.0,Hydro,Agência Nacional de Energia Elétrica (Brazil),103.48
Brazil,26.0,Hydro,Agência Nacional de Energia Elétrica (Brazil),88.79
Brazil,1.44,Hydro,Agência Nacional de Energia Elétrica (Brazil),5.41
Brazil,261.0,Hydro,Agência Nacional de Energia Elétrica (Brazil),1107.27
Brazil,6.5,Hydro,Agência Nacional de Energia Elétrica (Brazil),29.19
Brazil,5.04,Hydro,Agência Nacional de Energia Elétrica (Brazil),16.87
Brazil,4.23,Hydro,Agência Nacional de Energia Elétrica (Brazil),9.92
Brazil,5.5,Hydro,Agência Nacional de Energia Elétrica (Brazil),16.82
Brazil,1.251,Hydro,Agência Nacional de Energia Elétrica (Brazil),4.09
Brazil,10.8,Hydro,Agência Nacional de Energia Elétrica (Brazil),33.13
Brazil,6.0,Hydro,Agência Nacional de Energia Elétrica (Brazil),20.36
Brazil,125.0,Hydro,Agência Nacional de Energia Elétrica (Brazil),434.25
Brazil,10.8,Hydro,Agência Nacional de Energia Elétrica (Brazil),35.35
Brazil,42.0,Wind,Agência Nacional de Energia Elétrica (Brazil),176.59
Brazil,1.4,Hydro,Agência Nacional de Energia Elétrica (Brazil),2.23
Brazil,2.744,Hydro,Agência Nacional de Energia Elétrica (Brazil),6.11
Brazil,19.0,Hydro,Agência Nacional de Energia Elétrica (Brazil),56.83
Brazil,4.5,Hydro,Agência Nacional de Energia Elétrica (Brazil),17.37
Brazil,1192.0,Hydro,Agência Nacional de Energia Elétrica (Brazil),5082.97
Brazil,31.5,Wind,Agência Nacional de Energia Elétrica (Brazil),121.78
Brazil,17.87,Hydro,Agência Nacional de Energia Elétrica (Brazil),65.07
Brazil,13.0,Hydro,Agência Nacional de Energia Elétrica (Brazil),47.33
Brazil,24.435,Hydro,Agência Nacional de Energia Elétrica (Brazil),81.75
Brazil,68.4,Hydro,Agência Nacional de Energia Elétrica (Brazil),249.75
Brazil,4.8,Hydro,Agência Nacional de Energia Elétrica (Brazil),14.77
Brazil,1.0,Hydro,Agência Nacional de Energia Elétrica (Brazil),3.52
Brazil,22.2,Hydro,Agência Nacional de Energia Elétrica (Brazil),65.4
Brazil,5.04,Hydro,Agência Nacional de Energia Elétrica (Brazil),12.52
Brazil,2.4,Hydro,Agência Nacional de Energia Elétrica (Brazil),4.99
Brazil,2.3,Hydro,Agência Nacional de Energia Elétrica (Brazil),4.71
Brazil,32.01,Hydro,Agência Nacional de Energia Elétrica (Brazil),105.52
Brazil,1087.0,Hydro,Agência Nacional de Energia Elétrica (Brazil),5523.1
Brazil,1048.0,Hydro,Agência Nacional de Energia Elétrica (Brazil),3782.74
Brazil,1.4,Hydro,Agência Nacional de Energia Elétrica (Brazil),2.08
Brazil,108.8,Hydro,Agência Nacional de Energia Elétrica (Brazil),376.83
Brazil,10.5,Wind,Agência Nacional de Energia Elétrica (Brazil),33.22
Brazil,54.6,Wind,Agência Nacional de Energia Elétrica (Brazil),201.53
Brazil,25.2,Wind,Agência Nacional de Energia Elétrica (Brazil),88.57
Brazil,28.804,Wind,Agência Nacional de Energia Elétrica (Brazil),101.27
Brazil,5.0,Wind,Agência Nacional de Energia Elétrica (Brazil),12.58
Brazil,9.0,Wind,Agência Nacional de Energia Elétrica (Brazil),15.92
Brazil,2.5,Wind,Agência Nacional de Energia Elétrica (Brazil),2.73
Brazil,3.792,Hydro,Agência Nacional de Energia Elétrica (Brazil),8.37
Brazil,4.8,Hydro,Agência Nacional de Energia Elétrica (Brazil),10.03
Brazil,1.224,Hydro,Agência Nacional de Energia Elétrica (Brazil),3.99
Brazil,1.35,Hydro,Agência Nacional de Energia Elétrica (Brazil),2.12
Brazil,30.0,Hydro,Agência Nacional de Energia Elétrica (Brazil),147.24
Brazil,4.0,Hydro,Agência Nacional de Energia Elétrica (Brazil),15.07
Brazil,2.788,Hydro,Agência Nacional de Energia Elétrica (Brazil),14.72
Brazil,9.2,Wind,Agência Nacional de Energia Elétrica (Brazil),33.35
Brazil,16.1,Wind,Agência Nacional de Energia Elétrica (Brazil),57.92
Brazil,16.5,Hydro,Agência Nacional de Energia Elétrica (Brazil),49.61
Brazil,1.3,Hydro,Agência Nacional de Energia Elétrica (Brazil),2.22
Brazil,9.2,Hydro,Agência Nacional de Energia Elétrica (Brazil),30.11
Brazil,252.0,Hydro,Agência Nacional de Energia Elétrica (Brazil),1046.44
Brazil,19.41,Hydro,Agência Nacional de Energia Elétrica (Brazil),64.91
Brazil,4.8,Hydro,Agência Nacional de Energia Elétrica (Brazil),18.01
Brazil,16.5,Hydro,Agência Nacional de Energia Elétrica (Brazil),59.85
Brazil,10.0,Solar,Wiki-Solar,21.95
Brazil,130.3,Hydro,Agência Nacional de Energia Elétrica (Brazil),323.93
Brazil,1.0,Hydro,Agência Nacional de Energia Elétrica (Brazil),3.59
Brazil,855.0,Hydro,Agência Nacional de Energia Elétrica (Brazil),3393.08
Brazil,25.2,Wind,Agência Nacional de Energia Elétrica (Brazil),89.69
Brazil,4.5,Hydro,Agência Nacional de Energia Elétrica (Brazil),11.89
Brazil,29.0,Hydro,Agência Nacional de Energia Elétrica (Brazil),69.07
Brazil,29.52,Hydro,Agência Nacional de Energia Elétrica (Brazil),95.09
Brazil,2.2,Hydro,Agência Nacional de Energia Elétrica (Brazil),7.28
Brazil,1.2,Hydro,Agência Nacional de Energia Elétrica (Brazil),3.81
Brazil,8.736,Hydro,Agência Nacional de Energia Elétrica (Brazil),20.77
Brazil,36.4,Hydro,Agência Nacional de Energia Elétrica (Brazil),117.26
Brazil,10.0,Hydro,Agência Nacional de Energia Elétrica (Brazil),22.41
Brazil,4.5,Hydro,Agência Nacional de Energia Elétrica (Brazil),11.96
Brazil,120.168,Hydro,Agência Nacional de Energia Elétrica (Brazil),400.68
Brazil,2.475,Hydro,Agência Nacional de Energia Elétrica (Brazil),9.64
Brazil,216.0,Hydro,Agência Nacional de Energia Elétrica (Brazil),692.86
Brazil,3.6,Hydro,Agência Nacional de Energia Elétrica (Brazil),6.83
Brazil,22.5,Hydro,Agência Nacional de Energia Elétrica (Brazil),75.49
Brazil,180.0,Hydro,Agência Nacional de Energia Elétrica (Brazil),606.58
Brazil,30.0,Hydro,Agência Nacional de Energia Elétrica (Brazil),90.54
Brazil,1216.0,Hydro,Agência Nacional de Energia Elétrica (Brazil),5113.99
Brazil,9.8,Hydro,Agência Nacional de Energia Elétrica (Brazil),36.69
Brazil,6.0,Hydro,Agência Nacional de Energia Elétrica (Brazil),20.08
Brazil,1.44,Hydro,Agência Nacional de Energia Elétrica (Brazil),2.29
Brazil,12.06,Hydro,Agência Nacional de Energia Elétrica (Brazil),23.85
Brazil,1.5,Hydro,Agência Nacional de Energia Elétrica (Brazil),2.44
Brazil,29.3,Hydro,Agência Nacional de Energia Elétrica (Brazil),103.89
Brazil,28.05,Wind,Agência Nacional de Energia Elétrica (Brazil),83.11
Brazil,191.9,Hydro,Agência Nacional de Energia Elétrica (Brazil),817.99
Brazil,4.8,Hydro,Agência Nacional de Energia Elétrica (Brazil),15.33
Brazil,4.5,Hydro,Agência Nacional de Energia Elétrica (Brazil),9.25
Brazil,1.0,Hydro,Agência Nacional de Energia Elétrica (Brazil),2.29
Brazil,11.36,Hydro,Agência Nacional de Energia Elétrica (Brazil),30.94
Brazil,1.0,Hydro,Agência Nacional de Energia Elétrica (Brazil),3.74
Brazil,27.0,Hydro,Agência Nacional de Energia Elétrica (Brazil),71.01
Brazil,1676.0,Hydro,Agência Nacional de Energia Elétrica (Brazil),3842.52
Brazil,363.138,Hydro,Agência Nacional de Energia Elétrica (Brazil),1215.81
Brazil,1240.0,Hydro,Agência Nacional de Energia Elétrica (Brazil),6169.33
Brazil,1260.0,Hydro,Agência Nacional de Energia Elétrica (Brazil),6067.37
Brazil,260.0,Hydro,Agência Nacional de Energia Elétrica (Brazil),660.91
Brazil,4.95,Wind,Agência Nacional de Energia Elétrica (Brazil),13.01
Brazil,27.4,Hydro,Agência Nacional de Energia Elétrica (Brazil),97.58
Brazil,150.0,Solar,Wiki-Solar,355.24
Brazil,124.2,Hydro,Agência Nacional de Energia Elétrica (Brazil),443.88
Brazil,36.0,Hydro,Agência Nacional de Energia Elétrica (Brazil),119.24
Brazil,1.76,Hydro,Agência Nacional de Energia Elétrica (Brazil),5.58
Brazil,5.4,Hydro,Agência Nacional de Energia Elétrica (Brazil),16.14
Brazil,140.04,Hydro,Agência Nacional de Energia Elétrica (Brazil),425.23
Brazil,30.0,Solar,Wiki-Solar,75.6
Brazil,889.0,Hydro,Agência Nacional de Energia Elétrica (Brazil),2187.26
Brazil,1.44,Hydro,Agência Nacional de Energia Elétrica (Brazil),2.26
Brazil,80.0,Solar,Wiki-Solar,213.63
Brazil,21.0,Hydro,Agência Nacional de Energia Elétrica (Brazil),84.0
Brazil,131.49,Hydro,Agência Nacional de Energia Elétrica (Brazil),484.21
Brazil,210.0,Hydro,Agência Nacional de Energia Elétrica (Brazil),824.5
Brazil,3.6,Hydro,Agência Nacional de Energia Elétrica (Brazil),12.23
Brazil,1.0,Hydro,Agência Nacional de Energia Elétrica (Brazil),3.56
Brazil,20.16,Hydro,Agência Nacional de Energia Elétrica (Brazil),72.23
Brazil,3444.0,Hydro,Agência Nacional de Energia Elétrica (Brazil),6318.07
Brazil,3.8,Hydro,Agência Nacional de Energia Elétrica (Brazil),10.89
Brazil,187.169,Hydro,Agência Nacional de Energia Elétrica (Brazil),839.56
Brazil,12.5,Hydro,Agência Nacional de Energia Elétrica (Brazil),40.77
Brazil,19.998,Hydro,Agência Nacional de Energia Elétrica (Brazil),59.9
Brazil,28.0,Hydro,Agência Nacional de Energia Elétrica (Brazil),92.74
Brazil,6.0,Hydro,Agência Nacional de Energia Elétrica (Brazil),15.7
Brazil,20.6,Hydro,Agência Nacional de Energia Elétrica (Brazil),78.16
Brazil,399.0,Hydro,Agência Nacional de Energia Elétrica (Brazil),1101.86
Brazil,30.0,Hydro,Agência Nacional de Energia Elétrica (Brazil),92.13
Brazil,29.064,Hydro,Agência Nacional de Energia Elétrica (Brazil),74.18
Brazil,14.0,Hydro,Agência Nacional de Energia Elétrica (Brazil),39.44
Brazil,3.88,Hydro,Agência Nacional de Energia Elétrica (Brazil),12.81
Brazil,456.0,Hydro,Agência Nacional de Energia Elétrica (Brazil),1463.46
Brazil,500.4,Hydro,Agência Nacional de Energia Elétrica (Brazil),1427.2
Brazil,156.0,Hydro,Agência Nacional de Energia Elétrica (Brazil),489.46
Brazil,4.04,Hydro,Agência Nacional de Energia Elétrica (Brazil),13.01
Brazil,2080.5,Hydro,Agência Nacional de Energia Elétrica (Brazil),8997.59
Brazil,56.17,Hydro,Agência Nacional de Energia Elétrica (Brazil),171.87
Brazil,52.0,Hydro,Agência Nacional de Energia Elétrica (Brazil),181.64
Brazil,210.0,Solar,Wiki-Solar,556.97
Brazil,1450.0,Hydro,Agência Nacional de Energia Elétrica (Brazil),5859.3
Brazil,24.4,Hydro,Agência Nacional de Energia Elétrica (Brazil),94.78
Brazil,12.48,Hydro,Agência Nacional de Energia Elétrica (Brazil),47.42
Brazil,2.0,Hydro,Agência Nacional de Energia Elétrica (Brazil),4.04
Brazil,180.0,Hydro,Agência Nacional de Energia Elétrica (Brazil),587.56
Brazil,424.0,Hydro,Agência Nacional de Energia Elétrica (Brazil),1538.07
Brazil,27.6,Hydro,Agência Nacional de Energia Elétrica (Brazil),87.89
Brazil,11.8,Hydro,Agência Nacional de Energia Elétrica (Brazil),36.66
Brazil,20.0,Hydro,Agência Nacional de Energia Elétrica (Brazil),83.99
Brazil,28.0,Hydro,Agência Nacional de Energia Elétrica (Brazil),93.99
Brazil,30.0,Hydro,Agência Nacional de Energia Elétrica (Brazil),78.9
Brazil,121.5,Hydro,Agência Nacional de Energia Elétrica (Brazil),370.7
Brazil,1.55,Hydro,Agência Nacional de Energia Elétrica (Brazil),5.04
Brazil,14.335,Hydro,Agência Nacional de Energia Elétrica (Brazil),46.05
Brazil,3.5,Hydro,Agência Nacional de Energia Elétrica (Brazil),10.99
Brazil,18.99,Hydro,Agência Nacional de Energia Elétrica (Brazil),73.14
Brazil,22.02,Hydro,Agência Nacional de Energia Elétrica (Brazil),50.63
Brazil,1.0,Hydro,Agência Nacional de Energia Elétrica (Brazil),3.58
Brazil,1.548,Hydro,Agência Nacional de Energia Elétrica (Brazil),4.82
Brazil,42.0,Hydro,Agência Nacional de Energia Elétrica (Brazil),149.88
Brazil,4.84,Hydro,Agência Nacional de Energia Elétrica (Brazil),9.16
Brazil,3.4,Hydro,Agência Nacional de Energia Elétrica (Brazil),6.45
Brazil,1551.2,Hydro,Agência Nacional de Energia Elétrica (Brazil),4852.54
Brazil,100.956,Hydro,Agência Nacional de Energia Elétrica (Brazil),350.97
Brazil,7.2,Hydro,Agência Nacional de Energia Elétrica (Brazil),23.22
Brazil,2.648,Hydro,Agência Nacional de Energia Elétrica (Brazil),11.97
Brazil,1.776,Hydro,Agência Nacional de Energia Elétrica (Brazil),3.63
Brazil,3.992,Hydro,Agência Nacional de Energia Elétrica (Brazil),12.78
Brazil,25.6,Hydro,Agência Nacional de Energia Elétrica (Brazil),85.9
Brazil,3.23,Wind,Agência Nacional de Energia Elétrica (Brazil),10.55
Brazil,8.838,Hydro,Agência Nacional de Energia Elétrica (Brazil),26.51
Brazil,1.0,Hydro,Agência Nacional de Energia Elétrica (Brazil),3.3
Brazil,2.07,Hydro,Agência Nacional de Energia Elétrica (Brazil),6.19
Brazil,1.0008,Hydro,Agência Nacional de Energia Elétrica (Brazil),1.67
Brazil,30.0,Hydro,Agência Nacional de Energia Elétrica (Brazil),104.66
Brazil,1.68,Hydro,Agência Nacional de Energia Elétrica (Brazil),5.45
Brazil,1.26,Hydro,Agência Nacional de Energia Elétrica (Brazil),2.05
Brazil,32.0,Hydro,Agência Nacional de Energia Elétrica (Brazil),107.83
Brazil,1.0,Hydro,Agência Nacional de Energia Elétrica (Brazil),3.29
Brazil,30.0,Hydro,Agência Nacional de Energia Elétrica (Brazil),99.62
Brazil,1.62,Hydro,Agência Nacional de Energia Elétrica (Brazil),5.4
Brazil,5.751,Hydro,Agência Nacional de Energia Elétrica (Brazil),12.09
Brazil,1479.6,Hydro,Agência Nacional de Energia Elétrica (Brazil),5555.74
Brazil,2.88,Hydro,Agência Nacional de Energia Elétrica (Brazil),8.36
Brazil,902.5,Hydro,Agência Nacional de Energia Elétrica (Brazil),4519.23
Brazil,2.5,Hydro,Agência Nacional de Energia Elétrica (Brazil),8.68
Brazil,21.0,Hydro,Agência Nacional de Energia Elétrica (Brazil),61.34
Brazil,2.363,Hydro,Agência Nacional de Energia Elétrica (Brazil),7.58
Brazil,35.07,Wind,Agência Nacional de Energia Elétrica (Brazil),114.26
Brazil,1140.0,Hydro,Agência Nacional de Energia Elétrica (Brazil),5136.28
Brazil,1.72,Hydro,Agência Nacional de Energia Elétrica (Brazil),3.33
Brazil,2.88,Hydro,Agência Nacional de Energia Elétrica (Brazil),7.18
Brazil,4.0,Hydro,Agência Nacional de Energia Elétrica (Brazil),15.6
Brazil,19.0,Hydro,Agência Nacional de Energia Elétrica (Brazil),61.95
Brazil,12.0,Hydro,Agência Nacional de Energia Elétrica (Brazil),18.19
Brazil,26.0,Wind,Agência Nacional de Energia Elétrica (Brazil),109.82
Brazil,210.9,Hydro,Agência Nacional de Energia Elétrica (Brazil),677.53
Brazil,10.5,Hydro,Agência Nacional de Energia Elétrica (Brazil),32.53
Brazil,16.55,Hydro,Agência Nacional de Energia Elétrica (Brazil),40.19
Brazil,492.1,Hydro,Agência Nacional de Energia Elétrica (Brazil),2015.07
Brazil,1440.0,Hydro,Agência Nacional de Energia Elétrica (Brazil),5295.42
Brazil,1.71,Hydro,Agência Nacional de Energia Elétrica (Brazil),4.71
Brazil,1.84,Hydro,Agência Nacional de Energia Elétrica (Brazil),3.76
Brazil,189.0,Hydro,Agência Nacional de Energia Elétrica (Brazil),849.99
Brazil,2.88,Hydro,Agência Nacional de Energia Elétrica (Brazil),9.17
Brazil,24.0,Hydro,Agência Nacional de Energia Elétrica (Brazil),81.81
Brazil,1.0,Hydro,Agência Nacional de Energia Elétrica (Brazil),3.33
Brazil,9.54,Hydro,Agência Nacional de Energia Elétrica (Brazil),20.67
Brazil,2.0,Hydro,Agência Nacional de Energia Elétrica (Brazil),4.2
Brazil,14.4,Wind,Agência Nacional de Energia Elétrica (Brazil),60.48
Brazil,10.2,Wind,Agência Nacional de Energia Elétrica (Brazil),29.52
Brazil,1.26,Hydro,Agência Nacional de Energia Elétrica (Brazil),4.31
Brazil,408.0,Hydro,Agência Nacional de Energia Elétrica (Brazil),1342.11
Brazil,1.94,Hydro,Agência Nacional de Energia Elétrica (Brazil),4.13
Brazil,7.2,Hydro,Agência Nacional de Energia Elétrica (Brazil),22.28
Brazil,3.7,Hydro,Agência Nacional de Energia Elétrica (Brazil),11.48
Brazil,13.7,Hydro,Agência Nacional de Energia Elétrica (Brazil),44.56
Brazil,74.0,Hydro,Agência Nacional de Energia Elétrica (Brazil),248.21
Brazil,7.36,Hydro,Agência Nacional de Energia Elétrica (Brazil),26.83
Brazil,4.8,Hydro,Agência Nacional de Energia Elétrica (Brazil),15.45
Brazil,130.0,Hydro,Agência Nacional de Energia Elétrica (Brazil),452.66
Brazil,25.0,Hydro,Agência Nacional de Energia Elétrica (Brazil),95.64
Brazil,2.25,Hydro,Agência Nacional de Energia Elétrica (Brazil),4.79
Brazil,30.0,Hydro,Agência Nacional de Energia Elétrica (Brazil),113.8
Brazil,19.1,Hydro,Agência Nacional de Energia Elétrica (Brazil),49.95
Brazil,25.0,Hydro,Agência Nacional de Energia Elétrica (Brazil),73.75
Brazil,378.42,Hydro,Agência Nacional de Energia Elétrica (Brazil),862.81
Brazil,1.0,Hydro,Agência Nacional de Energia Elétrica (Brazil),3.37
Brazil,21.0,Hydro,Agência Nacional de Energia Elétrica (Brazil),71.86
Brazil,347.4,Hydro,Agência Nacional de Energia Elétrica (Brazil),1517.7
Brazil,4.1,Hydro,Agência Nacional de Energia Elétrica (Brazil),13.39
Brazil,29.232,Hydro,Agência Nacional de Energia Elétrica (Brazil),102.8
Brazil,14.0,Hydro,Agência Nacional de Energia Elétrica (Brazil),55.82
Brazil,210.0,Solar,Wiki-Solar,559.6
Brazil,510.0,Hydro,Agência Nacional de Energia Elétrica (Brazil),1709.24
Brazil,2.99999,Hydro,Agência Nacional de Energia Elétrica (Brazil),9.76
Brazil,23.0,Hydro,Agência Nacional de Energia Elétrica (Brazil),74.71
Brazil,30.06,Wind,Agência Nacional de Energia Elétrica (Brazil),97.93
Brazil,2.88,Hydro,Agência Nacional de Energia Elétrica (Brazil),5.68
Brazil,26.0,Hydro,Agência Nacional de Energia Elétrica (Brazil),86.68
Brazil,22.7,Hydro,Agência Nacional de Energia Elétrica (Brazil),64.32
Brazil,27.6,Wind,Agência Nacional de Energia Elétrica (Brazil),97.79
Brazil,44.4,Hydro,Agência Nacional de Energia Elétrica (Brazil),201.71
Brazil,2.0,Hydro,Agência Nacional de Energia Elétrica (Brazil),6.97
Brazil,7.8,Hydro,Agência Nacional de Energia Elétrica (Brazil),20.8
Brazil,1.92,Hydro,Agência Nacional de Energia Elétrica (Brazil),3.87
Brazil,23.0,Hydro,Agência Nacional de Energia Elétrica (Brazil),80.02
Brazil,1.2,Hydro,Agência Nacional de Energia Elétrica (Brazil),1.95
Brazil,20.0,Hydro,Agência Nacional de Energia Elétrica (Brazil),72.49
Brazil,24.165,Hydro,Agência Nacional de Energia Elétrica (Brazil),60.35
Brazil,1.84,Hydro,Agência Nacional de Energia Elétrica (Brazil),3.77
Brazil,24.602,Hydro,Agência Nacional de Energia Elétrica (Brazil),90.62
Brazil,16.5,Hydro,Agência Nacional de Energia Elétrica (Brazil),54.91
Brazil,27.99,Hydro,Agência Nacional de Energia Elétrica (Brazil),99.68
Brazil,4.2,Hydro,Agência Nacional de Energia Elétrica (Brazil),13.6
Brazil,25.0,Hydro,Agência Nacional de Energia Elétrica (Brazil),65.62
Brazil,120.0,Solar,Wiki-Solar,313.53
Brazil,87.02,Hydro,Agência Nacional de Energia Elétrica (Brazil),247.25
Brazil,31.5,Hydro,Agência Nacional de Energia Elétrica (Brazil),109.27
Brazil,29.02,Hydro,Agência Nacional de Energia Elétrica (Brazil),94.57
Brazil,21.6,Hydro,Agência Nacional de Energia Elétrica (Brazil),55.74
Brazil,4.28,Hydro,Agência Nacional de Energia Elétrica (Brazil),11.21
Brazil,1.25,Hydro,Agência Nacional de Energia Elétrica (Brazil),3.52
Brazil,10.0,Hydro,Agência Nacional de Energia Elétrica (Brazil),22.39
Brazil,15.4,Hydro,Agência Nacional de Energia Elétrica (Brazil),57.88
Brazil,19.8,Wind,Agência Nacional de Energia Elétrica (Brazil),83.5
Brazil,70.0,Wind,Agência Nacional de Energia Elétrica (Brazil),239.47
Brazil,50.0,Wind,Agência Nacional de Energia Elétrica (Brazil),131.7
Brazil,25.6,Wind,Agência Nacional de Energia Elétrica (Brazil),88.51
Brazil,9.2,Wind,Agência Nacional de Energia Elétrica (Brazil),25.55
Brazil,4.8,Wind,Agência Nacional de Energia Elétrica (Brazil),8.19
Brazil,50.0,Wind,Agência Nacional de Energia Elétrica (Brazil),129.59
Brazil,226.0,Hydro,Agência Nacional de Energia Elétrica (Brazil),666.63
Brazil,158.0,Hydro,Agência Nacional de Energia Elétrica (Brazil),512.14
Brazil,77.0,Hydro,Agência Nacional de Energia Elétrica (Brazil),255.89
Brazil,3.2,Hydro,Agência Nacional de Energia Elétrica (Brazil),12.18
Brazil,1.332,Hydro,Agência Nacional de Energia Elétrica (Brazil),4.01
Brazil,30.0,Hydro,Agência Nacional de Energia Elétrica (Brazil),100.16
Brazil,1.224,Hydro,Agência Nacional de Energia Elétrica (Brazil),1.88
Brazil,180.001,Hydro,Agência Nacional de Energia Elétrica (Brazil),777.17
Brazil,443.0,Hydro,Agência Nacional de Energia Elétrica (Brazil),1769.0
Brazil,794.2,Hydro,Agência Nacional de Energia Elétrica (Brazil),3165.97
Brazil,2462.4,Hydro,Agência Nacional de Energia Elétrica (Brazil),9246.05
Brazil,1.0,Hydro,Agência Nacional de Energia Elétrica (Brazil),3.05
Brazil,20.007,Hydro,Agência Nacional de Energia Elétrica (Brazil),58.32
Brazil,6.5,Hydro,Agência Nacional de Energia Elétrica (Brazil),14.37
Brazil,162.0,Hydro,Agência Nacional de Energia Elétrica (Brazil),384.22
Brazil,19.0,Hydro,Agência Nacional de Energia Elétrica (Brazil),49.91
Brazil,18.0,Wind,Agência Nacional de Energia Elétrica (Brazil),56.65
Brazil,16.04,Hydro,Agência Nacional de Energia Elétrica (Brazil),35.09
Brazil,8.86,Hydro,Agência Nacional de Energia Elétrica (Brazil),23.63
Brazil,1.0,Hydro,Agência Nacional de Energia Elétrica (Brazil),2.56
Brazil,498.75,Hydro,Agência Nacional de Energia Elétrica (Brazil),2042.12
Brazil,6.0,Hydro,Agência Nacional de Energia Elétrica (Brazil),11.73
Brazil,99.11,Hydro,Agência Nacional de Energia Elétrica (Brazil),260.27
Brazil,30.0,Hydro,Agência Nacional de Energia Elétrica (Brazil),107.04
Brazil,12.44,Hydro,Agência Nacional de Energia Elétrica (Brazil),40.52
Brazil,9.4,Hydro,Agência Nacional de Energia Elétrica (Brazil),30.86
Brazil,19.0,Hydro,Agência Nacional de Energia Elétrica (Brazil),66.57
Brazil,9.0,Hydro,Agência Nacional de Energia Elétrica (Brazil),23.79
Brazil,50.0,Hydro,Agência Nacional de Energia Elétrica (Brazil),166.21
Brazil,1.4014,Hydro,Agência Nacional de Energia Elétrica (Brazil),2.09
Brazil,21.69,Hydro,Agência Nacional de Energia Elétrica (Brazil),45.67
Brazil,1.3,Hydro,Agência Nacional de Energia Elétrica (Brazil),4.23
Brazil,6.8,Hydro,Agência Nacional de Energia Elétrica (Brazil),18.97
Brazil,1.279,Hydro,Agência Nacional de Energia Elétrica (Brazil),3.81
Brazil,20.0,Hydro,Agência Nacional de Energia Elétrica (Brazil),68.18
Brazil,1.12,Hydro,Agência Nacional de Energia Elétrica (Brazil),2.12
Brazil,81.0,Hydro,Agência Nacional de Energia Elétrica (Brazil),281.59
Brazil,18.05,Hydro,Agência Nacional de Energia Elétrica (Brazil),56.23
Brazil,20.0,Hydro,Agência Nacional de Energia Elétrica (Brazil),59.4
Brazil,25.024,Hydro,Agência Nacional de Energia Elétrica (Brazil),95.99
Brazil,150.0,Solar,Wiki-Solar,379.44
Brazil,115.0,Solar,Wiki-Solar,298.56
Brazil,72.0,Solar,Wiki-Solar,187.39
Brazil,4.95,Wind,Agência Nacional de Energia Elétrica (Brazil),14.99
Brazil,24.96,Hydro,Agência Nacional de Energia Elétrica (Brazil),103.05
Brazil,4.0,Hydro,Agência Nacional de Energia Elétrica (Brazil),19.64
Brazil,17.0,Hydro,Agência Nacional de Energia Elétrica (Brazil),38.42
Brazil,16.0,Hydro,Agência Nacional de Energia Elétrica (Brazil),52.66
Brazil,13.774,Hydro,Agência Nacional de Energia Elétrica (Brazil),41.26
Brazil,13.0,Hydro,Agência Nacional de Energia Elétrica (Brazil),27.73
Brazil,176.1,Hydro,Agência Nacional de Energia Elétrica (Brazil),570.57
Brazil,319.2,Hydro,Agência Nacional de Energia Elétrica (Brazil),1124.0
Brazil,112.0,Hydro,Agência Nacional de Energia Elétrica (Brazil),372.67
Brazil,30.0,Hydro,Agência Nacional de Energia Elétrica (Brazil),92.36
Brazil,24.8,Hydro,Agência Nacional de Energia Elétrica (Brazil),95.13
Brazil,1540.0,Hydro,Agência Nacional de Energia Elétrica (Brazil),7786.84
Brazil,28.4,Hydro,Agência Nacional de Energia Elétrica (Brazil),91.15
Brazil,28.03,Hydro,Agência Nacional de Energia Elétrica (Brazil),92.52
Brazil,1.2,Hydro,Agência Nacional de Energia Elétrica (Brazil),2.09
Brazil,9.16,Hydro,Agência Nacional de Energia Elétrica (Brazil),31.86
Brazil,105.0,Wind,Agência Nacional de Energia Elétrica (Brazil),386.87
Brazil,28.8,Wind,Agência Nacional de Energia Elétrica (Brazil),107.56
Brazil,1.76,Hydro,Agência Nacional de Energia Elétrica (Brazil),3.9
Brazil,8.0,Hydro,Agência Nacional de Energia Elétrica (Brazil),26.01
Brazil,8.12,Hydro,Agência Nacional de Energia Elétrica (Brazil),28.27
Brazil,24.743,Hydro,Agência Nacional de Energia Elétrica (Brazil),110.29
Brazil,264.0,Hydro,Agência Nacional de Energia Elétrica (Brazil),1153.35
Brazil,121.5,Hydro,Agência Nacional de Energia Elétrica (Brazil),366.32
Brazil,105.45,Hydro,Agência Nacional de Energia Elétrica (Brazil),351.18
Brazil,30.0,Hydro,Agência Nacional de Energia Elétrica (Brazil),98.89
Brazil,25.5,Wind,Agência Nacional de Energia Elétrica (Brazil),109.03
Brazil,2.836,Hydro,Agência Nacional de Energia Elétrica (Brazil),5.58
Brazil,49.3,Wind,Agência Nacional de Energia Elétrica (Brazil),178.2
Brazil,5.982,Hydro,Agência Nacional de Energia Elétrica (Brazil),19.47
Brazil,22.0,Hydro,Agência Nacional de Energia Elétrica (Brazil),84.72
Brazil,7.02,Hydro,Agência Nacional de Energia Elétrica (Brazil),22.18
Brazil,3.34,Hydro,Agência Nacional de Energia Elétrica (Brazil),8.85
Brazil,16.0,Hydro,Agência Nacional de Energia Elétrica (Brazil),53.24
Brazil,83.657,Hydro,Agência Nacional de Energia Elétrica (Brazil),269.62
Brazil,18.0,Hydro,Agência Nacional de Energia Elétrica (Brazil),53.92
Brazil,9.3,Hydro,Agência Nacional de Energia Elétrica (Brazil),30.57
Brazil,13.4,Hydro,Agência Nacional de Energia Elétrica (Brazil),29.24
Brazil,3.0,Hydro,Agência Nacional de Energia Elétrica (Brazil),10.02
Brazil,7.14,Hydro,Agência Nacional de Energia Elétrica (Brazil),26.9
Brazil,6.85,Hydro,Agência Nacional de Energia Elétrica (Brazil),18.63
Brazil,1.18,Hydro,Agência Nacional de Energia Elétrica (Brazil),4.43
Brazil,1.2,Hydro,Agência Nacional de Energia Elétrica (Brazil),4.5
Brazil,9.0,Hydro,Agência Nacional de Energia Elétrica (Brazil),30.83
Brazil,2.135,Hydro,Agência Nacional de Energia Elétrica (Brazil),4.44
Brazil,2.2,Hydro,Agência Nacional de Energia Elétrica (Brazil),4.33
Brazil,2.08,Hydro,Agência Nacional de Energia Elétrica (Brazil),4.09
Brazil,5.5,Hydro,Agência Nacional de Energia Elétrica (Brazil),20.6
Brazil,9.28,Hydro,Agência Nacional de Energia Elétrica (Brazil),28.44
Brazil,30.0,Wind,Agência Nacional de Energia Elétrica (Brazil),99.58
Brazil,18.06,Hydro,Agência Nacional de Energia Elétrica (Brazil),40.81
Brazil,1.0,Hydro,Agência Nacional de Energia Elétrica (Brazil),3.54
Brazil,5.67,Hydro,Agência Nacional de Energia Elétrica (Brazil),16.8
Brazil,1.72,Hydro,Agência Nacional de Energia Elétrica (Brazil),6.39
Brazil,8.0,Hydro,Agência Nacional de Energia Elétrica (Brazil),17.93
Brazil,140.0,Hydro,Agência Nacional de Energia Elétrica (Brazil),428.11
Brazil,14.68,Hydro,Agência Nacional de Energia Elétrica (Brazil),58.21
Brazil,9.6,Hydro,Agência Nacional de Energia Elétrica (Brazil),38.17
Brazil,13.0,Hydro,Agência Nacional de Energia Elétrica (Brazil),54.04
Brazil,73.5,Hydro,Agência Nacional de Energia Elétrica (Brazil),337.24
Brazil,26.6,Hydro,Agência Nacional de Energia Elétrica (Brazil),86.03
Brazil,55.0,Hydro,Agência Nacional de Energia Elétrica (Brazil),153.89
Brazil,354.0,Hydro,Agência Nacional de Energia Elétrica (Brazil),1521.07
Brazil,16.0,Hydro,Agência Nacional de Energia Elétrica (Brazil),59.2
Brazil,30.0,Hydro,Agência Nacional de Energia Elétrica (Brazil),76.57
Brazil,5.28,Hydro,Agência Nacional de Energia Elétrica (Brazil),16.7
Brazil,116.0,Hydro,Agência Nacional de Energia Elétrica (Brazil),385.35
Brazil,19.0,Hydro,Agência Nacional de Energia Elétrica (Brazil),64.0
Brazil,4.24,Hydro,Agência Nacional de Energia Elétrica (Brazil),8.27
Brazil,45.0,Hydro,Agência Nacional de Energia Elétrica (Brazil),172.79
Brazil,4.2,Hydro,Agência Nacional de Energia Elétrica (Brazil),11.46
Brazil,4.0,Hydro,Agência Nacional de Energia Elétrica (Brazil),12.81
Brazil,10.0,Hydro,Agência Nacional de Energia Elétrica (Brazil),32.27
Brazil,27.0,Hydro,Agência Nacional de Energia Elétrica (Brazil),71.45
Brazil,37.042,Hydro,Agência Nacional de Energia Elétrica (Brazil),136.21
Brazil,30.0,Hydro,Agência Nacional de Energia Elétrica (Brazil),84.16
Brazil,1.88,Hydro,Agência Nacional de Energia Elétrica (Brazil),3.85
Brazil,2.89,Hydro,Agência Nacional de Energia Elétrica (Brazil),5.7
Brazil,2.23,Hydro,Agência Nacional de Energia Elétrica (Brazil),7.23
Brazil,6.124,Hydro,Agência Nacional de Energia Elétrica (Brazil),19.35
Brazil,4.55,Hydro,Agência Nacional de Energia Elétrica (Brazil),15.56
Brazil,102.0,Hydro,Agência Nacional de Energia Elétrica (Brazil),345.48
Brazil,73.8,Hydro,Agência Nacional de Energia Elétrica (Brazil),333.34
Brazil,20.0,Hydro,Agência Nacional de Energia Elétrica (Brazil),72.26
Brazil,2.394,Hydro,Agência Nacional de Energia Elétrica (Brazil),6.34
Brazil,15.16,Hydro,Agência Nacional de Energia Elétrica (Brazil),49.15
Brazil,1078.0,Hydro,Agência Nacional de Energia Elétrica (Brazil),4587.06
Brazil,191.89,Hydro,Agência Nacional de Energia Elétrica (Brazil),662.26
Brazil,2.4,Hydro,Agência Nacional de Energia Elétrica (Brazil),8.94
Brazil,1420.0,Hydro,Agência Nacional de Energia Elétrica (Brazil),6178.62
Brazil,3.65,Hydro,Agência Nacional de Energia Elétrica (Brazil),14.33
Brazil,20.0,Hydro,Agência Nacional de Energia Elétrica (Brazil),69.38
Brazil,8.2,Hydro,Agência Nacional de Energia Elétrica (Brazil),30.78
Brazil,6.7,Hydro,Agência Nacional de Energia Elétrica (Brazil),20.84
Brazil,36.87,Hydro,Agência Nacional de Energia Elétrica (Brazil),71.24
Brazil,1.19,Hydro,Agência Nacional de Energia Elétrica (Brazil),4.48
Brazil,2.46,Hydro,Agência Nacional de Energia Elétrica (Brazil),8.27
Brazil,1.8,Hydro,Agência Nacional de Energia Elétrica (Brazil),6.66
Brazil,93.0,Hydro,Agência Nacional de Energia Elétrica (Brazil),308.38
Brazil,216.75,Hydro,Agência Nacional de Energia Elétrica (Brazil),970.68
Brazil,29.9,Wind,Agência Nacional de Energia Elétrica (Brazil),107.2
Brazil,27.6,Wind,Agência Nacional de Energia Elétrica (Brazil),98.96
Brazil,1.0,Hydro,Agência Nacional de Energia Elétrica (Brazil),2.45
Brazil,6.304,Hydro,Agência Nacional de Energia Elétrica (Brazil),20.63
Brazil,56.05,Hydro,Agência Nacional de Energia Elétrica (Brazil),185.64
Brazil,1.1,Hydro,Agência Nacional de Energia Elétrica (Brazil),3.66
Brazil,10.5,Hydro,Agência Nacional de Energia Elétrica (Brazil),32.76
Brazil,1.75,Hydro,Agência Nacional de Energia Elétrica (Brazil),3.72
Brazil,60.0,Hydro,Agência Nacional de Energia Elétrica (Brazil),207.23
Brazil,3.6,Hydro,Agência Nacional de Energia Elétrica (Brazil),14.14
Brazil,1.4,Hydro,Agência Nacional de Energia Elétrica (Brazil),2.1
Brazil,3.97,Hydro,Agência Nacional de Energia Elétrica (Brazil),12.38
Brazil,17.01,Hydro,Agência Nacional de Energia Elétrica (Brazil),62.64
Brazil,13.0,Hydro,Agência Nacional de Energia Elétrica (Brazil),14.94
Brazil,11.6,Hydro,Agência Nacional de Energia Elétrica (Brazil),13.55
Brazil,30.0,Hydro,Agência Nacional de Energia Elétrica (Brazil),104.81
Brazil,24.0,Hydro,Agência Nacional de Energia Elétrica (Brazil),90.01
Brazil,5.335,Hydro,Agência Nacional de Energia Elétrica (Brazil),9.64
Brazil,15.0,Hydro,Agência Nacional de Energia Elétrica (Brazil),57.77
Brazil,28.5,Hydro,Agência Nacional de Energia Elétrica (Brazil),94.64
Brazil,3.0,Hydro,Agência Nacional de Energia Elétrica (Brazil),6.01
Brazil,5.0,Hydro,Agência Nacional de Energia Elétrica (Brazil),17.6
Brazil,7.6,Hydro,Agência Nacional de Energia Elétrica (Brazil),26.51
Brazil,3.47,Hydro,Agência Nacional de Energia Elétrica (Brazil),6.59
Brazil,4.95,Wind,Agência Nacional de Energia Elétrica (Brazil),12.87
Brazil,6.5,Hydro,Agência Nacional de Energia Elétrica (Brazil),12.75
Brazil,1.4,Hydro,WRI,3.96
Brazil,30.0,Hydro,Agência Nacional de Energia Elétrica (Brazil),81.97
Brazil,1.0,Hydro,Agência Nacional de Energia Elétrica (Brazil),3.46
Brazil,4.32,Hydro,Agência Nacional de Energia Elétrica (Brazil),14.11
Brazil,14.758,Hydro,Agência Nacional de Energia Elétrica (Brazil),32.54
Brazil,3.0,Wind,Agência Nacional de Energia Elétrica (Brazil),7.4
Brazil,4.5,Hydro,Agência Nacional de Energia Elétrica (Brazil),12.07
Brazil,8.0,Hydro,Agência Nacional de Energia Elétrica (Brazil),20.53
Brazil,30.0,Hydro,Agência Nacional de Energia Elétrica (Brazil),100.83
Brazil,373.4,Hydro,Agência Nacional de Energia Elétrica (Brazil),1635.67
Brazil,16.0,Hydro,Agência Nacional de Energia Elétrica (Brazil),58.25
Brazil,26.118,Hydro,Agência Nacional de Energia Elétrica (Brazil),87.66
Brazil,6.3,Hydro,Agência Nacional de Energia Elétrica (Brazil),21.84
Brazil,1275.0,Hydro,Agência Nacional de Energia Elétrica (Brazil),5757.69
Brazil,30.0,Hydro,Agência Nacional de Energia Elétrica (Brazil),37.26
Brazil,212.58,Hydro,Agência Nacional de Energia Elétrica (Brazil),702.62
Brazil,25.0,Hydro,Agência Nacional de Energia Elétrica (Brazil),88.98
Brazil,29.0,Hydro,Agência Nacional de Energia Elétrica (Brazil),96.83
Brazil,24.0,Hydro,Agência Nacional de Energia Elétrica (Brazil),80.22
Brazil,22.0,Hydro,Agência Nacional de Energia Elétrica (Brazil),62.98
Brazil,305.7,Hydro,Agência Nacional de Energia Elétrica (Brazil),514.9
Brazil,1050.3,Hydro,Agência Nacional de Energia Elétrica (Brazil),4151.22
Brazil,4.82,Hydro,Agência Nacional de Energia Elétrica (Brazil),9.08
Brazil,60.0,Hydro,Agência Nacional de Energia Elétrica (Brazil),198.49
Brazil,1.012,Hydro,Agência Nacional de Energia Elétrica (Brazil),1.69
Brazil,4.5,Hydro,Agência Nacional de Energia Elétrica (Brazil),8.47
Brazil,34.515,Hydro,Agência Nacional de Energia Elétrica (Brazil),101.2
Brazil,78.0,Hydro,Agência Nacional de Energia Elétrica (Brazil),254.43
Brazil,6.82,Hydro,Agência Nacional de Energia Elétrica (Brazil),13.37
Brazil,15.0,Hydro,Agência Nacional de Energia Elétrica (Brazil),48.79
Brazil,14.336,Hydro,Agência Nacional de Energia Elétrica (Brazil),32.4
Brazil,48.0,Hydro,Agência Nacional de Energia Elétrica (Brazil),181.09
Brazil,2.4,Hydro,Agência Nacional de Energia Elétrica (Brazil),8.75
Brazil,24.3,Hydro,Agência Nacional de Energia Elétrica (Brazil),64.35
Brazil,14.0,Hydro,Agência Nacional de Energia Elétrica (Brazil),41.66
Brazil,11.0,Hydro,Agência Nacional de Energia Elétrica (Brazil),36.55
Brazil,8.05,Hydro,Agência Nacional de Energia Elétrica (Brazil),26.03
Brazil,3.0,Hydro,Agência Nacional de Energia Elétrica (Brazil),7.36
Brazil,21.0,Hydro,Agência Nacional de Energia Elétrica (Brazil),62.77
Brazil,8.7,Hydro,Agência Nacional de Energia Elétrica (Brazil),31.13
Brazil,4.0,Hydro,Agência Nacional de Energia Elétrica (Brazil),10.02
Brazil,51.0,Hydro,Agência Nacional de Energia Elétrica (Brazil),169.48
Brazil,3.2,Hydro,Agência Nacional de Energia Elétrica (Brazil),10.18
Brazil,25.0,Hydro,Agência Nacional de Energia Elétrica (Brazil),63.4
Brazil,29.1,Hydro,Agência Nacional de Energia Elétrica (Brazil),108.24
Brazil,2.5,Hydro,Agência Nacional de Energia Elétrica (Brazil),6.53
Brazil,16.0,Hydro,Agência Nacional de Energia Elétrica (Brazil),57.5
Brazil,1.5,Hydro,Agência Nacional de Energia Elétrica (Brazil),3.98
Brazil,59.7,Solar,Wiki-Solar,158.76
Brazil,30.0,Hydro,Agência Nacional de Energia Elétrica (Brazil),88.07
Brazil,243.2,Hydro,Agência Nacional de Energia Elétrica (Brazil),1081.58
Brazil,3.699,Hydro,Agência Nacional de Energia Elétrica (Brazil),12.47
Brazil,9.9,Hydro,Agência Nacional de Energia Elétrica (Brazil),21.45
Brazil,13.2,Hydro,Agência Nacional de Energia Elétrica (Brazil),34.32
Brazil,27.42,Hydro,Agência Nacional de Energia Elétrica (Brazil),77.24
Brazil,1710.0,Hydro,Agência Nacional de Energia Elétrica (Brazil),7682.87
Brazil,18.0,Hydro,Agência Nacional de Energia Elétrica (Brazil),57.93
Brazil,2.448,Hydro,Agência Nacional de Energia Elétrica (Brazil),8.34
Brazil,1.45,Hydro,Agência Nacional de Energia Elétrica (Brazil),2.16
Brazil,25.0,Hydro,Agência Nacional de Energia Elétrica (Brazil),86.21
Brazil,91.0,Solar,Wiki-Solar,242.27
Brazil,1.75,Hydro,Agência Nacional de Energia Elétrica (Brazil),3.95
Brazil,8.806,Hydro,Agência Nacional de Energia Elétrica (Brazil),28.82
Brazil,29.328,Hydro,Agência Nacional de Energia Elétrica (Brazil),93.89
Brazil,1.082,Solar,Agência Nacional de Energia Elétrica (Brazil),1.92
Brazil,525.0,Hydro,Agência Nacional de Energia Elétrica (Brazil),2219.77
Brazil,1.0,Solar,Agência Nacional de Energia Elétrica (Brazil),1.89
Brazil,16.5,Wind,Agência Nacional de Energia Elétrica (Brazil),51.95
Brazil,30.0,Hydro,Agência Nacional de Energia Elétrica (Brazil),106.98
Brazil,1819.8,Hydro,Agência Nacional de Energia Elétrica (Brazil),10539.69
Brazil,9.0,Hydro,Agência Nacional de Energia Elétrica (Brazil),19.5
Brazil,11.8403,Hydro,Agência Nacional de Energia Elétrica (Brazil),28.98
Brazil,2.88,Hydro,Agência Nacional de Energia Elétrica (Brazil),9.81
Brazil,1.268,Hydro,Agência Nacional de Energia Elétrica (Brazil),4.8
Brazil,811.45,Hydro,Agência Nacional de Energia Elétrica (Brazil),3539.44
Brazil,396.0,Hydro,Agência Nacional de Energia Elétrica (Brazil),1503.7
Brazil,8535.0,Hydro,Agência Nacional de Energia Elétrica (Brazil),24669.32
Brazil,2.4,Hydro,Agência Nacional de Energia Elétrica (Brazil),4.72
Brazil,15.93,Hydro,Agência Nacional de Energia Elétrica (Brazil),40.37
Brazil,26.0,Hydro,Agência Nacional de Energia Elétrica (Brazil),86.95
Brazil,90.0,Solar,Wiki-Solar,232.76
Brazil,15.1,Solar,Wiki-Solar,39.67
Brazil,25.0,Hydro,Agência Nacional de Energia Elétrica (Brazil),100.3
Brazil,5.28,Hydro,Agência Nacional de Energia Elétrica (Brazil),16.32
Brazil,4.5,Wind,Agência Nacional de Energia Elétrica (Brazil),16.4
Brazil,4.5,Hydro,Agência Nacional de Energia Elétrica (Brazil),10.64
Brazil,3.13,Hydro,Agência Nacional de Energia Elétrica (Brazil),10.41
Brazil,380.0,Hydro,Agência Nacional de Energia Elétrica (Brazil),1177.41
Brazil,42.0,Wind,Agência Nacional de Energia Elétrica (Brazil),162.84
Brazil,7.5,Hydro,Agência Nacional de Energia Elétrica (Brazil),20.19
Brazil,15.782,Hydro,Agência Nacional de Energia Elétrica (Brazil),42.2
Brazil,1.4,Hydro,Agência Nacional de Energia Elétrica (Brazil),4.62
Brazil,4.95,Wind,Agência Nacional de Energia Elétrica (Brazil),12.91
Brazil,6.075,Hydro,Agência Nacional de Energia Elétrica (Brazil),20.41
Brazil,6.0,Hydro,Agência Nacional de Energia Elétrica (Brazil),13.9
Brazil,1.808,Hydro,Agência Nacional de Energia Elétrica (Brazil),3.84
Brazil,3162.0,Hydro,Agência Nacional de Energia Elétrica (Brazil),11872.97
Brazil,8.0,Hydro,Agência Nacional de Energia Elétrica (Brazil),30.2
Brazil,14.0,Hydro,Agência Nacional de Energia Elétrica (Brazil),46.31
Brazil,1396.2,Hydro,Agência Nacional de Energia Elétrica (Brazil),5134.35
Brazil,3.6,Hydro,Agência Nacional de Energia Elétrica (Brazil),14.3
Brazil,2.9,Hydro,Agência Nacional de Energia Elétrica (Brazil),8.93
Bulgaria,10.0,Solar,Wiki-Solar,15.72
Bulgaria,29.3,Solar,Wiki-Solar,44.15
Bulgaria,4.0,Solar,Wiki-Solar,5.98
Bulgaria,4.8,Solar,Wiki-Solar,8.16
Bulgaria,11.0,Solar,Wiki-Solar,17.44
Bulgaria,4.5,Solar,Wiki-Solar,6.56
Bulgaria,114.0,Hydro,WRI,227.91
Bulgaria,110.0,Hydro,WRI,190.88
Bulgaria,3.9,Solar,Wiki-Solar,6.16
Bulgaria,50.0,Solar,Wiki-Solar,77.29
Bulgaria,4.9,Solar,Wiki-Solar,7.26
Bulgaria,5.9,Solar,Wiki-Solar,9.97
Bulgaria,11.0,Solar,Wiki-Solar,18.38
Bulgaria,120.0,Hydro,WRI,220.05
Bulgaria,4.1,Solar,Wiki-Solar,6.31
Bulgaria,7.0,Solar,Wiki-Solar,11.98
Bulgaria,135.0,Hydro,WRI,246.94
Bulgaria,375.0,Hydro,WRI,632.62
Bulgaria,864.0,Hydro,WRI,1876.64
Bulgaria,5.0,Solar,Wiki-Solar,8.02
Bulgaria,50.6,Solar,Wiki-Solar,82.12
Bulgaria,240.0,Hydro,WRI,413.68
Bulgaria,5.0,Solar,Wiki-Solar,8.04
Bulgaria,10.0,Solar,Wiki-Solar,15.58
Bulgaria,3.9,Solar,Wiki-Solar,6.21
Bulgaria,18.0,Solar,Wiki-Solar,28.66
Bulgaria,5.0,Solar,Wiki-Solar,7.9
Bulgaria,10.0,Solar,Wiki-Solar,15.21
Bulgaria,5.1,Solar,Wiki-Solar,8.21
Bulgaria,16.2,Solar,Wiki-Solar,26.5
Burkina Faso,16.0,Hydro,Power Africa,42.8
Burkina Faso,19.9,Solar,Wiki-Solar,42.19
Burkina Faso,14.0,Hydro,Power Africa,38.52
Burkina Faso,33.0,Solar,Wiki-Solar,76.67
Burundi,20.0,Hydro,Power Africa,111.16
Burundi,10.4,Hydro,Power Africa,22.89
Burundi,7.6,Solar,Wiki-Solar,16.94
Burundi,19.17,Hydro,Power Africa,43.45
Cambodia,10.0,Solar,Wiki-Solar,16.97
Cambodia,3.0,Solar,Wiki-Solar,5.06
Cambodia,9.8,Solar,Wiki-Solar,16.45
Cambodia,193.0,Hydro,WRI,329.89
Cambodia,12.0,Hydro,WRI,24.5
Cambodia,338.0,Hydro,WRI,411.46
Cambodia,120.0,Hydro,WRI,187.25
Cambodia,246.0,Hydro,WRI,216.0
Cameroon,154.2,Hydro,Power Africa,794.79
Cameroon,80.0,Hydro,Power Africa,313.81
Cameroon,396.0,Hydro,Power Africa,1980.09
Canada,9.5,Solar,Natural Resources Canada,12.98
Canada,24.0,Hydro,Natural Resources Canada,75.54
Canada,349.0,Hydro,Natural Resources Canada,1405.59
Canada,2.1,Hydro,Natural Resources Canada,9.22
Canada,7.0,Hydro,Natural Resources Canada,31.53
Canada,10.0,Solar,Natural Resources Canada,13.76
Canada,45.0,Hydro,Natural Resources Canada,161.47
Canada,37.0,Hydro,Natural Resources Canada,117.47
Canada,10.0,Hydro,Natural Resources Canada,32.05
Canada,5.0,Solar,Natural Resources Canada,7.14
Canada,69.0,Hydro,Natural Resources Canada,335.3
Canada,10.0,Solar,Natural Resources Canada,14.68
Canada,5.0,Hydro,Natural Resources Canada,15.58
Canada,10.0,Solar,Natural Resources Canada,14.93
Canada,20.0,Solar,Natural Resources Canada,30.42
Canada,15.0,Solar,Natural Resources Canada,22.81
Canada,47.0,Hydro,Natural Resources Canada,173.45
Canada,1.4,Hydro,Natural Resources Canada,4.59
Canada,9.0,Solar,Natural Resources Canada,11.93
Canada,82.0,Hydro,Natural Resources Canada,386.5
Canada,23.4,Solar,Natural Resources Canada,34.8
Canada,185.0,Hydro,Natural Resources Canada,876.77
Canada,28.0,Hydro,Natural Resources Canada,93.3
Canada,49.9,Hydro,Natural Resources Canada,143.47
Canada,162.0,Hydro,Natural Resources Canada,511.5
Canada,2.0,Hydro,Natural Resources Canada,10.31
Canada,4.6,Hydro,Natural Resources Canada,8.71
Canada,3.5,Hydro,Natural Resources Canada,6.64
Canada,4.8,Hydro,Natural Resources Canada,18.89
Canada,1.0,Hydro,Natural Resources Canada,3.99
Canada,3.0,Solar,Natural Resources Canada,4.04
Canada,4.4,Hydro,Natural Resources Canada,10.08
Canada,10.6,Hydro,Natural Resources Canada,41.68
Canada,176.0,Hydro,Natural Resources Canada,708.93
Canada,13.0,Hydro,Natural Resources Canada,45.62
Canada,2.0,Solar,Natural Resources Canada,2.88
Canada,5.0,Hydro,Natural Resources Canada,27.21
Canada,604.0,Hydro,Natural Resources Canada,1438.4
Canada,10.0,Solar,Natural Resources Canada,13.22
Canada,17.0,Hydro,Natural Resources Canada,76.82
Canada,1877.0,Hydro,Natural Resources Canada,4968.38
Canada,270.0,Hydro,Natural Resources Canada,1005.69
Canada,112.0,Hydro,Natural Resources Canada,476.03
Canada,1.6,Hydro,Natural Resources Canada,5.13
Canada,1.0,Hydro,Natural Resources Canada,2.83
Canada,2.2,Hydro,Natural Resources Canada,9.34
Canada,10.0,Solar,Natural Resources Canada,14.23
Canada,3.0,Hydro,Natural Resources Canada,10.98
Canada,20.0,Solar,Natural Resources Canada,28.7
Canada,1178.0,Hydro,Natural Resources Canada,4713.69
Canada,869.0,Hydro,Natural Resources Canada,3389.29
Canada,5.5,Hydro,Natural Resources Canada,24.56
Canada,10.0,Hydro,Natural Resources Canada,53.61
Canada,8.0,Hydro,Natural Resources Canada,43.18
Canada,27.6,Hydro,Natural Resources Canada,102.61
Canada,10.6,Hydro,Natural Resources Canada,42.82
Canada,40.6,Hydro,Natural Resources Canada,103.22
Canada,120.0,Hydro,Natural Resources Canada,363.17
Canada,1.0,Hydro,Natural Resources Canada,4.46
Canada,4.8,Hydro,Natural Resources Canada,21.38
Canada,14.4,Hydro,Natural Resources Canada,75.77
Canada,1.0,Solar,Natural Resources Canada,1.31
Canada,8.5,Solar,Natural Resources Canada,11.15
Canada,7.5,Hydro,Natural Resources Canada,22.85
Canada,19.0,Hydro,Natural Resources Canada,42.94
Canada,16.2,Hydro,Natural Resources Canada,91.9
Canada,9.0,Hydro,Natural Resources Canada,40.99
Canada,25.3,Hydro,Natural Resources Canada,64.71
Canada,15.0,Hydro,Natural Resources Canada,53.93
Canada,1.9,Hydro,Natural Resources Canada,8.42
Canada,8.0,Hydro,Natural Resources Canada,25.68
Canada,355.0,Hydro,Natural Resources Canada,1144.01
Canada,10.0,Solar,Natural Resources Canada,13.83
Canada,180.0,Hydro,Natural Resources Canada,403.61
Canada,298.0,Hydro,Natural Resources Canada,529.89
Canada,140.0,Hydro,Natural Resources Canada,680.21
Canada,120.0,Hydro,Natural Resources Canada,583.03
Canada,469.0,Hydro,Natural Resources Canada,1441.09
Canada,10.0,Solar,Natural Resources Canada,14.39
Canada,9.0,Solar,Natural Resources Canada,12.96
Canada,13.0,Solar,Wiki-Solar,18.76
Canada,7.2,Hydro,Natural Resources Canada,26.24
Canada,56.0,Hydro,Natural Resources Canada,133.01
Canada,1.8,Hydro,Natural Resources Canada,5.39
Canada,11.2,Hydro,Natural Resources Canada,52.47
Canada,1.1,Hydro,Natural Resources Canada,4.93
Canada,7.0,Solar,Natural Resources Canada,9.77
Canada,18.4,Hydro,Natural Resources Canada,113.38
Canada,5.0,Hydro,Natural Resources Canada,26.36
Canada,8.8,Hydro,Natural Resources Canada,38.4
Canada,4.2,Hydro,Natural Resources Canada,16.51
Canada,92.0,Hydro,Natural Resources Canada,434.62
Canada,2.0,Hydro,Natural Resources Canada,10.12
Canada,6.0,Hydro,Natural Resources Canada,11.76
Canada,6.3,Hydro,Natural Resources Canada,14.9
Canada,91.0,Hydro,Natural Resources Canada,461.39
Canada,753.0,Hydro,Natural Resources Canada,4454.47
Canada,20.0,Hydro,Natural Resources Canada,85.79
Canada,36.0,Hydro,Natural Resources Canada,124.08
Canada,1.2,Hydro,Natural Resources Canada,4.28
Canada,6.0,Hydro,Natural Resources Canada,18.69
Canada,127.0,Hydro,Natural Resources Canada,354.22
Canada,23.2,Hydro,Natural Resources Canada,81.95
Canada,7.9,Hydro,Natural Resources Canada,28.45
Canada,16.0,Hydro,Natural Resources Canada,61.47
Canada,25.0,Hydro,Natural Resources Canada,94.66
Canada,10.0,Hydro,Natural Resources Canada,22.76
Canada,192.0,Hydro,Natural Resources Canada,481.36
Canada,8.4,Hydro,Natural Resources Canada,45.25
Canada,9.3,Hydro,Natural Resources Canada,50.1
Canada,158.0,Hydro,Natural Resources Canada,483.16
Canada,152.0,Hydro,Natural Resources Canada,685.58
Canada,144.0,Hydro,Natural Resources Canada,862.04
Canada,1.7,Hydro,Natural Resources Canada,3.46
Canada,8.2,Hydro,Natural Resources Canada,35.71
Canada,11.0,Hydro,Natural Resources Canada,24.55
Canada,6.5,Hydro,Natural Resources Canada,24.87
Canada,5428.0,Hydro,Natural Resources Canada,22385.04
Canada,3.0,Hydro,Natural Resources Canada,13.1
Canada,5.3,Hydro,Natural Resources Canada,23.02
Canada,62.0,Hydro,Natural Resources Canada,302.16
Canada,10.0,Hydro,Natural Resources Canada,51.53
Canada,1.4,Hydro,Natural Resources Canada,5.28
Canada,1.6,Hydro,Natural Resources Canada,3.4
Canada,29.0,Hydro,Natural Resources Canada,130.97
Canada,13.6,Hydro,Natural Resources Canada,62.31
Canada,854.4,Hydro,Natural Resources Canada,3009.77
Canada,305.8,Hydro,Natural Resources Canada,1255.42
Canada,224.0,Hydro,Natural Resources Canada,1345.24
Canada,258.0,Hydro,Natural Resources Canada,945.77
Canada,9.9,Hydro,Natural Resources Canada,35.0
Canada,25.0,Hydro,Natural Resources Canada,103.3
Canada,10.8,Hydro,Natural Resources Canada,46.58
Canada,10.0,Solar,Natural Resources Canada,14.63
Canada,2.0,Hydro,Natural Resources Canada,4.83
Canada,52.0,Hydro,Natural Resources Canada,307.71
Canada,33.0,Hydro,Natural Resources Canada,86.12
Canada,4.0,Hydro,Natural Resources Canada,17.68
Canada,51.0,Hydro,Natural Resources Canada,260.6
Canada,186.0,Hydro,Natural Resources Canada,724.93
Canada,7.4,Hydro,Natural Resources Canada,29.75
Canada,8.0,Hydro,Natural Resources Canada,34.84
Canada,15.0,Hydro,Natural Resources Canada,45.37
Canada,2.8,Hydro,Natural Resources Canada,9.79
Canada,2.7,Hydro,Natural Resources Canada,11.51
Canada,12.0,Hydro,Natural Resources Canada,59.08
Canada,10.0,Solar,Natural Resources Canada,13.69
Canada,23.0,Hydro,Natural Resources Canada,60.91
Canada,144.0,Hydro,Natural Resources Canada,362.51
Canada,9.1,Hydro,Natural Resources Canada,36.08
Canada,129.0,Hydro,Natural Resources Canada,541.95
Canada,429.0,Hydro,Natural Resources Canada,2090.59
Canada,2.6,Hydro,Natural Resources Canada,8.22
Canada,15.0,Hydro,Natural Resources Canada,56.48
Canada,10.0,Solar,Natural Resources Canada,13.24
Canada,18.0,Hydro,Natural Resources Canada,84.93
Canada,6.0,Hydro,Natural Resources Canada,11.8
Canada,27.0,Hydro,Natural Resources Canada,69.05
Canada,16.0,Hydro,Natural Resources Canada,83.19
Canada,40.6,Hydro,Natural Resources Canada,158.47
Canada,45.0,Hydro,Natural Resources Canada,171.51
Canada,289.0,Hydro,Natural Resources Canada,1384.56
Canada,1.8,Hydro,Natural Resources Canada,6.0
Canada,2.3,Hydro,Natural Resources Canada,8.16
Canada,123.0,Hydro,Natural Resources Canada,294.98
Canada,2.0,Hydro,Natural Resources Canada,4.05
Canada,480.0,Hydro,Natural Resources Canada,1659.15
Canada,768.0,Hydro,Natural Resources Canada,2934.37
Canada,9.2,Hydro,Natural Resources Canada,49.56
Canada,9.0,Hydro,Natural Resources Canada,36.33
Canada,10.0,Solar,Natural Resources Canada,14.13
Canada,1.1,Hydro,Natural Resources Canada,1.83
Canada,12.0,Hydro,Natural Resources Canada,42.78
Canada,2.0,Hydro,Natural Resources Canada,8.6
Canada,24.0,Solar,Natural Resources Canada,34.16
Canada,1.0,Hydro,Natural Resources Canada,3.22
Canada,5.0,Solar,Natural Resources Canada,7.12
Canada,9.4,Solar,Natural Resources Canada,13.57
Canada,6.0,Hydro,Natural Resources Canada,22.39
Canada,7.0,Hydro,Natural Resources Canada,13.77
Canada,2.6,Hydro,Natural Resources Canada,11.86
Canada,23.0,Hydro,Natural Resources Canada,59.24
Canada,9.1,Solar,Natural Resources Canada,11.68
Canada,10.4,Solar,Natural Resources Canada,13.81
Canada,7.5,Hydro,Natural Resources Canada,16.79
Canada,195.0,Hydro,Natural Resources Canada,630.95
Canada,9.4,Hydro,Natural Resources Canada,54.18
Canada,10.9,Solar,Natural Resources Canada,16.25
Canada,10.0,Solar,Natural Resources Canada,14.64
Canada,2.2,Hydro,Natural Resources Canada,6.59
Canada,3.0,Hydro,Natural Resources Canada,15.48
Canada,2.9,Hydro,Natural Resources Canada,9.11
Canada,2.2,Hydro,Natural Resources Canada,9.66
Canada,10.0,Hydro,Natural Resources Canada,38.0
Canada,2730.0,Hydro,Natural Resources Canada,11434.96
Canada,1.6,Hydro,Natural Resources Canada,5.05
Canada,23.0,Hydro,Natural Resources Canada,90.04
Canada,2.9,Hydro,Natural Resources Canada,12.44
Canada,51.0,Hydro,Natural Resources Canada,133.61
Canada,3.5,Hydro,Natural Resources Canada,8.04
Canada,8.9,Hydro,Natural Resources Canada,43.66
Canada,10.0,Hydro,Natural Resources Canada,49.4
Canada,1.2,Hydro,Natural Resources Canada,5.23
Canada,8.0,Hydro,Natural Resources Canada,43.88
Canada,5.0,Hydro,Natural Resources Canada,21.14
Canada,75.0,Hydro,Natural Resources Canada,336.29
Canada,66.0,Hydro,Natural Resources Canada,305.58
Canada,479.0,Hydro,Natural Resources Canada,2730.02
Canada,100.0,Solar,Natural Resources Canada,141.32
Canada,67.0,Hydro,Natural Resources Canada,316.19
Canada,1.7,Hydro,Natural Resources Canada,7.34
Canada,41.0,Hydro,Natural Resources Canada,138.16
Canada,129.0,Hydro,Natural Resources Canada,570.17
Canada,3.0,Hydro,Natural Resources Canada,9.99
Canada,7.0,Hydro,Natural Resources Canada,13.72
Canada,2.0,Solar,Natural Resources Canada,2.54
Canada,4.0,Hydro,Natural Resources Canada,21.28
Canada,1.0,Hydro,Natural Resources Canada,4.33
Canada,220.0,Hydro,Natural Resources Canada,946.52
Canada,12.0,Hydro,Natural Resources Canada,47.76
Canada,51.0,Hydro,Natural Resources Canada,178.29
Canada,2.0,Hydro,Natural Resources Canada,7.13
Canada,18.0,Hydro,Natural Resources Canada,100.54
Canada,6.8,Hydro,Natural Resources Canada,20.59
Canada,7.2,Hydro,Natural Resources Canada,16.65
Canada,5.4,Hydro,Natural Resources Canada,17.93
Canada,114.1,Hydro,Natural Resources Canada,446.8
Canada,3.0,Hydro,Natural Resources Canada,5.68
Canada,19.3,Hydro,Natural Resources Canada,88.08
Canada,75.0,Hydro,Natural Resources Canada,189.84
Canada,3.0,Hydro,Natural Resources Canada,9.26
Canada,18.0,Hydro,Natural Resources Canada,80.39
Canada,23.0,Hydro,Natural Resources Canada,93.12
Canada,5.3,Hydro,Natural Resources Canada,15.47
Canada,8.3,Hydro,Natural Resources Canada,18.54
Canada,14.0,Hydro,Natural Resources Canada,54.22
Canada,9.0,Hydro,Natural Resources Canada,46.44
Canada,12.0,Hydro,Natural Resources Canada,65.54
Canada,27.0,Hydro,Natural Resources Canada,151.95
Canada,10.0,Solar,Natural Resources Canada,13.49
Canada,9.5,Solar,Natural Resources Canada,12.83
Canada,5.0,Hydro,Natural Resources Canada,14.94
Canada,29.0,Hydro,Natural Resources Canada,122.64
Canada,38.0,Hydro,Natural Resources Canada,174.69
Canada,111.0,Hydro,Natural Resources Canada,472.99
Canada,463.8,Hydro,Natural Resources Canada,2715.58
Canada,21.0,Hydro,Natural Resources Canada,76.13
Canada,5.9,Hydro,Natural Resources Canada,22.35
Canada,1229.0,Hydro,Natural Resources Canada,5149.33
Canada,115.0,Hydro,Natural Resources Canada,305.1
Canada,63.0,Hydro,Natural Resources Canada,233.02
Canada,62.0,Hydro,Natural Resources Canada,161.32
Canada,17.0,Hydro,Natural Resources Canada,89.37
Canada,126.0,Hydro,Natural Resources Canada,383.82
Canada,2.4,Hydro,Natural Resources Canada,4.72
Canada,4.9,Hydro,Natural Resources Canada,27.79
Canada,4.5,Hydro,Natural Resources Canada,25.28
Canada,170.0,Hydro,Natural Resources Canada,425.42
Canada,25.0,Hydro,Natural Resources Canada,102.66
Canada,19.0,Hydro,Natural Resources Canada,73.59
Canada,6.0,Solar,Natural Resources Canada,8.7
Canada,2.8,Hydro,Natural Resources Canada,12.2
Canada,896.0,Hydro,Natural Resources Canada,2422.15
Canada,6.0,Hydro,Natural Resources Canada,33.02
Canada,10.0,Solar,Natural Resources Canada,12.95
Canada,10.0,Solar,Natural Resources Canada,12.82
Canada,1.9,Hydro,Natural Resources Canada,5.94
Canada,232.0,Hydro,Natural Resources Canada,978.06
Canada,45.0,Hydro,Natural Resources Canada,117.43
Canada,570.0,Hydro,Natural Resources Canada,2667.13
Canada,49.9,Hydro,Natural Resources Canada,243.56
Canada,131.0,Hydro,Natural Resources Canada,561.85
Canada,1436.0,Hydro,Natural Resources Canada,8452.39
Canada,2106.0,Hydro,Natural Resources Canada,12396.06
Canada,2417.0,Hydro,Natural Resources Canada,14158.88
Canada,2779.0,Hydro,Natural Resources Canada,10811.36
Canada,1.1,Hydro,Natural Resources Canada,3.84
Canada,294.0,Hydro,Natural Resources Canada,954.31
Canada,29.0,Hydro,Natural Resources Canada,140.79
Canada,22.0,Hydro,Natural Resources Canada,87.7
Canada,47.0,Hydro,Natural Resources Canada,157.85
Canada,878.0,Hydro,Natural Resources Canada,2708.04
Canada,319.0,Hydro,Natural Resources Canada,1021.04
Canada,25.0,Hydro,Natural Resources Canada,90.3
Canada,59.0,Hydro,Natural Resources Canada,171.12
Canada,17.8,Hydro,Natural Resources Canada,47.35
Canada,27.0,Hydro,Natural Resources Canada,90.55
Canada,5.0,Hydro,Natural Resources Canada,15.53
Canada,5.1,Hydro,Natural Resources Canada,15.84
Canada,1.0,Hydro,Natural Resources Canada,2.36
Canada,26.0,Hydro,Natural Resources Canada,68.04
Canada,113.0,Hydro,Natural Resources Canada,629.26
Canada,205.0,Hydro,Natural Resources Canada,895.15
Canada,3.0,Hydro,Natural Resources Canada,10.48
Canada,37.0,Hydro,Natural Resources Canada,107.31
Canada,4.1,Hydro,Natural Resources Canada,22.2
Canada,31.0,Hydro,Natural Resources Canada,84.77
Canada,18.0,Hydro,Natural Resources Canada,94.04
Canada,6.2,Hydro,Natural Resources Canada,23.99
Canada,3.0,Hydro,Natural Resources Canada,11.94
Canada,10.0,Hydro,Natural Resources Canada,22.34
Canada,54.0,Hydro,Natural Resources Canada,275.93
Canada,11.0,Hydro,Natural Resources Canada,25.01
Canada,3.9,Hydro,Natural Resources Canada,15.35
Canada,7.2,Hydro,Natural Resources Canada,27.69
Canada,274.0,Hydro,Natural Resources Canada,1033.84
Canada,3.0,Hydro,Natural Resources Canada,8.94
Canada,14.0,Hydro,Natural Resources Canada,64.3
Canada,54.0,Solar,Wiki-Solar,71.87
Canada,2.8,Hydro,Natural Resources Canada,8.53
Canada,62.0,Hydro,Natural Resources Canada,228.81
Canada,668.0,Hydro,Natural Resources Canada,2632.65
Canada,40.6,Hydro,Natural Resources Canada,148.41
Canada,3.0,Hydro,Natural Resources Canada,9.31
Canada,58.0,Hydro,Natural Resources Canada,221.35
Canada,184.0,Hydro,Natural Resources Canada,790.12
Canada,1596.0,Hydro,Natural Resources Canada,6880.06
Canada,1064.0,Hydro,Natural Resources Canada,4457.0
Canada,73.0,Hydro,Natural Resources Canada,378.11
Canada,1.1,Hydro,Natural Resources Canada,3.64
Canada,4.2,Hydro,Natural Resources Canada,18.87
Canada,5.0,Hydro,Natural Resources Canada,9.15
Canada,1.0,Hydro,Natural Resources Canada,4.35
Canada,119.4,Hydro,Natural Resources Canada,431.42
Canada,10.0,Hydro,Natural Resources Canada,32.74
Canada,3.0,Hydro,Natural Resources Canada,12.38
Canada,5.0,Hydro,Natural Resources Canada,15.35
Canada,10.0,Hydro,Natural Resources Canada,31.07
Canada,235.0,Hydro,Natural Resources Canada,941.5
Canada,8.6,Hydro,Natural Resources Canada,37.49
Canada,1.0,Hydro,Natural Resources Canada,2.85
Canada,1.1,Hydro,Natural Resources Canada,3.67
Canada,66.0,Hydro,Natural Resources Canada,232.53
Canada,10.0,Hydro,Natural Resources Canada,35.75
Canada,13.0,Hydro,Natural Resources Canada,60.45
Canada,56.0,Hydro,Natural Resources Canada,269.63
Canada,3.8,Hydro,Natural Resources Canada,13.42
Canada,1.8,Hydro,Natural Resources Canada,7.77
Canada,18.7,Hydro,Natural Resources Canada,96.64
Canada,55.0,Hydro,Natural Resources Canada,277.91
Canada,2.0,Hydro,Natural Resources Canada,8.48
Canada,3.0,Hydro,Natural Resources Canada,9.03
Canada,5.0,Hydro,Natural Resources Canada,26.53
Canada,2746.0,Hydro,Natural Resources Canada,12314.04
Canada,8.0,Hydro,Natural Resources Canada,38.79
Canada,3.5,Solar,Natural Resources Canada,4.61
Canada,6.5,Solar,Natural Resources Canada,8.44
Canada,8.5,Solar,Natural Resources Canada,10.83
Canada,3.5,Solar,Wiki-Solar,4.61
Canada,2.2,Hydro,Natural Resources Canada,5.2
Canada,33.0,Hydro,Natural Resources Canada,106.48
Canada,3.0,Hydro,Natural Resources Canada,12.56
Canada,12.1,Hydro,Natural Resources Canada,66.35
Canada,4.0,Hydro,Natural Resources Canada,17.24
Canada,3.0,Hydro,Natural Resources Canada,12.59
Canada,16.0,Hydro,Natural Resources Canada,75.68
Canada,6.0,Hydro,Natural Resources Canada,24.12
Canada,4.0,Hydro,Natural Resources Canada,15.91
Canada,12.0,Hydro,Natural Resources Canada,27.28
Canada,2.1,Hydro,Natural Resources Canada,4.96
Canada,73.0,Hydro,Natural Resources Canada,241.86
Canada,1.4,Hydro,Natural Resources Canada,6.13
Canada,6.0,Hydro,Natural Resources Canada,17.87
Canada,1.1,Hydro,Natural Resources Canada,1.76
Canada,170.0,Hydro,Natural Resources Canada,661.38
Canada,61.2,Hydro,Natural Resources Canada,226.37
Canada,4.5,Hydro,Natural Resources Canada,19.63
Canada,10.0,Hydro,Natural Resources Canada,37.18
Canada,44.0,Solar,Wiki-Solar,61.69
Canada,10.0,Solar,Natural Resources Canada,13.67
Canada,11.0,Hydro,Natural Resources Canada,45.64
Canada,3.7,Hydro,Natural Resources Canada,8.5
Canada,7.2,Hydro,Natural Resources Canada,16.61
Canada,255.0,Hydro,Natural Resources Canada,1242.66
Canada,9.5,Hydro,Natural Resources Canada,52.69
Canada,10.0,Solar,Natural Resources Canada,14.28
Canada,10.0,Solar,Natural Resources Canada,14.12
Canada,10.0,Solar,Natural Resources Canada,13.37
Canada,17.5,Hydro,Natural Resources Canada,58.1
Canada,15.0,Hydro,Natural Resources Canada,61.96
Canada,10.0,Hydro,Natural Resources Canada,46.24
Canada,32.0,Hydro,Natural Resources Canada,110.69
Canada,182.0,Hydro,Natural Resources Canada,790.9
Canada,243.0,Hydro,Natural Resources Canada,983.74
Canada,523.0,Hydro,Natural Resources Canada,1947.66
Canada,1026.0,Hydro,Natural Resources Canada,4001.63
Canada,785.0,Hydro,Natural Resources Canada,3197.89
Canada,20.5,Hydro,Natural Resources Canada,92.71
Canada,4.2,Hydro,Natural Resources Canada,8.19
Canada,8.0,Hydro,Natural Resources Canada,23.47
Canada,1.6,Hydro,Natural Resources Canada,6.92
Canada,226.0,Hydro,Natural Resources Canada,999.69
Canada,694.0,Hydro,Natural Resources Canada,2830.05
Canada,8.0,Solar,Natural Resources Canada,10.93
Canada,9.3,Solar,Natural Resources Canada,13.03
Canada,10.0,Solar,Natural Resources Canada,14.07
Canada,8.0,Solar,Natural Resources Canada,10.48
Canada,6.5,Solar,Natural Resources Canada,8.51
Canada,9.3,Solar,Natural Resources Canada,13.62
Canada,10.0,Solar,Natural Resources Canada,14.08
Canada,2.0,Hydro,Natural Resources Canada,7.53
Canada,28.0,Hydro,Natural Resources Canada,128.72
Canada,8.0,Hydro,Natural Resources Canada,43.31
Canada,4.2,Hydro,Natural Resources Canada,8.16
Canada,4.9,Hydro,Natural Resources Canada,9.24
Canada,4.3,Hydro,Natural Resources Canada,8.36
Canada,2.1,Hydro,Natural Resources Canada,5.4
Canada,84.0,Hydro,Natural Resources Canada,404.44
Canada,144.0,Hydro,Natural Resources Canada,629.94
Canada,45.0,Hydro,Natural Resources Canada,217.44
Canada,15.0,Hydro,Natural Resources Canada,45.69
Canada,75.0,Hydro,Natural Resources Canada,348.18
Canada,7.5,Hydro,Natural Resources Canada,31.89
Canada,11.7,Hydro,Natural Resources Canada,51.15
Canada,8.7,Hydro,Natural Resources Canada,36.27
Canada,38.0,Hydro,Natural Resources Canada,123.42
Canada,131.0,Hydro,Natural Resources Canada,569.7
Canada,3.3,Hydro,Natural Resources Canada,6.26
Canada,24.0,Hydro,Natural Resources Canada,86.4
Canada,385.0,Hydro,Natural Resources Canada,1380.1
Canada,6.5,Hydro,Natural Resources Canada,27.7
Canada,5.3,Hydro,Natural Resources Canada,11.72
Canada,6.6,Hydro,Natural Resources Canada,34.42
Canada,8.0,Hydro,Natural Resources Canada,17.87
Canada,8.0,Solar,Natural Resources Canada,11.66
Canada,10.0,Hydro,Natural Resources Canada,53.84
Canada,67.0,Hydro,Natural Resources Canada,309.91
Canada,67.0,Hydro,Natural Resources Canada,311.43
Canada,204.0,Hydro,Natural Resources Canada,911.81
Canada,76.0,Hydro,Natural Resources Canada,370.4
Canada,104.0,Hydro,Natural Resources Canada,506.96
Canada,9.3,Hydro,Natural Resources Canada,42.23
Canada,103.0,Hydro,Natural Resources Canada,487.37
Canada,176.0,Hydro,Natural Resources Canada,760.5
Canada,4.0,Hydro,Natural Resources Canada,13.96
Canada,15.1,Hydro,Natural Resources Canada,34.05
Canada,2.5,Hydro,Natural Resources Canada,9.99
Canada,18.0,Hydro,Natural Resources Canada,39.38
Canada,46.0,Hydro,Natural Resources Canada,205.24
Canada,41.0,Hydro,Natural Resources Canada,174.31
Canada,1326.0,Hydro,Natural Resources Canada,5258.99
Canada,2480.0,Hydro,Natural Resources Canada,11157.22
Canada,2.0,Hydro,Natural Resources Canada,9.64
Canada,3.5,Hydro,Natural Resources Canada,6.62
Canada,3.7,Hydro,Natural Resources Canada,12.12
Canada,54.0,Hydro,Natural Resources Canada,141.19
Canada,2.6,Hydro,Natural Resources Canada,8.17
Canada,1045.0,Hydro,Natural Resources Canada,6068.57
Canada,5616.0,Hydro,Natural Resources Canada,33056.17
Canada,230.0,Hydro,Natural Resources Canada,926.05
Canada,2.9,Hydro,Natural Resources Canada,12.73
Canada,3.3,Hydro,Natural Resources Canada,7.58
Canada,270.0,Hydro,Natural Resources Canada,994.38
Canada,640.0,Hydro,Natural Resources Canada,2341.88
Canada,6.0,Hydro,Natural Resources Canada,21.2
Canada,2.0,Hydro,Natural Resources Canada,6.11
Canada,2.0,Solar,Natural Resources Canada,2.61
Canada,50.0,Hydro,Natural Resources Canada,175.4
Canada,105.0,Hydro,Natural Resources Canada,362.01
Canada,7.1,Hydro,Natural Resources Canada,22.38
Canada,49.9,Hydro,Natural Resources Canada,135.5
Canada,9.1,Solar,Natural Resources Canada,12.9
Canada,38.0,Hydro,Natural Resources Canada,140.76
Canada,5.7,Hydro,Natural Resources Canada,21.46
Canada,12.0,Solar,Natural Resources Canada,17.89
Canada,45.0,Solar,Natural Resources Canada,66.21
Canada,8.2,Hydro,Natural Resources Canada,34.76
Canada,15.0,Hydro,Natural Resources Canada,68.45
Canada,3.5,Hydro,Natural Resources Canada,11.16
Canada,4.2,Hydro,Natural Resources Canada,13.03
Canada,30.5,Hydro,Natural Resources Canada,112.44
Canada,24.0,Hydro,Natural Resources Canada,96.83
Canada,882.0,Hydro,Natural Resources Canada,2414.56
Canada,6.0,Hydro,Natural Resources Canada,23.4
Canada,17.0,Hydro,Natural Resources Canada,61.12
Canada,5.5,Hydro,Natural Resources Canada,20.66
Canada,6.0,Hydro,Natural Resources Canada,28.61
Canada,3.6,Hydro,Natural Resources Canada,8.27
Canada,150.0,Hydro,Natural Resources Canada,364.49
Canada,60.0,Solar,Natural Resources Canada,83.54
Canada,2.3,Hydro,Natural Resources Canada,4.51
Canada,22.0,Hydro,Natural Resources Canada,91.08
Canada,3.5,Hydro,Natural Resources Canada,12.02
Canada,22.0,Hydro,Natural Resources Canada,77.65
Canada,7.2,Hydro,Natural Resources Canada,16.09
Canada,48.0,Hydro,Natural Resources Canada,263.93
Canada,805.0,Hydro,Natural Resources Canada,3766.74
Canada,165.0,Hydro,Natural Resources Canada,729.29
Canada,6.0,Hydro,Natural Resources Canada,32.36
Canada,200.0,Hydro,Natural Resources Canada,860.44
Canada,194.0,Hydro,Natural Resources Canada,834.63
Canada,10.0,Hydro,Natural Resources Canada,30.63
Canada,18.0,Hydro,Natural Resources Canada,80.23
Canada,959.1,Hydro,Natural Resources Canada,5901.88
Canada,6.0,Hydro,Natural Resources Canada,17.29
Canada,4.0,Hydro,Natural Resources Canada,21.82
Canada,2.0,Hydro,Natural Resources Canada,10.39
Canada,48.0,Hydro,Natural Resources Canada,178.15
Canada,10.0,Solar,Natural Resources Canada,14.4
Canada,450.0,Hydro,Natural Resources Canada,2661.3
Canada,1499.0,Hydro,Natural Resources Canada,8307.08
Canada,174.0,Hydro,Natural Resources Canada,1042.36
Canada,5.3,Hydro,Natural Resources Canada,19.82
Canada,9.0,Hydro,Natural Resources Canada,27.34
Canada,25.0,Hydro,Natural Resources Canada,99.53
Canada,68.0,Hydro,Natural Resources Canada,315.69
Canada,6.0,Solar,Natural Resources Canada,8.36
Canada,6.5,Solar,Natural Resources Canada,9.06
Canada,267.0,Hydro,Natural Resources Canada,1062.7
Canada,7.4,Hydro,Natural Resources Canada,32.95
Canada,4.3,Hydro,Natural Resources Canada,11.6
Canada,7.4,Hydro,Natural Resources Canada,20.04
Canada,10.2,Hydro,Natural Resources Canada,26.99
Canada,8.5,Hydro,Natural Resources Canada,22.25
Canada,100.0,Solar,Natural Resources Canada,131.48
Canada,10.0,Solar,Natural Resources Canada,14.02
Canada,10.0,Solar,Natural Resources Canada,13.5
Canada,13.0,Hydro,Natural Resources Canada,40.84
Canada,9.0,Hydro,Natural Resources Canada,19.5
Canada,5.0,Hydro,Natural Resources Canada,20.14
Canada,5.0,Hydro,Natural Resources Canada,9.19
Canada,50.0,Solar,Natural Resources Canada,70.81
Canada,4.0,Hydro,Natural Resources Canada,13.65
Canada,112.0,Hydro,Natural Resources Canada,395.89
Canada,9.0,Solar,Wiki-Solar,12.96
Canada,1.0,Hydro,Natural Resources Canada,3.8
Canada,20.0,Solar,Natural Resources Canada,28.86
Canada,15.0,Hydro,Natural Resources Canada,56.2
Canada,2.0,Hydro,Natural Resources Canada,5.9
Canada,7.0,Hydro,Natural Resources Canada,13.69
Canada,3.9,Hydro,Natural Resources Canada,21.12
Canada,18.4,Hydro,Natural Resources Canada,76.93
Canada,33.2,Solar,Natural Resources Canada,49.5
Canada,91.0,Hydro,Natural Resources Canada,305.87
Canada,16.0,Hydro,Natural Resources Canada,64.61
Canada,182.0,Hydro,Natural Resources Canada,769.09
Canada,5.0,Hydro,Natural Resources Canada,21.42
Canada,22.0,Hydro,Natural Resources Canada,85.04
Canada,11.0,Solar,Natural Resources Canada,14.53
Canada,64.0,Hydro,Natural Resources Canada,214.95
Canada,7.0,Solar,Natural Resources Canada,9.27
Canada,10.0,Solar,Natural Resources Canada,14.33
Canada,7.9,Hydro,Natural Resources Canada,42.08
Canada,2.3,Hydro,Natural Resources Canada,9.17
Canada,18.3,Hydro,Natural Resources Canada,94.45
Canada,12.7,Hydro,Natural Resources Canada,28.76
Canada,3.1,Hydro,Natural Resources Canada,5.86
Canada,8.2,Hydro,Natural Resources Canada,18.32
Canada,5.3,Hydro,Natural Resources Canada,17.12
Canada,4.0,Hydro,Natural Resources Canada,16.44
Canada,8.5,Solar,Natural Resources Canada,12.06
Canada,4.2,Hydro,Natural Resources Canada,9.86
Canada,36.8,Hydro,Natural Resources Canada,137.88
Canada,18.0,Hydro,Natural Resources Canada,67.26
Canada,20.0,Hydro,Natural Resources Canada,79.99
Canada,2.6,Hydro,Natural Resources Canada,9.08
Canada,6.9,Hydro,Natural Resources Canada,16.32
Canada,526.0,Hydro,Natural Resources Canada,1502.44
Canada,302.0,Hydro,Natural Resources Canada,1265.65
Canada,21.2,Hydro,Natural Resources Canada,54.7
Canada,2.0,Hydro,Natural Resources Canada,8.34
Canada,2.7,Hydro,Natural Resources Canada,10.4
Canada,27.5,Hydro,Natural Resources Canada,114.56
Canada,225.0,Hydro,Natural Resources Canada,995.63
Canada,5.0,Hydro,Natural Resources Canada,16.15
Canada,9.0,Hydro,Natural Resources Canada,26.0
Canada,23.0,Hydro,Natural Resources Canada,113.94
Canada,66.0,Hydro,Natural Resources Canada,337.25
Canada,5.4,Hydro,Natural Resources Canada,20.08
Canada,81.4,Hydro,Natural Resources Canada,215.37
Canada,84.0,Hydro,Natural Resources Canada,222.25
Canada,2.0,Hydro,Natural Resources Canada,6.01
Canada,33.0,Hydro,Natural Resources Canada,110.68
Canada,10.0,Hydro,Natural Resources Canada,43.77
Canada,5.0,Solar,Natural Resources Canada,7.34
Canada,18.0,Hydro,Natural Resources Canada,70.02
Canada,11.7,Hydro,Natural Resources Canada,49.41
Canada,3.4,Hydro,Natural Resources Canada,13.22
Canada,65.0,Hydro,Natural Resources Canada,326.66
Canada,1.1,Hydro,Natural Resources Canada,3.69
Canada,16.0,Hydro,Natural Resources Canada,50.77
Canada,20.0,Solar,Natural Resources Canada,28.51
Canada,8.0,Hydro,Natural Resources Canada,41.72
Canada,493.2,Hydro,Natural Resources Canada,2307.77
Canada,335.0,Hydro,Natural Resources Canada,1569.83
Canada,1.6,Hydro,Natural Resources Canada,7.93
Canada,1.3,Hydro,Natural Resources Canada,6.32
Canada,8.0,Hydro,Natural Resources Canada,18.21
Canada,3.0,Hydro,Natural Resources Canada,10.57
Canada,9.3,Hydro,Natural Resources Canada,29.72
Canada,8.0,Solar,Natural Resources Canada,11.42
Canada,3.5,Solar,Natural Resources Canada,5.09
Canada,15.0,Hydro,Natural Resources Canada,62.99
Canada,13.5,Hydro,Natural Resources Canada,56.8
Canada,4.5,Hydro,Natural Resources Canada,17.8
Canada,12.0,Hydro,Natural Resources Canada,37.23
Canada,10.0,Solar,Natural Resources Canada,14.42
Canada,5.0,Hydro,Natural Resources Canada,9.79
Canada,239.0,Hydro,Natural Resources Canada,828.96
Canada,8.7,Hydro,Natural Resources Canada,37.88
Canada,4.3,Hydro,Natural Resources Canada,18.73
Canada,19.2,Hydro,Natural Resources Canada,71.54
Canada,54.0,Hydro,Natural Resources Canada,260.93
Canada,7.6,Hydro,Natural Resources Canada,17.02
Canada,2.9,Hydro,Natural Resources Canada,8.79
Canada,68.0,Hydro,Natural Resources Canada,325.6
Canada,40.0,Hydro,Natural Resources Canada,186.28
Canada,2.3,Hydro,Natural Resources Canada,10.18
Canada,50.0,Solar,Natural Resources Canada,68.83
Canada,200.0,Hydro,Natural Resources Canada,557.0
Canada,211.0,Hydro,Natural Resources Canada,581.27
Canada,23.0,Hydro,Natural Resources Canada,60.79
Cape Verde,5.0,Solar,Wiki-Solar,10.9
Central African Republic,19.3,Hydro,Power Africa,76.57
Chile,136.0,Hydro,Energía Abierta,391.43
Chile,178.0,Hydro,Energía Abierta,534.96
Chile,3.0,Hydro,Energía Abierta,11.25
Chile,324.0,Hydro,Energía Abierta,955.54
Chile,320.0,Hydro,Energía Abierta,916.24
Chile,5.0,Hydro,Energía Abierta,19.84
Chile,8.8,Solar,Wiki-Solar,18.46
Chile,18.0,Solar,Wiki-Solar,40.02
Chile,8.0,Solar,Wiki-Solar,16.22
Chile,14.0,Solar,Wiki-Solar,30.21
Chile,53.0,Hydro,Energía Abierta,138.8
Chile,1.0,Hydro,Energía Abierta,3.69
Chile,127.9,Solar,Wiki-Solar,291.52
Chile,146.5,Solar,Wiki-Solar,339.27
Chile,76.7,Solar,Wiki-Solar,177.99
Chile,69.8,Solar,Wiki-Solar,160.83
Chile,3.0,Hydro,Energía Abierta,6.24
Chile,172.0,Hydro,Energía Abierta,549.56
Chile,12.0,Hydro,Energía Abierta,30.57
Chile,10.0,Hydro,Energía Abierta,24.99
Chile,26.0,Hydro,Energía Abierta,70.57
Chile,112.0,Hydro,Energía Abierta,383.29
Chile,36.0,Solar,Energía Abierta,80.02
Chile,10.0,Hydro,Energía Abierta,26.16
Chile,19.0,Hydro,Energía Abierta,81.83
Chile,106.0,Hydro,Energía Abierta,357.88
Chile,474.0,Hydro,Energía Abierta,1133.37
Chile,7.0,Hydro,Energía Abierta,22.95
Chile,12.0,Hydro,Energía Abierta,43.73
Chile,92.0,Hydro,Energía Abierta,301.96
Chile,50.0,Solar,Wiki-Solar,101.43
Chile,9.0,Solar,Wiki-Solar,18.06
Chile,30.0,Solar,Wiki-Solar,63.13
Chile,29.2,Solar,Wiki-Solar,65.15
Chile,135.0,Solar,Wiki-Solar,285.15
Chile,97.0,Solar,Wiki-Solar,205.16
Chile,38.0,Solar,Wiki-Solar,79.93
Chile,110.0,Solar,Wiki-Solar,257.87
Chile,100.0,Solar,Wiki-Solar,234.45
Chile,104.0,Solar,Wiki-Solar,227.61
Chile,14.0,Solar,Wiki-Solar,30.74
Chile,72.8,Solar,Wiki-Solar,159.65
Chile,6.0,Hydro,Energía Abierta,19.67
Chile,21.0,Solar,Wiki-Solar,46.25
Chile,40.0,Solar,Wiki-Solar,84.6
Chile,6.0,Hydro,Energía Abierta,24.46
Chile,3.0,Hydro,Energía Abierta,10.4
Chile,2.0,Hydro,Energía Abierta,7.69
Chile,5.0,Hydro,Energía Abierta,18.78
Chile,450.0,Hydro,Energía Abierta,1141.64
Chile,1.0,Hydro,Energía Abierta,2.22
Chile,100.8,Solar,Wiki-Solar,221.4
Chile,196.0,Solar,Wiki-Solar,418.48
Chile,28.0,Hydro,Energía Abierta,82.54
Chile,138.0,Solar,Wiki-Solar,314.79
Chile,69.0,Solar,Wiki-Solar,156.59
Chile,50.0,Solar,Wiki-Solar,118.49
Chile,12.0,Hydro,Energía Abierta,50.5
Chile,9.0,Hydro,Energía Abierta,22.93
Chile,70.0,Hydro,Energía Abierta,229.75
Chile,29.0,Hydro,Energía Abierta,76.18
Chile,1.0,Hydro,Energía Abierta,2.52
Chile,32.1,Solar,Wiki-Solar,68.34
Chile,23.8,Solar,Wiki-Solar,49.9
Chile,7.0,Hydro,Energía Abierta,26.88
Chile,163.0,Hydro,Energía Abierta,427.74
Chile,155.0,Hydro,Energía Abierta,439.89
Chile,5.0,Hydro,Energía Abierta,12.82
Chile,34.0,Hydro,Energía Abierta,120.39
Chile,71.5,Solar,Energía Abierta,155.83
Chile,2.0,Hydro,Energía Abierta,6.72
Chile,18.0,Hydro,Energía Abierta,45.51
Chile,19.0,Hydro,Energía Abierta,63.51
Chile,101.02,Solar,Energía Abierta,218.03
Chile,2.0,Hydro,Energía Abierta,5.23
Chile,40.0,Hydro,Energía Abierta,138.18
Chile,6.0,Hydro,Energía Abierta,24.47
Chile,1.0,Hydro,Energía Abierta,4.14
Chile,1.0,Hydro,Energía Abierta,3.62
Chile,25.0,Hydro,Energía Abierta,94.4
Chile,6.0,Hydro,Energía Abierta,22.96
Chile,18.0,Hydro,Energía Abierta,46.75
Chile,3.0,Hydro,Energía Abierta,11.27
Chile,40.0,Hydro,Energía Abierta,107.37
Chile,7.6,Solar,Wiki-Solar,15.63
Chile,21.0,Solar,Wiki-Solar,45.81
Chile,30.2,Solar,Wiki-Solar,71.93
Chile,18.0,Solar,Wiki-Solar,39.81
Chile,32.1,Solar,Wiki-Solar,67.6
Chile,30.0,Solar,Wiki-Solar,62.58
Chile,21.0,Solar,Wiki-Solar,42.68
Chile,120.0,Solar,Wiki-Solar,248.77
Chile,50.2,Solar,Wiki-Solar,105.11
Chile,141.0,Solar,Wiki-Solar,299.97
Chile,70.0,Solar,Wiki-Solar,147.73
Chile,71.0,Solar,Wiki-Solar,150.04
Chile,95.0,Hydro,Energía Abierta,274.51
Chile,1.0,Hydro,Energía Abierta,3.82
Chile,31.0,Hydro,Energía Abierta,98.33
Chile,3.0,Hydro,Energía Abierta,7.01
Chile,55.0,Hydro,Energía Abierta,161.11
Chile,68.0,Solar,Energía Abierta,105.32
Chile,6.0,Hydro,Energía Abierta,13.51
Chile,1.0,Hydro,Energía Abierta,2.21
Chile,9.0,Solar,Wiki-Solar,17.04
Chile,9.0,Solar,Wiki-Solar,17.29
Chile,8.0,Solar,Wiki-Solar,16.58
Chile,7.0,Hydro,Energía Abierta,15.76
Chile,9.0,Hydro,Energía Abierta,32.07
Chile,32.0,Hydro,Energía Abierta,121.9
Chile,467.0,Hydro,Energía Abierta,1387.58
Chile,570.0,Hydro,Energía Abierta,1679.87
Chile,85.0,Hydro,Energía Abierta,251.46
Chile,41.0,Hydro,Energía Abierta,156.63
Chile,7.5,Solar,Energía Abierta,16.37
Chile,16.0,Solar,Energía Abierta,37.55
Chile,14.0,Hydro,Energía Abierta,36.41
Chile,6.0,Hydro,Energía Abierta,16.35
Chile,51.0,Hydro,Energía Abierta,178.36
Chile,22.0,Hydro,Energía Abierta,86.46
Chile,68.0,Solar,Energía Abierta,145.83
Chile,6.0,Solar,Wiki-Solar,12.79
Chile,85.3,Solar,Wiki-Solar,187.91
Chile,85.7,Solar,Wiki-Solar,188.29
Chile,21.4,Solar,Wiki-Solar,44.98
Chile,4.0,Solar,Wiki-Solar,7.14
Chile,9.0,Solar,Wiki-Solar,19.71
Chile,23.5,Solar,Wiki-Solar,55.31
Chile,28.9,Solar,Wiki-Solar,60.7
Chile,49.0,Hydro,Energía Abierta,160.39
Chile,1.0,Hydro,Energía Abierta,3.85
Chile,71.0,Hydro,Energía Abierta,251.93
Chile,117.4,Solar,Wiki-Solar,244.72
Chile,690.0,Hydro,Energía Abierta,2052.5
Chile,378.0,Hydro,Energía Abierta,1149.96
Chile,5.0,Hydro,Energía Abierta,12.3
Chile,20.0,Hydro,Energía Abierta,58.4
Chile,6.0,Hydro,Energía Abierta,23.02
Chile,4.0,Hydro,Energía Abierta,8.97
Chile,60.0,Hydro,Energía Abierta,229.22
Chile,178.0,Hydro,Energía Abierta,454.08
Chile,40.0,Hydro,Energía Abierta,114.41
Chile,6.0,Hydro,Energía Abierta,24.63
Chile,37.0,Hydro,Energía Abierta,133.08
Chile,2.96,Solar,Energía Abierta,5.54
Chile,77.0,Hydro,Energía Abierta,266.83
Chile,1.28,Solar,Energía Abierta,2.2
Chile,28.05,Solar,Energía Abierta,62.04
Chile,65.0,Solar,Energía Abierta,141.94
Chile,3.0,Solar,Energía Abierta,5.99
Chile,2.0,Solar,Energía Abierta,3.75
Chile,50.6,Solar,Energía Abierta,107.0
Chile,30.0,Solar,Wiki-Solar,64.45
Chile,68.0,Solar,Wiki-Solar,139.21
Chile,48.2,Solar,Wiki-Solar,94.45
Chile,100.0,Solar,Wiki-Solar,215.34
Chile,2.94,Solar,Energía Abierta,5.57
Chile,1.0,Hydro,Energía Abierta,3.28
Chile,98.0,Solar,Wiki-Solar,204.81
Chile,50.0,Solar,Wiki-Solar,118.62
Chile,25.0,Solar,Wiki-Solar,52.5
Chile,13.0,Hydro,Energía Abierta,44.63
Chile,60.0,Solar,Wiki-Solar,131.22
China,128.0,Hydro,UNFCCC CDM Registry,487.03
China,4750.0,Hydro,,11167.63
China,20.0,Solar,Wiki-Solar,35.3
China,40.0,Solar,Wiki-Solar,59.56
China,40.0,Solar,Wiki-Solar,59.15
China,10.0,Solar,Wiki-Solar,15.71
China,15.0,Solar,Wiki-Solar,23.72
China,10.0,Solar,Wiki-Solar,15.81
China,20.0,Solar,Wiki-Solar,31.35
China,20.0,Solar,Wiki-Solar,31.34
China,20.0,Solar,Wiki-Solar,34.66
China,30.2,Solar,Wiki-Solar,49.26
China,9.0,Hydro,UNFCCC CDM Registry,28.77
China,100.0,Solar,Wiki-Solar,154.16
China,400.0,Solar,Wiki-Solar,594.03
China,500.0,Solar,Wiki-Solar,748.82
China,50.0,Solar,Wiki-Solar,75.71
China,15.0,Solar,Wiki-Solar,23.88
China,20.0,Solar,,32.25
China,30.0,Solar,Wiki-Solar,44.8
China,40.0,Solar,Wiki-Solar,59.94
China,772.0,Hydro,,1804.07
China,25.0,Hydro,UNFCCC CDM Registry,63.3
China,25.0,Solar,Wiki-Solar,39.4
China,140.0,Hydro,UNFCCC CDM Registry,404.01
China,800.0,Hydro,,2492.0
China,33.0,Hydro,UNFCCC CDM Registry,101.7
China,20.0,Hydro,UNFCCC CDM Registry,53.02
China,115.0,Hydro,Industry About,354.4
China,6.0,Hydro,UNFCCC CDM Registry,17.97
China,3.0,Hydro,UNFCCC CDM Registry,9.31
China,75.0,Solar,Wiki-Solar,117.18
China,20.0,Solar,Wiki-Solar,31.17
China,20.0,Solar,Wiki-Solar,33.51
China,22.0,Solar,Wiki-Solar,35.97
China,12.0,Solar,Wiki-Solar,18.19
China,9.6,Solar,Wiki-Solar,15.39
China,10.5,Solar,Wiki-Solar,16.8
China,6.0,Hydro,UNFCCC CDM Registry,17.48
China,13050.0,Hydro,Industry About,48675.06
China,12.0,Hydro,UNFCCC CDM Registry,27.46
China,1200.0,Hydro,,2660.73
China,300.0,Hydro,,557.2
China,192.0,Hydro,,498.85
China,4.0,Hydro,UNFCCC CDM Registry,7.65
China,540.0,Hydro,Industry About,1660.89
China,1500.0,Hydro,,4553.16
China,420.0,Hydro,Industry About,1086.8
China,9.6,Hydro,Industry About,19.2
China,32.0,Hydro,UNFCCC CDM Registry,78.06
China,50.0,Solar,Wiki-Solar,78.26
China,39.4,Solar,Wiki-Solar,59.38
China,40.0,Solar,Wiki-Solar,59.99
China,20.0,Solar,Wiki-Solar,31.69
China,30.0,Hydro,UNFCCC CDM Registry,83.6
China,10.0,Solar,Wiki-Solar,15.96
China,70.0,Solar,Wiki-Solar,105.53
China,100.0,Solar,Wiki-Solar,153.13
China,360.0,Hydro,,1017.82
China,8.0,Hydro,WRI,24.67
China,1200.0,Hydro,,1930.38
China,16.0,Hydro,UNFCCC CDM Registry,36.26
China,40.0,Hydro,UNFCCC CDM Registry,106.62
China,6.0,Solar,Wiki-Solar,10.17
China,22.0,Solar,Wiki-Solar,36.47
China,5.0,Solar,Wiki-Solar,8.58
China,5.0,Solar,Wiki-Solar,8.59
China,700.0,Hydro,,2180.5
China,220.0,Hydro,,668.9
China,140.0,Hydro,Industry About,345.47
China,22.1,Solar,Wiki-Solar,32.95
China,60.0,Solar,Wiki-Solar,96.2
China,27.0,Hydro,UNFCCC CDM Registry,69.16
China,20.0,Solar,Wiki-Solar,31.53
China,20.0,Solar,Wiki-Solar,31.83
China,10.0,Solar,Wiki-Solar,15.45
China,10.0,Solar,Wiki-Solar,15.38
China,30.0,Solar,Wiki-Solar,44.14
China,10.1,Solar,Wiki-Solar,15.34
China,15.0,Solar,Wiki-Solar,25.43
China,10.0,Solar,Wiki-Solar,16.18
China,35.0,Solar,Wiki-Solar,57.57
China,60.0,Solar,Wiki-Solar,126.95
China,20.0,Solar,Wiki-Solar,32.05
China,20.0,Solar,Wiki-Solar,34.33
China,300.0,Hydro,,936.56
China,50.0,Solar,Wiki-Solar,74.53
China,15.0,Solar,Wiki-Solar,25.58
China,10.0,Solar,Wiki-Solar,16.13
China,20.0,Solar,Wiki-Solar,32.27
China,20.0,Solar,Wiki-Solar,32.51
China,8.0,Solar,Wiki-Solar,12.93
China,10.0,Solar,Wiki-Solar,16.06
China,20.0,Solar,,32.83
China,20.0,Solar,,35.91
China,10.0,Solar,,16.11
China,10.0,Solar,,15.87
China,20.0,Solar,,32.15
China,20.0,Solar,,31.87
China,10.0,Solar,,15.99
China,9.0,Solar,,14.4
China,9.0,Solar,,14.47
China,20.0,Solar,,30.18
China,20.0,Solar,,35.9
China,20.0,Solar,,32.08
China,20.0,Solar,,31.67
China,30.0,Solar,Wiki-Solar,45.0
China,20.0,Solar,Wiki-Solar,32.83
China,500.0,Hydro,WRI,1293.7
China,30.0,Solar,Wiki-Solar,44.78
China,2.0,Solar,WRI,3.44
China,309.0,Hydro,Industry About,801.63
China,30.0,Solar,Wiki-Solar,45.12
China,50.0,Solar,Wiki-Solar,75.66
China,54.0,Hydro,UNFCCC CDM Registry,126.22
China,10.8,Hydro,Industry About,38.92
China,8.0,Hydro,UNFCCC CDM Registry,17.73
China,100.0,Solar,Wiki-Solar,148.12
China,48.0,Solar,Wiki-Solar,72.64
China,28.0,Solar,Wiki-Solar,43.3
China,60.0,Solar,Wiki-Solar,92.73
China,82.0,Solar,Wiki-Solar,119.89
China,30.0,Solar,Wiki-Solar,42.51
China,20.0,Solar,Wiki-Solar,29.81
China,20.0,Solar,Wiki-Solar,33.62
China,22.0,Solar,Wiki-Solar,33.26
China,40.0,Solar,Wiki-Solar,58.61
China,25.0,Solar,Wiki-Solar,36.81
China,9.0,Solar,Wiki-Solar,14.3
China,18.0,Hydro,UNFCCC CDM Registry,40.79
China,20.0,Hydro,UNFCCC CDM Registry,74.01
China,10.0,Hydro,UNFCCC CDM Registry,25.89
China,9.8,Solar,Wiki-Solar,16.47
China,80.0,Hydro,UNFCCC CDM Registry,243.89
China,40.0,Solar,Wiki-Solar,61.44
China,20.0,Solar,Wiki-Solar,33.5
China,40.0,Solar,Wiki-Solar,61.19
China,40.0,Solar,Wiki-Solar,61.15
China,40.0,Solar,Wiki-Solar,61.09
China,630.0,Hydro,,1343.48
China,50.0,Solar,Wiki-Solar,73.25
China,20.0,Solar,Wiki-Solar,33.16
China,30.0,Solar,Wiki-Solar,46.02
China,25.0,Solar,Wiki-Solar,39.21
China,3.0,Hydro,UNFCCC CDM Registry,7.35
China,20.0,Solar,,32.3
China,15.0,Hydro,UNFCCC CDM Registry,32.88
China,20.0,Solar,Wiki-Solar,34.5
China,30.0,Hydro,,57.14
China,16.0,Hydro,UNFCCC CDM Registry,36.32
China,6.0,Hydro,UNFCCC CDM Registry,11.96
China,100.0,Solar,Wiki-Solar,146.1
China,12.0,Hydro,UNFCCC CDM Registry,33.58
China,115.0,Hydro,UNFCCC CDM Registry,282.04
China,20.0,Solar,,36.46
China,400.0,Hydro,,951.1
China,110.0,Hydro,,356.92
China,10.0,Hydro,UNFCCC CDM Registry,27.9
China,26.0,Hydro,UNFCCC CDM Registry,67.82
China,75.0,Hydro,UNFCCC CDM Registry,257.08
China,20.0,Hydro,UNFCCC CDM Registry,32.04
China,8.0,Hydro,UNFCCC CDM Registry,18.28
China,8.0,Hydro,UNFCCC CDM Registry,25.5
China,48.0,Hydro,UNFCCC CDM Registry,117.34
China,12.0,Hydro,UNFCCC CDM Registry,35.49
China,6.0,Hydro,UNFCCC CDM Registry,11.52
China,4.0,Hydro,UNFCCC CDM Registry,7.97
China,120.0,Hydro,UNFCCC CDM Registry,302.73
China,276.0,Hydro,,827.67
China,24.0,Hydro,UNFCCC CDM Registry,79.84
China,20.0,Solar,Wiki-Solar,37.64
China,1350.0,Hydro,Industry About,3498.38
China,247.0,Solar,Wiki-Solar,452.25
China,10.0,Solar,Wiki-Solar,15.92
China,270.0,Solar,Wiki-Solar,494.38
China,10.0,Solar,Wiki-Solar,15.03
China,200.0,Solar,Wiki-Solar,311.58
China,3.0,Hydro,UNFCCC CDM Registry,7.29
China,15.0,Solar,Wiki-Solar,25.71
China,20.0,Solar,Wiki-Solar,33.95
China,30.0,Solar,Wiki-Solar,61.8
China,195.0,Hydro,,651.07
China,2600.0,Hydro,,8202.65
China,240.0,Hydro,,576.59
China,65.0,Hydro,UNFCCC CDM Registry,199.66
China,50.0,Solar,WRI,76.16
China,600.0,Hydro,,1471.34
China,200.0,Hydro,,480.08
China,30.0,Solar,Wiki-Solar,49.06
China,20.0,Solar,Wiki-Solar,32.15
China,52.0,Hydro,UNFCCC CDM Registry,152.33
China,35.0,Solar,Wiki-Solar,56.45
China,37.0,Hydro,UNFCCC CDM Registry,116.64
China,20.0,Hydro,UNFCCC CDM Registry,46.02
China,900.0,Hydro,,2736.95
China,10.0,Solar,Wiki-Solar,16.83
China,10.0,Solar,Wiki-Solar,16.9
China,20.0,Solar,Wiki-Solar,31.84
China,10.0,Solar,Wiki-Solar,15.47
China,20.0,Solar,,32.27
China,10.0,Solar,UNFCCC CDM Registry,16.41
China,20.0,Solar,,31.46
China,20.0,Solar,,31.72
China,5.0,Solar,Wiki-Solar,7.94
China,310.0,Solar,Wiki-Solar,469.14
China,50.0,Solar,Wiki-Solar,78.12
China,1000.0,Solar,Wiki-Solar,1604.66
China,100.0,Solar,Wiki-Solar,157.73
China,50.0,Solar,Wiki-Solar,76.82
China,24.0,Hydro,UNFCCC CDM Registry,61.21
China,324.5,Hydro,,894.36
China,100.0,Solar,Wiki-Solar,201.81
China,5.5,Solar,Wiki-Solar,9.23
China,20.0,Solar,,32.59
China,30.0,Solar,Wiki-Solar,45.96
China,50.0,Solar,Wiki-Solar,77.48
China,20.0,Solar,Wiki-Solar,32.49
China,20.0,Solar,Wiki-Solar,32.57
China,5.0,Hydro,UNFCCC CDM Registry,9.19
China,20.0,Solar,Wiki-Solar,34.95
China,15.0,Solar,Wiki-Solar,26.21
China,20.0,Solar,Wiki-Solar,36.71
China,40.0,Solar,Wiki-Solar,73.45
China,100.0,Solar,Wiki-Solar,185.13
China,70.0,Solar,Wiki-Solar,127.92
China,10.0,Solar,Wiki-Solar,16.22
China,75.0,Solar,Wiki-Solar,139.12
China,30.0,Solar,Wiki-Solar,53.99
China,24.0,Solar,Wiki-Solar,43.13
China,135.0,Solar,Wiki-Solar,249.36
China,50.0,Solar,Wiki-Solar,90.95
China,500.0,Solar,Wiki-Solar,896.61
China,28.0,Solar,Wiki-Solar,50.98
China,20.0,Solar,Wiki-Solar,36.34
China,10.0,Solar,Wiki-Solar,16.41
China,30.0,Solar,Wiki-Solar,54.55
China,15.0,Solar,Wiki-Solar,26.49
China,60.0,Solar,Wiki-Solar,109.04
China,20.0,Solar,Wiki-Solar,36.6
China,12.0,Solar,Wiki-Solar,20.74
China,9.0,Solar,Wiki-Solar,14.81
China,7.0,Hydro,UNFCCC CDM Registry,13.39
China,5.0,Hydro,UNFCCC CDM Registry,12.27
China,100.0,Hydro,UNFCCC CDM Registry,268.14
China,100.0,Solar,Wiki-Solar,157.49
China,50.0,Solar,Wiki-Solar,77.81
China,50.0,Solar,Wiki-Solar,77.84
China,50.0,Solar,Wiki-Solar,77.54
China,20.0,Solar,Wiki-Solar,32.69
China,24.0,Solar,Wiki-Solar,37.29
China,5.0,Solar,Wiki-Solar,8.44
China,18.0,Solar,Wiki-Solar,28.51
China,120.0,Hydro,UNFCCC CDM Registry,320.5
China,695.0,Hydro,,1798.22
China,20.0,Hydro,WRI,70.62
China,9.9,Solar,Wiki-Solar,16.2
China,5.0,Solar,Wiki-Solar,8.68
China,30.0,Solar,Wiki-Solar,44.72
China,500.0,Hydro,,1240.54
China,12.0,Hydro,UNFCCC CDM Registry,26.6
China,20.0,Solar,Wiki-Solar,30.53
China,110.0,Hydro,Industry About,325.1
China,30.0,Solar,Wiki-Solar,47.74
China,30.0,Solar,,47.65
China,30.0,Solar,,48.48
China,7.0,Solar,,10.89
China,4.5,Solar,Wiki-Solar,7.71
China,4.0,Hydro,UNFCCC CDM Registry,13.47
China,129.0,Hydro,UNFCCC CDM Registry,236.72
China,30.0,Solar,Wiki-Solar,55.42
China,8.0,Hydro,UNFCCC CDM Registry,18.31
China,14.0,Solar,Wiki-Solar,23.47
China,40.0,Solar,Wiki-Solar,60.29
China,65.6,Solar,Wiki-Solar,97.27
China,30.0,Solar,Wiki-Solar,44.1
China,30.0,Solar,Wiki-Solar,44.15
China,20.0,Solar,Wiki-Solar,31.23
China,30.0,Solar,Wiki-Solar,44.96
China,100.0,Solar,Wiki-Solar,156.39
China,10.0,Solar,Wiki-Solar,15.72
China,20.0,Solar,Wiki-Solar,31.36
China,48.0,Solar,Wiki-Solar,70.99
China,10.0,Solar,Wiki-Solar,15.3
China,22.1,Solar,Wiki-Solar,33.53
China,50.0,Hydro,UNFCCC CDM Registry,122.23
China,3300.0,Hydro,,9480.5
China,12.0,Hydro,UNFCCC CDM Registry,31.08
China,10.28,Solar,,17.97
China,13.3,Solar,,22.45
China,60.0,Solar,Wiki-Solar,92.56
China,7.0,Hydro,UNFCCC CDM Registry,17.53
China,30.0,Solar,Wiki-Solar,47.24
China,10.0,Solar,Wiki-Solar,17.0
China,30.0,Solar,Wiki-Solar,44.73
China,35.0,Solar,Wiki-Solar,54.13
China,45.0,Solar,Wiki-Solar,68.53
China,35.0,Solar,Wiki-Solar,54.21
China,35.0,Solar,Wiki-Solar,54.64
China,140.0,Hydro,Industry About,463.39
China,24.0,Hydro,UNFCCC CDM Registry,89.45
China,30.0,Solar,Wiki-Solar,47.62
China,100.0,Solar,Wiki-Solar,159.29
China,50.0,Solar,Wiki-Solar,79.8
China,25.0,Solar,Wiki-Solar,40.28
China,30.0,Solar,Wiki-Solar,46.21
China,10.0,Solar,Wiki-Solar,15.6
China,90.0,Solar,Wiki-Solar,140.33
China,10.0,Solar,Wiki-Solar,15.51
China,50.0,Solar,Wiki-Solar,76.06
China,30.0,Solar,Wiki-Solar,45.14
China,11.0,Solar,Wiki-Solar,17.73
China,30.0,Solar,Wiki-Solar,46.26
China,60.0,Solar,Wiki-Solar,96.0
China,50.0,Solar,Wiki-Solar,79.58
China,12.0,Solar,Wiki-Solar,19.51
China,26.0,Solar,Wiki-Solar,40.46
China,809.0,Hydro,,2756.74
China,150.0,Hydro,Industry About,391.53
China,800.0,Hydro,,2473.31
China,30.0,Solar,Wiki-Solar,47.87
China,40.0,Solar,Wiki-Solar,63.98
China,30.0,Solar,Wiki-Solar,47.49
China,6.0,Hydro,UNFCCC CDM Registry,15.23
China,30.0,Hydro,UNFCCC CDM Registry,87.89
China,297.2,Hydro,,830.91
China,24.0,Hydro,UNFCCC CDM Registry,61.13
China,18.0,Hydro,UNFCCC CDM Registry,62.27
China,44.0,Hydro,UNFCCC CDM Registry,136.74
China,42.0,Hydro,UNFCCC CDM Registry,136.67
China,11.0,Hydro,UNFCCC CDM Registry,38.49
China,5.0,Hydro,UNFCCC CDM Registry,8.83
China,3.0,Hydro,UNFCCC CDM Registry,8.83
China,25.0,Hydro,UNFCCC CDM Registry,77.58
China,80.0,Hydro,UNFCCC CDM Registry,222.84
China,43.0,Hydro,UNFCCC CDM Registry,143.13
China,13.0,Hydro,UNFCCC CDM Registry,44.15
China,100.0,Hydro,UNFCCC CDM Registry,277.45
China,66.0,Hydro,UNFCCC CDM Registry,161.9
China,2.0,Hydro,UNFCCC CDM Registry,4.55
China,20.0,Hydro,UNFCCC CDM Registry,50.19
China,9.0,Hydro,UNFCCC CDM Registry,20.57
China,16.0,Hydro,UNFCCC CDM Registry,45.75
China,6.0,Hydro,UNFCCC CDM Registry,18.53
China,9.0,Hydro,UNFCCC CDM Registry,32.22
China,11.0,Hydro,UNFCCC CDM Registry,40.56
China,16.0,Hydro,UNFCCC CDM Registry,58.8
China,30.0,Hydro,UNFCCC CDM Registry,83.01
China,25.0,Hydro,UNFCCC CDM Registry,82.92
China,6.0,Hydro,UNFCCC CDM Registry,11.49
China,15.0,Hydro,UNFCCC CDM Registry,46.84
China,30.0,Hydro,UNFCCC CDM Registry,92.37
China,36.0,Hydro,UNFCCC CDM Registry,97.7
China,60.0,Hydro,UNFCCC CDM Registry,163.28
China,100.0,Solar,Wiki-Solar,151.56
China,297.2,Hydro,Industry About,830.91
China,7.0,Solar,Wiki-Solar,12.05
China,20.0,Solar,Wiki-Solar,32.54
China,12.0,Hydro,UNFCCC CDM Registry,33.25
China,30.0,Solar,Wiki-Solar,46.16
China,10.0,Solar,Wiki-Solar,16.2
China,360.0,Hydro,,1226.23
China,10.0,Solar,,15.76
China,10.0,Solar,Wiki-Solar,15.87
China,20.0,Solar,Wiki-Solar,36.1
China,30.0,Solar,Wiki-Solar,53.63
China,25.0,Solar,Wiki-Solar,39.29
China,10.0,Solar,Wiki-Solar,16.23
China,20.0,Solar,Wiki-Solar,31.9
China,21.0,Hydro,UNFCCC CDM Registry,62.82
China,24.0,Hydro,UNFCCC CDM Registry,70.83
China,9.0,Hydro,UNFCCC CDM Registry,19.9
China,66.0,Hydro,UNFCCC CDM Registry,199.1
China,25.0,Hydro,UNFCCC CDM Registry,86.69
China,51.0,Hydro,UNFCCC CDM Registry,154.4
China,35.0,Hydro,UNFCCC CDM Registry,88.09
China,12.0,Hydro,UNFCCC CDM Registry,43.38
China,32.0,Hydro,UNFCCC CDM Registry,78.23
China,12.0,Hydro,UNFCCC CDM Registry,35.73
China,50.0,Solar,,76.86
China,123.0,Hydro,UNFCCC CDM Registry,330.65
China,10.0,Solar,,15.64
China,36.0,Hydro,UNFCCC CDM Registry,70.62
China,50.0,Solar,,73.34
China,26.0,Hydro,UNFCCC CDM Registry,63.95
China,10.0,Solar,,16.03
China,40.0,Solar,,61.9
China,12.0,Hydro,UNFCCC CDM Registry,31.53
China,6.0,Hydro,UNFCCC CDM Registry,20.9
China,10.0,Hydro,UNFCCC CDM Registry,37.51
China,5.0,Hydro,UNFCCC CDM Registry,14.91
China,21.0,Hydro,UNFCCC CDM Registry,76.06
China,240.0,Hydro,UNFCCC CDM Registry,485.05
China,8.0,Hydro,UNFCCC CDM Registry,28.64
China,7.0,Hydro,UNFCCC CDM Registry,20.1
China,3.0,Hydro,UNFCCC CDM Registry,5.58
China,9.0,Hydro,UNFCCC CDM Registry,26.79
China,6.0,Hydro,UNFCCC CDM Registry,21.52
China,8.0,Hydro,UNFCCC CDM Registry,20.29
China,51.0,Hydro,UNFCCC CDM Registry,154.37
China,20.0,Hydro,UNFCCC CDM Registry,72.79
China,52.0,Hydro,UNFCCC CDM Registry,144.89
China,90.0,Hydro,UNFCCC CDM Registry,250.78
China,23.0,Hydro,UNFCCC CDM Registry,57.0
China,10.0,Hydro,UNFCCC CDM Registry,38.31
China,24.0,Hydro,UNFCCC CDM Registry,81.84
China,17.0,Hydro,UNFCCC CDM Registry,36.25
China,10.0,Solar,,16.22
China,13.0,Hydro,UNFCCC CDM Registry,38.19
China,8.0,Hydro,UNFCCC CDM Registry,28.46
China,7.0,Hydro,UNFCCC CDM Registry,24.59
China,15.0,Hydro,UNFCCC CDM Registry,34.05
China,75.0,Hydro,UNFCCC CDM Registry,265.76
China,20.0,Solar,Wiki-Solar,33.85
China,40.0,Solar,Wiki-Solar,62.78
China,50.0,Solar,Wiki-Solar,84.48
China,252.0,Hydro,Industry About,792.39
China,15.0,Solar,Wiki-Solar,24.5
China,15.0,Solar,Wiki-Solar,23.95
China,25.0,Solar,Wiki-Solar,37.86
China,50.0,Solar,Wiki-Solar,78.05
China,100.0,Solar,Wiki-Solar,156.96
China,40.0,Solar,Wiki-Solar,61.1
China,75.0,Solar,Wiki-Solar,118.0
China,50.0,Solar,Wiki-Solar,77.68
China,20.0,Solar,Wiki-Solar,33.02
China,25.0,Solar,Wiki-Solar,40.96
China,8.0,Solar,Wiki-Solar,13.84
China,5.0,Solar,Wiki-Solar,8.61
China,12.0,Solar,Wiki-Solar,21.07
China,10.0,Solar,UNFCCC CDM Registry,15.65
China,1200.0,Hydro,,3833.12
China,390.0,Hydro,Industry About,1073.89
China,80.0,Hydro,Industry About,239.49
China,100.2,Solar,Wiki-Solar,184.6
China,150.0,Solar,Wiki-Solar,275.07
China,60.0,Solar,Wiki-Solar,108.41
China,55.0,Solar,Wiki-Solar,99.47
China,20.0,Solar,Wiki-Solar,36.32
China,45.0,Solar,Wiki-Solar,81.86
China,5.0,Solar,Wiki-Solar,8.12
China,15.0,Solar,Wiki-Solar,25.87
China,25.0,Solar,Wiki-Solar,44.48
China,30.0,Solar,Wiki-Solar,53.57
China,50.0,Solar,Wiki-Solar,90.85
China,40.0,Solar,Wiki-Solar,72.29
China,25.0,Solar,Wiki-Solar,44.68
China,30.0,Solar,Wiki-Solar,53.95
China,20.0,Solar,Wiki-Solar,36.39
China,200.0,Solar,Wiki-Solar,367.65
China,500.0,Solar,Wiki-Solar,891.23
China,40.0,Solar,Wiki-Solar,72.62
China,25.0,Solar,Wiki-Solar,45.0
China,10.0,Solar,Wiki-Solar,15.95
China,11.0,Solar,Wiki-Solar,18.28
China,20.2,Solar,Wiki-Solar,36.54
China,40.0,Solar,Wiki-Solar,72.7
China,20.0,Solar,Wiki-Solar,36.23
China,20.0,Solar,Wiki-Solar,36.19
China,20.0,Solar,Wiki-Solar,36.46
China,15.0,Solar,Wiki-Solar,26.05
China,15.0,Solar,Wiki-Solar,25.93
China,15.0,Solar,Wiki-Solar,25.98
China,11.0,Solar,Wiki-Solar,18.34
China,12.0,Solar,Wiki-Solar,20.05
China,12.0,Solar,,18.19
China,10.0,Solar,Wiki-Solar,16.65
China,200.0,Solar,,366.77
China,20.0,Solar,Wiki-Solar,36.15
China,20.0,Solar,Wiki-Solar,36.22
China,60.0,Solar,Wiki-Solar,108.68
China,10.0,Solar,Wiki-Solar,15.91
China,50.0,Solar,Wiki-Solar,90.65
China,750.0,Hydro,,1840.08
China,13.0,Hydro,UNFCCC CDM Registry,28.5
China,1500.0,Hydro,,3471.28
China,30.0,Solar,Wiki-Solar,53.58
China,200.0,Solar,Wiki-Solar,365.36
China,50.0,Solar,Wiki-Solar,91.06
China,100.0,Solar,Wiki-Solar,183.09
China,20.0,Solar,Wiki-Solar,36.07
China,50.0,Solar,Wiki-Solar,75.48
China,2100.0,Hydro,,5167.42
China,3000.0,Hydro,,8574.45
China,2400.0,Hydro,Industry About,6920.5
China,2400.0,Hydro,,6920.5
China,7.0,Hydro,UNFCCC CDM Registry,20.69
China,26.0,Hydro,UNFCCC CDM Registry,83.02
China,25.0,Hydro,UNFCCC CDM Registry,83.89
China,20.0,Hydro,UNFCCC CDM Registry,69.44
China,10.0,Solar,,15.95
China,28.0,Hydro,UNFCCC CDM Registry,74.58
China,24.0,Hydro,UNFCCC CDM Registry,68.98
China,21.0,Hydro,UNFCCC CDM Registry,54.14
China,72.0,Hydro,UNFCCC CDM Registry,186.21
China,90.0,Hydro,UNFCCC CDM Registry,332.02
China,9.0,Hydro,UNFCCC CDM Registry,32.87
China,11.0,Hydro,UNFCCC CDM Registry,39.33
China,10.0,Hydro,UNFCCC CDM Registry,22.16
China,18.0,Hydro,UNFCCC CDM Registry,76.89
China,25.0,Hydro,UNFCCC CDM Registry,80.33
China,4.0,Hydro,UNFCCC CDM Registry,14.9
China,48.0,Hydro,UNFCCC CDM Registry,124.77
China,456.0,Hydro,UNFCCC CDM Registry,1121.48
China,16.0,Hydro,UNFCCC CDM Registry,35.16
China,230.0,Hydro,UNFCCC CDM Registry,656.79
China,49.0,Hydro,UNFCCC CDM Registry,123.16
China,10.0,Hydro,UNFCCC CDM Registry,35.75
China,21.0,Hydro,UNFCCC CDM Registry,54.22
China,66.0,Hydro,UNFCCC CDM Registry,168.46
China,1040.0,Hydro,,2679.43
China,2400.0,Hydro,Industry About,5582.7
China,33.0,Hydro,UNFCCC CDM Registry,83.06
China,25.0,Solar,Wiki-Solar,38.82
China,20.0,Solar,Wiki-Solar,34.98
China,19.5,Hydro,Industry About,64.67
China,3000.0,Hydro,,7053.24
China,100.0,Solar,Wiki-Solar,174.96
China,10.0,Solar,Wiki-Solar,15.97
China,6.0,Hydro,UNFCCC CDM Registry,15.74
China,13.0,Hydro,UNFCCC CDM Registry,39.91
China,20.0,Hydro,UNFCCC CDM Registry,60.9
China,35.0,Solar,Wiki-Solar,57.23
China,25.0,Solar,Wiki-Solar,40.57
China,50.0,Solar,Wiki-Solar,76.24
China,20.0,Solar,Wiki-Solar,34.13
China,8.0,Hydro,UNFCCC CDM Registry,30.31
China,14.0,Hydro,UNFCCC CDM Registry,31.73
China,50.0,Hydro,UNFCCC CDM Registry,101.76
China,9.0,Hydro,UNFCCC CDM Registry,21.74
China,9.0,Hydro,UNFCCC CDM Registry,24.48
China,180.0,Hydro,UNFCCC CDM Registry,439.48
China,9.0,Hydro,UNFCCC CDM Registry,28.92
China,40.0,Hydro,UNFCCC CDM Registry,114.46
China,20.0,Hydro,UNFCCC CDM Registry,57.29
China,20.0,Hydro,UNFCCC CDM Registry,61.63
China,17.0,Hydro,UNFCCC CDM Registry,51.82
China,20.0,Solar,Wiki-Solar,34.4
China,10.0,Solar,UNFCCC CDM Registry,15.87
China,10.0,Solar,,15.82
China,20.0,Solar,,33.03
China,50.0,Solar,Wiki-Solar,78.06
China,15.0,Solar,Wiki-Solar,26.15
China,60.0,Hydro,Industry About,155.42
China,20.0,Solar,Wiki-Solar,31.93
China,50.0,Solar,Wiki-Solar,75.28
China,4.0,Solar,Wiki-Solar,6.78
China,20.0,Solar,Wiki-Solar,32.39
China,20.0,Solar,,37.03
China,20.0,Solar,Wiki-Solar,33.8
China,110.0,Solar,Wiki-Solar,176.85
China,50.0,Solar,Wiki-Solar,78.57
China,40.0,Solar,Wiki-Solar,57.2
China,10.0,Solar,Wiki-Solar,15.09
China,50.0,Solar,Wiki-Solar,75.96
China,50.0,Solar,,90.27
China,20.0,Solar,,31.9
China,30.0,Solar,,47.51
China,10.0,Solar,Wiki-Solar,15.35
China,100.0,Solar,Wiki-Solar,150.83
China,200.0,Solar,Wiki-Solar,300.07
China,50.0,Solar,Wiki-Solar,73.17
China,10.0,Solar,,15.73
China,40.0,Solar,Wiki-Solar,61.47
China,10.0,Solar,Wiki-Solar,16.79
China,72.0,Hydro,UNFCCC CDM Registry,233.46
China,15.0,Solar,Wiki-Solar,26.04
China,50.0,Solar,Wiki-Solar,76.16
China,30.0,Solar,Wiki-Solar,46.92
China,70.0,Solar,Wiki-Solar,109.51
China,30.0,Solar,Wiki-Solar,47.14
China,65.0,Solar,Wiki-Solar,95.6
China,15.0,Solar,Wiki-Solar,23.03
China,5.0,Solar,Wiki-Solar,7.61
China,1200.0,Hydro,,2809.58
China,18.8,Solar,Wiki-Solar,28.55
China,15.0,Hydro,UNFCCC CDM Registry,33.99
China,30.0,Solar,Wiki-Solar,45.02
China,25.0,Solar,Wiki-Solar,37.88
China,20.0,Solar,Wiki-Solar,31.87
China,23.0,Hydro,UNFCCC CDM Registry,65.17
China,70.0,Solar,Wiki-Solar,104.95
China,30.0,Solar,Wiki-Solar,44.65
China,64.0,Hydro,UNFCCC CDM Registry,254.52
China,30.0,Hydro,UNFCCC CDM Registry,68.11
China,15.0,Solar,Wiki-Solar,23.23
China,45.0,Solar,Wiki-Solar,66.28
China,50.0,Solar,Wiki-Solar,73.5
China,25.0,Solar,Wiki-Solar,36.91
China,150.0,Solar,Wiki-Solar,222.74
China,31.0,Solar,Wiki-Solar,49.57
China,4.0,Hydro,UNFCCC CDM Registry,9.41
China,25.0,Solar,Wiki-Solar,37.96
China,25.0,Solar,Wiki-Solar,37.89
China,50.0,Solar,Wiki-Solar,75.74
China,70.0,Solar,Wiki-Solar,107.69
China,30.0,Solar,Wiki-Solar,45.7
China,228.0,Hydro,,1120.78
China,600.0,Hydro,,1416.45
China,225.0,Hydro,,706.99
China,200.0,Hydro,Industry About,485.7
China,20.0,Solar,Wiki-Solar,34.23
China,20.0,Solar,Wiki-Solar,34.36
China,20.0,Solar,Wiki-Solar,32.3
China,1200.0,Hydro,,2716.44
China,20.2,Solar,Wiki-Solar,30.01
China,6.68,Solar,,11.15
China,820.0,Solar,Wiki-Solar,1186.05
China,300.0,Solar,Wiki-Solar,441.64
China,150.0,Solar,Wiki-Solar,224.61
China,250.0,Solar,Wiki-Solar,375.82
China,200.0,Hydro,,607.54
China,25.0,Solar,Wiki-Solar,40.22
China,20.0,Solar,Wiki-Solar,32.23
China,30.0,Solar,Wiki-Solar,45.44
China,100.0,Solar,Wiki-Solar,152.25
China,10.0,Solar,Wiki-Solar,15.82
China,20.0,Solar,Wiki-Solar,31.48
China,50.0,Solar,Wiki-Solar,74.73
China,30.0,Solar,Wiki-Solar,44.36
China,50.0,Solar,Wiki-Solar,74.75
China,6.0,Hydro,UNFCCC CDM Registry,14.25
China,8.0,Hydro,UNFCCC CDM Registry,24.71
China,10.0,Solar,Wiki-Solar,15.52
China,10.0,Hydro,UNFCCC CDM Registry,22.89
China,40.0,Solar,Wiki-Solar,63.47
China,10.0,Solar,Wiki-Solar,17.4
China,20.0,Solar,Wiki-Solar,30.87
China,40.0,Solar,Wiki-Solar,58.5
China,60.0,Solar,Wiki-Solar,88.17
China,20.0,Solar,Wiki-Solar,32.59
China,9.0,Hydro,UNFCCC CDM Registry,32.18
China,40.0,Solar,Wiki-Solar,60.06
China,44.0,Hydro,UNFCCC CDM Registry,132.82
China,20.0,Solar,UNFCCC CDM Registry,31.16
China,10.0,Solar,,15.91
China,20.0,Solar,,34.51
China,10.0,Solar,WRI,16.97
China,132.0,Hydro,UNFCCC CDM Registry,372.16
China,452.0,Hydro,UNFCCC CDM Registry,888.65
China,20.0,Solar,Wiki-Solar,33.15
China,40.0,Solar,Wiki-Solar,61.28
China,150.0,Solar,Wiki-Solar,228.61
China,20.0,Solar,,32.66
China,20.0,Solar,,36.13
China,20.0,Solar,,36.15
China,30.0,Solar,,53.57
China,30.24,Solar,,46.21
China,225.0,Hydro,Industry About,468.37
China,50.0,Solar,Wiki-Solar,75.02
China,8.8,Hydro,,25.33
China,510.0,Hydro,,1375.42
China,50.0,Solar,Wiki-Solar,76.73
China,12.0,Hydro,UNFCCC CDM Registry,45.09
China,223.0,Hydro,Industry About,616.64
China,10.0,Hydro,,29.86
China,10.0,Solar,Wiki-Solar,17.21
China,60.0,Hydro,UNFCCC CDM Registry,144.14
China,10.0,Hydro,UNFCCC CDM Registry,34.87
China,10.0,Hydro,UNFCCC CDM Registry,33.41
China,15.0,Hydro,UNFCCC CDM Registry,44.04
China,90.0,Hydro,UNFCCC CDM Registry,241.65
China,40.0,Hydro,UNFCCC CDM Registry,107.13
China,70.0,Hydro,UNFCCC CDM Registry,191.5
China,27.0,Hydro,UNFCCC CDM Registry,81.06
China,30.0,Hydro,UNFCCC CDM Registry,71.0
China,33.0,Hydro,UNFCCC CDM Registry,83.86
China,18.0,Hydro,UNFCCC CDM Registry,51.33
China,4.0,Hydro,UNFCCC CDM Registry,10.63
China,180.0,Hydro,UNFCCC CDM Registry,376.67
China,45.0,Hydro,UNFCCC CDM Registry,132.0
China,16.0,Hydro,UNFCCC CDM Registry,53.16
China,8.0,Hydro,UNFCCC CDM Registry,17.69
China,10.0,Solar,Wiki-Solar,16.6
China,20.0,Solar,Wiki-Solar,30.95
China,10.0,Solar,Wiki-Solar,15.21
China,30.0,Solar,Wiki-Solar,43.77
China,1200.0,Hydro,,1949.36
China,9.0,Solar,Wiki-Solar,14.63
China,10.0,Solar,Wiki-Solar,16.07
China,70.0,Solar,Wiki-Solar,107.79
China,20.0,Solar,Wiki-Solar,33.99
China,2400.0,Hydro,,5582.7
China,7.0,Hydro,UNFCCC CDM Registry,13.95
China,72.0,Hydro,UNFCCC CDM Registry,183.32
China,20.0,Hydro,UNFCCC CDM Registry,50.08
China,20.0,Hydro,UNFCCC CDM Registry,51.63
China,8.0,Hydro,UNFCCC CDM Registry,32.26
China,30.0,Hydro,UNFCCC CDM Registry,92.55
China,25.0,Hydro,UNFCCC CDM Registry,81.43
China,7.0,Hydro,UNFCCC CDM Registry,20.15
China,24.0,Hydro,UNFCCC CDM Registry,61.89
China,36.0,Hydro,UNFCCC CDM Registry,87.81
China,9.0,Hydro,UNFCCC CDM Registry,32.21
China,16.0,Hydro,UNFCCC CDM Registry,70.34
China,6.0,Hydro,UNFCCC CDM Registry,17.79
China,13.0,Hydro,UNFCCC CDM Registry,54.79
China,7.0,Hydro,UNFCCC CDM Registry,13.41
China,12.0,Hydro,UNFCCC CDM Registry,35.28
China,26.0,Hydro,UNFCCC CDM Registry,73.4
China,45.0,Hydro,UNFCCC CDM Registry,158.22
China,25.0,Hydro,UNFCCC CDM Registry,102.43
China,45.0,Hydro,UNFCCC CDM Registry,177.36
China,10.0,Hydro,UNFCCC CDM Registry,22.11
China,69.0,Hydro,UNFCCC CDM Registry,159.29
China,15.0,Hydro,UNFCCC CDM Registry,61.72
China,7.0,Hydro,UNFCCC CDM Registry,21.81
China,5.0,Hydro,UNFCCC CDM Registry,14.57
China,6.0,Hydro,UNFCCC CDM Registry,18.69
China,8.0,Hydro,UNFCCC CDM Registry,23.61
China,10.0,Hydro,UNFCCC CDM Registry,34.44
China,180.0,Hydro,UNFCCC CDM Registry,868.86
China,9.0,Hydro,UNFCCC CDM Registry,19.95
China,120.0,Hydro,UNFCCC CDM Registry,296.24
China,33.0,Hydro,UNFCCC CDM Registry,101.45
China,25.0,Hydro,UNFCCC CDM Registry,95.95
China,270.0,Hydro,,639.53
China,15.0,Solar,Wiki-Solar,25.56
China,30.0,Solar,Wiki-Solar,43.83
China,20.0,Solar,Wiki-Solar,33.07
China,20.0,Solar,Wiki-Solar,32.55
China,100.0,Solar,Wiki-Solar,153.45
China,1000.0,Solar,Wiki-Solar,1439.51
China,20.0,Solar,,32.01
China,50.0,Solar,,74.73
China,60.0,Solar,,90.5
China,45.0,Solar,Wiki-Solar,71.1
China,20.0,Solar,Wiki-Solar,32.58
China,20.0,Hydro,UNFCCC CDM Registry,72.25
China,330.0,Hydro,Industry About,749.68
China,12.0,Solar,Wiki-Solar,20.54
China,5.0,Solar,Wiki-Solar,8.53
China,16.0,Solar,Wiki-Solar,27.82
China,5.0,Solar,Wiki-Solar,8.69
China,20.0,Solar,Wiki-Solar,34.51
China,13.0,Solar,Wiki-Solar,23.08
China,30.0,Solar,Wiki-Solar,48.48
China,12.0,Solar,Wiki-Solar,21.38
China,27.0,Solar,Wiki-Solar,44.22
China,20.0,Solar,Wiki-Solar,33.76
China,300.0,Hydro,Industry About,832.82
China,500.0,Hydro,Industry About,1130.13
China,150.0,Solar,Wiki-Solar,243.86
China,96.0,Hydro,,385.92
China,25.0,Solar,Wiki-Solar,40.95
China,20.0,Solar,,33.95
China,20.0,Solar,,34.58
China,6.0,Hydro,WRI,19.62
China,16.0,Hydro,UNFCCC CDM Registry,35.07
China,15.0,Hydro,WRI,44.64
China,21.0,Hydro,UNFCCC CDM Registry,69.69
China,7.0,Hydro,UNFCCC CDM Registry,20.76
China,20.0,Hydro,UNFCCC CDM Registry,68.55
China,7.0,Hydro,UNFCCC CDM Registry,25.06
China,8.0,Hydro,WRI,23.21
China,120.0,Hydro,UNFCCC CDM Registry,420.66
China,25.0,Hydro,UNFCCC CDM Registry,46.47
China,360.0,Hydro,UNFCCC CDM Registry,1141.87
China,20.0,Hydro,UNFCCC CDM Registry,65.51
China,36.0,Hydro,UNFCCC CDM Registry,122.82
China,35.0,Hydro,UNFCCC CDM Registry,110.66
China,36.0,Hydro,UNFCCC CDM Registry,113.82
China,300.0,Hydro,Industry About,710.59
China,360.0,Hydro,,1141.87
China,4.0,Solar,Wiki-Solar,6.85
China,20.0,Solar,Wiki-Solar,33.69
China,5.0,Solar,Wiki-Solar,8.48
China,20.0,Solar,Wiki-Solar,34.29
China,30.0,Solar,Wiki-Solar,47.64
China,30.0,Solar,Wiki-Solar,46.43
China,13.8,Solar,Wiki-Solar,23.44
China,30.0,Solar,Wiki-Solar,45.01
China,300.0,Solar,Wiki-Solar,655.17
China,180.0,Solar,Wiki-Solar,280.52
China,82.0,Solar,Wiki-Solar,125.79
China,40.0,Solar,Wiki-Solar,61.0
China,72.0,Hydro,UNFCCC CDM Registry,261.96
China,10.0,Solar,Wiki-Solar,16.92
China,100.2,Solar,Wiki-Solar,165.19
China,9.0,Solar,Wiki-Solar,14.31
China,20.0,Solar,Wiki-Solar,33.81
China,10.0,Solar,Wiki-Solar,15.88
China,90.0,Solar,Wiki-Solar,157.13
China,50.0,Solar,Wiki-Solar,81.2
China,20.0,Solar,Wiki-Solar,35.14
China,24.0,Solar,Wiki-Solar,40.93
China,50.0,Solar,Wiki-Solar,85.56
China,45.0,Solar,Wiki-Solar,72.8
China,50.0,Solar,Wiki-Solar,85.71
China,70.0,Solar,Wiki-Solar,121.1
China,15.0,Solar,Wiki-Solar,25.09
China,20.0,Solar,Wiki-Solar,35.33
China,30.0,Solar,Wiki-Solar,48.19
China,20.0,Solar,Wiki-Solar,33.88
China,49.5,Solar,Wiki-Solar,85.16
China,10.0,Solar,Wiki-Solar,15.94
China,20.0,Hydro,UNFCCC CDM Registry,63.72
China,300.0,Hydro,,608.13
China,25.0,Solar,Wiki-Solar,37.11
China,160.0,Hydro,,423.65
China,16.0,Hydro,UNFCCC CDM Registry,59.34
China,460.0,Hydro,,1172.46
China,100.0,Hydro,,272.48
China,150.0,Solar,Wiki-Solar,240.35
China,100.0,Solar,Wiki-Solar,160.86
China,2800.0,Hydro,,6583.02
China,20.0,Solar,Wiki-Solar,32.66
China,25.0,Solar,Wiki-Solar,38.83
China,50.0,Solar,Wiki-Solar,77.99
China,36.0,Solar,Wiki-Solar,56.18
China,60.0,Solar,Wiki-Solar,93.25
China,90.0,Solar,Wiki-Solar,140.99
China,30.0,Solar,Wiki-Solar,45.83
China,164.0,Solar,Wiki-Solar,254.29
China,98.0,Solar,Wiki-Solar,152.57
China,102.0,Solar,Wiki-Solar,158.8
China,50.0,Solar,Wiki-Solar,75.92
China,50.0,Solar,Wiki-Solar,74.56
China,50.0,Solar,Wiki-Solar,73.34
China,100.0,Solar,Wiki-Solar,148.31
China,100.0,Solar,Wiki-Solar,147.97
China,80.0,Solar,Wiki-Solar,120.9
China,250.0,Solar,Wiki-Solar,369.2
China,50.0,Solar,Wiki-Solar,72.42
China,25.0,Solar,Wiki-Solar,36.18
China,20.0,Solar,Wiki-Solar,30.8
China,1500.0,Hydro,,3526.62
China,36.0,Hydro,UNFCCC CDM Registry,96.09
China,10.5,Solar,Wiki-Solar,16.63
China,20.0,Solar,Wiki-Solar,29.24
China,30.0,Solar,Wiki-Solar,41.39
China,31.0,Solar,,44.53
China,12.0,Hydro,UNFCCC CDM Registry,26.53
China,65.0,Solar,Wiki-Solar,98.86
China,20.0,Solar,Wiki-Solar,32.07
China,100.0,Solar,Wiki-Solar,157.72
China,24.0,Solar,Wiki-Solar,37.6
China,37.0,Solar,Wiki-Solar,68.73
China,58.0,Hydro,UNFCCC CDM Registry,161.0
China,70.0,Solar,Wiki-Solar,109.06
China,12.0,Solar,Wiki-Solar,20.86
China,20.0,Solar,Wiki-Solar,34.75
China,20.0,Solar,Wiki-Solar,34.21
China,8.0,Solar,Wiki-Solar,13.85
China,25.0,Hydro,UNFCCC CDM Registry,87.43
China,28.0,Hydro,UNFCCC CDM Registry,90.58
China,18.0,Solar,Wiki-Solar,36.0
China,3600.0,Hydro,,8858.44
China,4400.0,Hydro,,10826.98
China,300.0,Hydro,,685.62
China,100.0,Solar,Wiki-Solar,152.92
China,70.0,Solar,Wiki-Solar,109.48
China,20.0,Solar,Wiki-Solar,32.85
China,9.0,Solar,Wiki-Solar,14.47
China,8.0,Solar,Wiki-Solar,12.89
China,6.0,Solar,Wiki-Solar,9.66
China,10.0,Solar,Wiki-Solar,16.14
China,9.0,Solar,Wiki-Solar,14.37
China,100.0,Solar,Wiki-Solar,157.85
China,24.0,Hydro,UNFCCC CDM Registry,82.05
China,7.0,Hydro,UNFCCC CDM Registry,25.63
China,1020.0,Hydro,,1989.85
China,8.0,Hydro,UNFCCC CDM Registry,28.69
China,300.0,Hydro,,785.75
China,60.0,Solar,Wiki-Solar,90.99
China,5.0,Solar,Wiki-Solar,8.27
China,20.0,Solar,Wiki-Solar,33.03
China,13.0,Hydro,UNFCCC CDM Registry,29.51
China,249.0,Hydro,UNFCCC CDM Registry,770.91
China,8.0,Hydro,UNFCCC CDM Registry,22.81
China,5.0,Solar,Wiki-Solar,8.57
China,285.0,Hydro,Industry About,788.95
China,20.0,Solar,Wiki-Solar,33.63
China,12.0,Hydro,UNFCCC CDM Registry,58.63
China,9.0,Hydro,UNFCCC CDM Registry,26.11
China,15.0,Solar,Wiki-Solar,31.23
China,45.0,Solar,Wiki-Solar,93.86
China,60.0,Solar,Wiki-Solar,91.17
China,15.0,Hydro,UNFCCC CDM Registry,32.96
China,284.9,Hydro,,805.49
China,50.0,Solar,Wiki-Solar,76.89
China,130.0,Solar,Wiki-Solar,201.23
China,16.0,Solar,Wiki-Solar,25.55
China,25.0,Solar,Wiki-Solar,38.34
China,35.0,Solar,Wiki-Solar,53.01
China,150.0,Hydro,UNFCCC CDM Registry,370.64
China,100.0,Solar,Wiki-Solar,145.9
China,35.0,Solar,Wiki-Solar,53.14
China,20.0,Solar,Wiki-Solar,32.64
China,20.0,Solar,Wiki-Solar,30.41
China,20.0,Solar,Wiki-Solar,30.49
China,35.0,Solar,Wiki-Solar,51.0
China,10.0,Hydro,UNFCCC CDM Registry,28.2
China,18.0,Hydro,UNFCCC CDM Registry,50.65
China,29.8,Solar,Wiki-Solar,44.07
China,100.0,Solar,,221.66
China,16.0,Hydro,UNFCCC CDM Registry,66.53
China,30.0,Solar,Wiki-Solar,44.77
China,14.0,Hydro,UNFCCC CDM Registry,31.78
China,20.0,Solar,Wiki-Solar,34.68
China,30.0,Solar,Wiki-Solar,48.0
China,658.0,Hydro,,1333.37
China,175.0,Solar,Wiki-Solar,280.21
China,150.0,Solar,Wiki-Solar,266.36
China,8.0,Hydro,UNFCCC CDM Registry,23.28
China,30.0,Solar,Wiki-Solar,54.0
China,390.0,Hydro,Industry About,1102.64
China,40.0,Solar,Wiki-Solar,59.9
China,40.0,Solar,Wiki-Solar,60.02
China,11.3,Solar,Wiki-Solar,18.94
China,10.0,Hydro,UNFCCC CDM Registry,33.73
China,4200.0,Hydro,,12310.78
China,20.0,Solar,Wiki-Solar,37.97
China,18.0,Hydro,UNFCCC CDM Registry,51.97
China,35.0,Solar,Wiki-Solar,61.35
China,20.0,Solar,Wiki-Solar,33.3
China,70.0,Solar,Wiki-Solar,108.32
China,600.0,Hydro,,1450.16
China,10.0,Solar,Wiki-Solar,16.91
China,130.0,Hydro,UNFCCC CDM Registry,315.05
China,20.0,Solar,Wiki-Solar,35.43
China,50.0,Solar,Wiki-Solar,84.73
China,52.0,Hydro,UNFCCC CDM Registry,168.61
China,15.0,Hydro,UNFCCC CDM Registry,38.51
China,20.0,Hydro,,66.15
China,24.0,Hydro,UNFCCC CDM Registry,77.89
China,120.0,Hydro,UNFCCC CDM Registry,391.89
China,50.0,Solar,,80.06
China,550.0,Hydro,,1491.56
China,6.0,Solar,Wiki-Solar,9.3
China,5.0,Solar,Wiki-Solar,8.71
China,20.0,Solar,Wiki-Solar,33.71
China,30.0,Solar,Wiki-Solar,51.16
China,35.0,Solar,Wiki-Solar,56.31
China,1632.0,Hydro,Industry About,4783.62
China,13.0,Hydro,UNFCCC CDM Registry,46.81
China,10.0,Hydro,UNFCCC CDM Registry,35.29
China,18.0,Hydro,UNFCCC CDM Registry,52.13
China,100.0,Solar,Wiki-Solar,149.78
China,40.0,Solar,Wiki-Solar,60.35
China,100.0,Solar,Wiki-Solar,162.21
China,30.0,Solar,Wiki-Solar,47.75
China,30.0,Solar,Wiki-Solar,47.54
China,10.0,Solar,Wiki-Solar,17.27
China,25.0,Hydro,UNFCCC CDM Registry,63.21
China,270.0,Hydro,,1259.37
China,5.0,Hydro,UNFCCC CDM Registry,17.54
China,15.0,Hydro,UNFCCC CDM Registry,58.39
China,12.0,Hydro,UNFCCC CDM Registry,45.98
China,25.0,Solar,Wiki-Solar,39.89
China,6.0,Hydro,UNFCCC CDM Registry,20.39
China,9.0,Solar,Wiki-Solar,14.49
China,50.0,Solar,Wiki-Solar,83.17
China,35.0,Solar,Wiki-Solar,56.97
China,60.0,Solar,Wiki-Solar,92.45
China,15.0,Solar,Wiki-Solar,24.69
China,4.5,Solar,Wiki-Solar,7.24
China,25.0,Solar,Wiki-Solar,38.33
China,6.0,Solar,Wiki-Solar,9.68
China,15.0,Solar,Wiki-Solar,24.96
China,50.0,Solar,Wiki-Solar,78.13
China,15.0,Solar,Wiki-Solar,24.68
China,40.0,Solar,Wiki-Solar,63.63
China,40.0,Solar,Wiki-Solar,60.33
China,20.0,Solar,Wiki-Solar,34.54
China,1225.0,Hydro,,2959.24
China,120.0,Hydro,UNFCCC CDM Registry,340.74
China,12.0,Hydro,UNFCCC CDM Registry,37.33
China,20.0,Solar,Wiki-Solar,32.44
China,20.0,Solar,Wiki-Solar,32.45
China,60.0,Solar,Wiki-Solar,91.78
China,200.0,Solar,Wiki-Solar,310.54
China,20.2,Solar,Wiki-Solar,32.45
China,48.0,Hydro,,127.37
China,25.0,Hydro,UNFCCC CDM Registry,86.08
China,3.0,Hydro,UNFCCC CDM Registry,6.64
China,1200.0,Hydro,,2708.72
China,15.0,Solar,Wiki-Solar,25.05
China,2400.0,Hydro,,5536.79
China,50.0,Solar,Wiki-Solar,75.93
China,700.0,Hydro,,2111.84
China,240.0,Hydro,Industry About,586.49
China,1900.0,Hydro,,4467.05
China,420.0,Hydro,,1157.57
China,240.0,Hydro,Industry About,624.39
China,12.0,Hydro,UNFCCC CDM Registry,44.04
China,157.0,Hydro,Industry About,410.48
China,6300.0,Hydro,,18392.19
China,18.0,Hydro,UNFCCC CDM Registry,40.86
China,1280.0,Hydro,,3751.85
China,320.0,Solar,Wiki-Solar,567.31
China,530.0,Solar,Wiki-Solar,939.6
China,15.0,Solar,Wiki-Solar,26.14
China,20.0,Solar,Wiki-Solar,34.56
China,60.0,Solar,Wiki-Solar,92.7
China,20.0,Solar,Wiki-Solar,31.51
China,51.0,Hydro,UNFCCC CDM Registry,154.07
China,450.0,Hydro,,1020.22
China,71.5,Solar,Wiki-Solar,109.7
China,2160.0,Hydro,,5078.33
China,920.0,Hydro,,2764.18
China,10.0,Solar,Wiki-Solar,16.99
China,15.0,Solar,Wiki-Solar,25.28
China,15.0,Solar,Wiki-Solar,25.16
China,20.0,Solar,Wiki-Solar,29.75
China,25.0,Solar,Wiki-Solar,35.32
China,10.0,Hydro,UNFCCC CDM Registry,30.67
China,10.0,Hydro,UNFCCC CDM Registry,28.55
China,110.0,Hydro,UNFCCC CDM Registry,304.46
China,15.0,Solar,Wiki-Solar,25.31
China,35.0,Solar,Wiki-Solar,55.72
China,10.0,Hydro,UNFCCC CDM Registry,27.88
China,30.0,Hydro,UNFCCC CDM Registry,75.96
China,18.0,Hydro,UNFCCC CDM Registry,76.31
China,42.0,Hydro,UNFCCC CDM Registry,105.71
China,15.0,Solar,Wiki-Solar,25.72
China,4.0,Hydro,UNFCCC CDM Registry,12.72
China,10.0,Solar,Wiki-Solar,15.89
China,40.0,Solar,Wiki-Solar,62.04
China,240.0,Hydro,Industry About,788.16
China,60.0,Solar,Wiki-Solar,90.04
China,12.0,Hydro,UNFCCC CDM Registry,36.02
China,10.0,Hydro,UNFCCC CDM Registry,30.02
China,400.0,Hydro,Industry About,1005.11
China,50.0,Hydro,UNFCCC CDM Registry,130.38
China,20.0,Hydro,Industry About,51.82
China,1605.0,Hydro,,4159.19
China,6.0,Hydro,UNFCCC CDM Registry,31.21
China,15.0,Hydro,UNFCCC CDM Registry,36.03
China,80.0,Solar,Wiki-Solar,128.99
China,10.0,Solar,Wiki-Solar,17.29
China,10.0,Hydro,UNFCCC CDM Registry,41.78
China,50.0,Solar,Wiki-Solar,109.44
China,10.0,Hydro,UNFCCC CDM Registry,22.85
China,600.0,Hydro,Industry About,1501.14
China,6.0,Hydro,UNFCCC CDM Registry,19.91
China,240.0,Hydro,Industry About,656.37
China,20.0,Solar,Wiki-Solar,32.68
China,30.0,Solar,Wiki-Solar,46.52
China,55.0,Solar,Wiki-Solar,85.61
China,12.0,Solar,Wiki-Solar,20.58
China,32.0,Hydro,UNFCCC CDM Registry,95.64
China,17.0,Hydro,UNFCCC CDM Registry,62.84
China,20.0,Solar,Wiki-Solar,31.03
China,25.0,Solar,Wiki-Solar,36.58
China,30.0,Hydro,Industry About,90.28
China,20.0,Hydro,UNFCCC CDM Registry,70.62
China,15.0,Hydro,UNFCCC CDM Registry,51.66
China,7.0,Solar,Wiki-Solar,11.4
China,6.0,Hydro,UNFCCC CDM Registry,21.0
China,6.1,Solar,Wiki-Solar,10.18
China,40.0,Solar,Wiki-Solar,60.99
China,45.0,Solar,Wiki-Solar,70.59
China,12.0,Hydro,UNFCCC CDM Registry,38.54
China,12.8,Solar,Wiki-Solar,19.82
China,3.7,Solar,Wiki-Solar,6.3
China,20.0,Solar,Wiki-Solar,34.35
China,50.0,Solar,Wiki-Solar,79.85
China,25.0,Solar,Wiki-Solar,38.64
China,25.0,Solar,Wiki-Solar,40.12
China,100.0,Solar,Wiki-Solar,150.94
China,20.0,Hydro,UNFCCC CDM Registry,51.59
China,250.0,Hydro,,615.84
China,160.0,Hydro,,516.68
China,20.0,Solar,Wiki-Solar,31.77
China,300.0,Solar,Wiki-Solar,447.92
China,100.0,Solar,Wiki-Solar,152.39
China,100.0,Solar,Wiki-Solar,151.82
China,100.0,Solar,Wiki-Solar,151.39
China,16.0,Hydro,UNFCCC CDM Registry,49.48
China,20.0,Solar,,31.36
China,10.0,Solar,,15.88
China,10.0,Solar,,16.0
China,20.0,Solar,,32.05
China,50.0,Solar,UNFCCC CDM Registry,75.44
China,30.0,Solar,,45.01
China,10.52,Solar,,16.66
China,120.0,Hydro,UNFCCC CDM Registry,262.47
China,10.0,Solar,UNFCCC CDM Registry,15.89
China,20.0,Solar,,32.14
China,30.0,Solar,,45.65
China,20.0,Solar,,31.76
China,10.0,Solar,,16.15
China,29.6,Solar,Wiki-Solar,45.87
China,20.0,Hydro,UNFCCC CDM Registry,66.84
China,80.0,Hydro,,206.36
China,100.0,Hydro,Industry About,277.45
China,2.0,Hydro,UNFCCC CDM Registry,5.48
China,12.0,Hydro,UNFCCC CDM Registry,26.11
China,5850.0,Hydro,Industry About,13753.82
China,10.0,Solar,Wiki-Solar,15.17
China,10.0,Solar,Wiki-Solar,17.44
China,160.0,Hydro,,465.0
China,150.0,Hydro,Industry About,371.88
China,513.0,Hydro,,1384.69
China,50.0,Solar,Wiki-Solar,79.29
China,6.0,Solar,Wiki-Solar,10.07
China,20.0,Solar,Wiki-Solar,34.05
China,25.0,Solar,Wiki-Solar,40.39
China,1750.0,Hydro,,5732.51
China,405.0,Hydro,,1346.74
China,40.0,Hydro,UNFCCC CDM Registry,100.54
China,10.0,Solar,Wiki-Solar,16.84
China,4.0,Hydro,UNFCCC CDM Registry,12.55
China,5.0,Solar,Wiki-Solar,8.09
China,32.0,Solar,Wiki-Solar,57.76
China,15.0,Solar,Wiki-Solar,22.61
China,180.0,Hydro,UNFCCC CDM Registry,467.57
China,35.0,Solar,Wiki-Solar,79.32
China,20.0,Solar,Wiki-Solar,32.08
China,25.0,Solar,Wiki-Solar,40.42
China,4260.0,Hydro,,13262.21
China,1200.0,Hydro,,2672.3
China,35.0,Solar,Wiki-Solar,51.65
China,9.0,Hydro,UNFCCC CDM Registry,28.31
China,20.0,Hydro,UNFCCC CDM Registry,53.65
China,456.0,Hydro,,1121.48
China,10.0,Hydro,UNFCCC CDM Registry,39.39
China,16.0,Hydro,UNFCCC CDM Registry,62.44
China,50.0,Solar,Wiki-Solar,108.71
China,111.0,Hydro,,401.52
China,30.0,Solar,Wiki-Solar,45.9
China,20.0,Solar,Wiki-Solar,32.52
China,50.0,Solar,Wiki-Solar,76.86
China,9.0,Solar,Wiki-Solar,14.4
China,25.0,Solar,Wiki-Solar,38.71
China,20.0,Solar,Wiki-Solar,32.5
China,48.0,Solar,Wiki-Solar,73.44
China,10.0,Solar,Wiki-Solar,15.99
China,100.0,Solar,Wiki-Solar,155.23
China,18.0,Solar,Wiki-Solar,29.39
China,40.0,Solar,Wiki-Solar,61.3
China,30.0,Solar,Wiki-Solar,45.97
China,75.0,Solar,Wiki-Solar,116.92
China,40.0,Solar,Wiki-Solar,61.41
China,20.0,Solar,Wiki-Solar,32.43
China,30.0,Solar,Wiki-Solar,45.92
China,25.0,Solar,Wiki-Solar,38.65
China,4.0,Hydro,UNFCCC CDM Registry,11.86
China,15.0,Hydro,UNFCCC CDM Registry,41.61
China,30.0,Solar,,54.55
China,8.0,Hydro,UNFCCC CDM Registry,18.33
China,20.0,Solar,,36.23
China,30.0,Solar,,54.17
China,8.0,Hydro,UNFCCC CDM Registry,21.32
China,20.0,Solar,UNFCCC CDM Registry,36.06
China,30.0,Solar,,53.58
China,20.0,Solar,,36.05
China,42.0,Hydro,UNFCCC CDM Registry,102.45
China,48.0,Hydro,UNFCCC CDM Registry,144.88
China,7.0,Hydro,UNFCCC CDM Registry,20.46
China,87.0,Hydro,UNFCCC CDM Registry,226.95
China,48.0,Hydro,UNFCCC CDM Registry,131.19
China,10.0,Hydro,UNFCCC CDM Registry,35.3
China,100.0,Solar,Wiki-Solar,184.67
China,20.0,Solar,,37.15
China,20.0,Solar,Wiki-Solar,31.66
China,30.0,Solar,Wiki-Solar,44.92
China,200.0,Hydro,UNFCCC CDM Registry,480.08
China,272.0,Hydro,,749.66
China,144.0,Hydro,Industry About,396.89
China,44.0,Hydro,UNFCCC CDM Registry,151.84
China,1280.0,Hydro,,2889.3
China,5.0,Hydro,UNFCCC CDM Registry,12.81
China,20.0,Solar,Wiki-Solar,36.28
China,40.0,Solar,Wiki-Solar,59.95
China,210.0,Hydro,UNFCCC CDM Registry,521.68
China,20.0,Solar,Wiki-Solar,30.12
China,15.0,Solar,Wiki-Solar,26.37
China,10.9,Solar,Wiki-Solar,19.72
China,15.0,Hydro,UNFCCC CDM Registry,66.32
China,5.0,Hydro,UNFCCC CDM Registry,16.57
China,25.0,Hydro,UNFCCC CDM Registry,80.65
China,15.0,Hydro,UNFCCC CDM Registry,42.69
China,90.0,Hydro,UNFCCC CDM Registry,222.64
China,10.0,Solar,Wiki-Solar,16.73
China,25.0,Solar,Wiki-Solar,39.66
China,12.0,Hydro,UNFCCC CDM Registry,47.12
China,20.0,Solar,Wiki-Solar,36.2
China,20.0,Solar,Wiki-Solar,31.22
China,20.0,Solar,Wiki-Solar,32.04
China,40.0,Solar,Wiki-Solar,60.2
China,15.0,Hydro,UNFCCC CDM Registry,60.14
China,20.0,Solar,Wiki-Solar,34.02
China,35.0,Solar,Wiki-Solar,55.21
China,4.0,Solar,Wiki-Solar,6.69
China,10.0,Solar,Wiki-Solar,15.23
China,20.0,Solar,Wiki-Solar,31.41
China,50.0,Solar,Wiki-Solar,74.99
China,50.0,Solar,Wiki-Solar,74.76
China,20.0,Solar,Wiki-Solar,31.42
China,20.4,Solar,Wiki-Solar,32.05
China,16.4,Solar,Wiki-Solar,25.43
China,17.0,Solar,Wiki-Solar,26.33
China,40.0,Solar,Wiki-Solar,59.58
China,8.0,Solar,Wiki-Solar,12.24
China,30.0,Solar,Wiki-Solar,44.38
China,20.0,Solar,Wiki-Solar,31.46
China,10.0,Solar,Wiki-Solar,15.22
China,1000.0,Hydro,Industry About,2693.11
China,20.0,Hydro,UNFCCC CDM Registry,62.5
China,16.0,Hydro,UNFCCC CDM Registry,55.35
China,112.0,Hydro,UNFCCC CDM Registry,293.4
China,10.0,Solar,Wiki-Solar,17.62
China,15.0,Solar,Wiki-Solar,28.34
China,7.8,Solar,Wiki-Solar,13.52
China,20.0,Solar,Wiki-Solar,38.49
China,10.9,Solar,Wiki-Solar,20.23
China,400.0,Hydro,,1477.29
China,30.0,Solar,UNFCCC CDM Registry,53.82
China,20.0,Solar,UNFCCC CDM Registry,31.9
China,150.0,Hydro,UNFCCC CDM Registry,379.35
China,30.0,Solar,Wiki-Solar,47.78
China,49.0,Hydro,UNFCCC CDM Registry,129.32
China,7.0,Hydro,UNFCCC CDM Registry,23.54
China,6.0,Hydro,UNFCCC CDM Registry,15.63
China,8.0,Hydro,UNFCCC CDM Registry,23.21
China,270.0,Hydro,UNFCCC CDM Registry,527.86
China,20.0,Solar,UNFCCC CDM Registry,33.03
China,40.0,Hydro,UNFCCC CDM Registry,132.4
China,4.0,Hydro,UNFCCC CDM Registry,11.46
China,25.0,Hydro,UNFCCC CDM Registry,64.81
China,18.0,Hydro,UNFCCC CDM Registry,50.75
China,48.0,Hydro,UNFCCC CDM Registry,137.38
China,24.0,Hydro,UNFCCC CDM Registry,75.72
China,100.0,Hydro,,246.1
China,6.0,Solar,Wiki-Solar,10.04
China,50.0,Solar,Wiki-Solar,74.44
China,50.0,Solar,Wiki-Solar,74.6
China,50.0,Solar,Wiki-Solar,73.53
China,10.0,Solar,,16.66
China,10.0,Solar,,17.23
China,14.0,Hydro,UNFCCC CDM Registry,61.08
China,20.0,Solar,Wiki-Solar,31.73
China,60.0,Hydro,UNFCCC CDM Registry,171.6
China,15.0,Solar,Wiki-Solar,26.18
China,9.0,Hydro,UNFCCC CDM Registry,27.25
China,220.0,Hydro,,610.7
China,12.0,Hydro,UNFCCC CDM Registry,34.11
China,10.0,Hydro,UNFCCC CDM Registry,19.76
China,185.0,Hydro,UNFCCC CDM Registry,454.8
China,20.0,Solar,Wiki-Solar,32.37
China,50.0,Solar,Wiki-Solar,75.97
China,20.0,Solar,Wiki-Solar,32.32
China,20.0,Solar,Wiki-Solar,32.36
China,30.0,Solar,Wiki-Solar,45.71
China,20.0,Solar,Wiki-Solar,31.65
China,20.0,Solar,Wiki-Solar,31.82
China,20.0,Solar,Wiki-Solar,31.67
China,10.0,Solar,Wiki-Solar,16.94
China,50.0,Solar,Wiki-Solar,74.74
China,50.0,Solar,Wiki-Solar,75.89
China,20.0,Solar,,31.82
China,15.0,Solar,Wiki-Solar,25.91
China,5.0,Hydro,UNFCCC CDM Registry,13.37
China,1.0,Hydro,UNFCCC CDM Registry,2.1
China,6.0,Hydro,UNFCCC CDM Registry,13.32
China,6.0,Hydro,UNFCCC CDM Registry,17.42
China,4.0,Hydro,UNFCCC CDM Registry,11.67
China,9.0,Hydro,UNFCCC CDM Registry,20.12
China,3.0,Hydro,UNFCCC CDM Registry,6.83
China,12.0,Solar,Wiki-Solar,20.76
China,30.0,Solar,Wiki-Solar,48.16
China,50.0,Solar,Wiki-Solar,81.21
China,30.0,Solar,Wiki-Solar,47.11
China,20.0,Solar,Wiki-Solar,33.22
China,50.0,Solar,Wiki-Solar,79.72
China,153.2,Hydro,,474.93
China,50.0,Solar,Wiki-Solar,75.37
China,30.0,Solar,Wiki-Solar,44.75
China,50.0,Hydro,UNFCCC CDM Registry,151.5
China,1120.0,Hydro,,3204.38
China,480.0,Hydro,,1125.0
China,300.0,Hydro,,838.74
China,20.0,Solar,Wiki-Solar,34.8
China,60.0,Solar,Wiki-Solar,97.48
China,20.0,Solar,Wiki-Solar,34.59
China,660.0,Hydro,,1963.66
China,5.0,Solar,Wiki-Solar,7.72
China,5.0,Solar,Wiki-Solar,8.55
China,25.0,Solar,Wiki-Solar,41.84
China,15.0,Solar,Wiki-Solar,24.23
China,55.0,Solar,Wiki-Solar,87.65
China,10.0,Solar,Wiki-Solar,17.02
China,200.0,Solar,Wiki-Solar,319.76
China,30.0,Solar,Wiki-Solar,58.17
China,25.0,Solar,Wiki-Solar,48.21
China,100.0,Solar,Wiki-Solar,154.51
China,10.0,Solar,Wiki-Solar,20.43
China,70.0,Hydro,UNFCCC CDM Registry,243.89
China,5.0,Hydro,UNFCCC CDM Registry,19.04
China,225.0,Hydro,Industry About,829.8
China,800.0,Hydro,,1188.48
China,8.0,Solar,Wiki-Solar,13.6
China,140.0,Hydro,UNFCCC CDM Registry,312.44
China,60.0,Solar,Wiki-Solar,90.0
China,100.0,Solar,,155.63
China,4.0,Solar,Wiki-Solar,6.5
China,50.0,Solar,Wiki-Solar,73.18
China,30.0,Solar,Wiki-Solar,43.78
China,100.0,Solar,Wiki-Solar,147.65
China,120.0,Solar,Wiki-Solar,183.91
China,16.0,Hydro,UNFCCC CDM Registry,46.48
China,150.0,Hydro,,440.43
China,14.0,Hydro,UNFCCC CDM Registry,47.72
China,20.0,Solar,Wiki-Solar,32.93
China,40.0,Solar,Wiki-Solar,62.2
China,1600.0,Hydro,,4697.29
China,765.0,Hydro,,1762.32
China,30.0,Hydro,,91.42
China,1400.0,Hydro,,3381.99
China,20.0,Solar,Wiki-Solar,32.7
China,20.0,Solar,Wiki-Solar,32.72
China,48.0,Hydro,Industry About,159.77
China,50.0,Solar,Wiki-Solar,81.24
China,8.9,Solar,Wiki-Solar,15.46
China,15.0,Hydro,UNFCCC CDM Registry,73.86
China,102.0,Hydro,UNFCCC CDM Registry,318.67
China,24.0,Hydro,UNFCCC CDM Registry,82.73
China,11.0,Hydro,UNFCCC CDM Registry,25.18
China,12.0,Hydro,UNFCCC CDM Registry,39.64
China,13.0,Hydro,UNFCCC CDM Registry,38.74
China,8.0,Hydro,UNFCCC CDM Registry,19.25
China,39.0,Hydro,UNFCCC CDM Registry,129.84
China,30.0,Hydro,UNFCCC CDM Registry,93.99
China,240.0,Hydro,UNFCCC CDM Registry,496.16
China,120.0,Hydro,UNFCCC CDM Registry,366.57
China,24.0,Hydro,UNFCCC CDM Registry,90.6
China,44.0,Hydro,UNFCCC CDM Registry,120.36
China,132.0,Hydro,UNFCCC CDM Registry,322.25
China,20.0,Hydro,UNFCCC CDM Registry,52.72
China,15.0,Hydro,UNFCCC CDM Registry,42.91
China,48.0,Hydro,UNFCCC CDM Registry,128.3
China,20.0,Hydro,UNFCCC CDM Registry,54.0
China,21.0,Hydro,UNFCCC CDM Registry,52.59
China,21.0,Hydro,UNFCCC CDM Registry,68.01
China,6.0,Hydro,UNFCCC CDM Registry,18.19
China,2.0,Hydro,UNFCCC CDM Registry,5.62
China,100.0,Hydro,UNFCCC CDM Registry,343.95
China,66.0,Hydro,UNFCCC CDM Registry,227.37
China,84.0,Hydro,UNFCCC CDM Registry,294.18
China,87.0,Hydro,UNFCCC CDM Registry,304.69
China,108.0,Hydro,UNFCCC CDM Registry,374.02
China,150.0,Hydro,UNFCCC CDM Registry,495.16
China,110.0,Hydro,UNFCCC CDM Registry,317.79
China,18.0,Hydro,UNFCCC CDM Registry,39.55
China,7.0,Hydro,WRI,22.34
China,21.0,Hydro,UNFCCC CDM Registry,63.07
China,10.0,Hydro,UNFCCC CDM Registry,36.25
China,20.0,Hydro,UNFCCC CDM Registry,64.16
China,24.0,Hydro,UNFCCC CDM Registry,59.47
China,30.0,Hydro,UNFCCC CDM Registry,73.79
China,20.0,Hydro,UNFCCC CDM Registry,71.26
China,11.0,Hydro,UNFCCC CDM Registry,42.76
China,22.0,Hydro,UNFCCC CDM Registry,77.58
China,120.0,Hydro,UNFCCC CDM Registry,319.04
China,40.0,Hydro,UNFCCC CDM Registry,106.77
China,46.0,Hydro,UNFCCC CDM Registry,115.78
China,20.0,Hydro,UNFCCC CDM Registry,84.94
China,76.0,Hydro,UNFCCC CDM Registry,187.61
China,30.0,Hydro,UNFCCC CDM Registry,73.63
China,20.0,Hydro,UNFCCC CDM Registry,61.02
China,19.0,Hydro,UNFCCC CDM Registry,50.27
China,36.0,Hydro,UNFCCC CDM Registry,106.1
China,102.0,Hydro,UNFCCC CDM Registry,337.05
China,420.0,Hydro,UNFCCC CDM Registry,992.85
China,24.0,Hydro,UNFCCC CDM Registry,61.05
China,30.0,Hydro,UNFCCC CDM Registry,80.32
China,40.0,Hydro,UNFCCC CDM Registry,121.22
China,114.0,Hydro,UNFCCC CDM Registry,362.81
China,93.0,Hydro,UNFCCC CDM Registry,263.46
China,16.0,Hydro,UNFCCC CDM Registry,67.83
China,93.0,Hydro,UNFCCC CDM Registry,254.43
China,18.0,Hydro,UNFCCC CDM Registry,39.46
China,42.0,Hydro,UNFCCC CDM Registry,122.63
China,5.0,Hydro,UNFCCC CDM Registry,8.81
China,24.0,Hydro,UNFCCC CDM Registry,68.15
China,56.0,Hydro,UNFCCC CDM Registry,145.57
China,3.0,Hydro,UNFCCC CDM Registry,8.86
China,6.0,Hydro,UNFCCC CDM Registry,19.0
China,80.0,Hydro,UNFCCC CDM Registry,214.47
China,18.0,Hydro,UNFCCC CDM Registry,52.53
China,246.0,Hydro,UNFCCC CDM Registry,515.0
China,20.0,Hydro,UNFCCC CDM Registry,57.47
China,25.0,Hydro,UNFCCC CDM Registry,71.18
China,10.0,Hydro,UNFCCC CDM Registry,31.64
China,72.0,Hydro,UNFCCC CDM Registry,279.85
China,108.0,Hydro,UNFCCC CDM Registry,263.76
China,18.0,Hydro,UNFCCC CDM Registry,60.11
China,48.0,Hydro,UNFCCC CDM Registry,120.81
China,12.0,Hydro,UNFCCC CDM Registry,37.56
China,45.0,Hydro,UNFCCC CDM Registry,120.44
China,52.0,Hydro,UNFCCC CDM Registry,177.11
China,138.0,Hydro,UNFCCC CDM Registry,383.12
China,129.0,Hydro,UNFCCC CDM Registry,313.29
China,63.0,Hydro,UNFCCC CDM Registry,191.26
China,100.0,Hydro,UNFCCC CDM Registry,350.93
China,24.0,Hydro,UNFCCC CDM Registry,74.03
China,2.0,Hydro,UNFCCC CDM Registry,7.28
China,21.0,Hydro,UNFCCC CDM Registry,54.19
China,52.0,Hydro,UNFCCC CDM Registry,122.42
China,36.0,Hydro,UNFCCC CDM Registry,107.54
China,240.0,Hydro,,492.05
China,10.0,Solar,Wiki-Solar,17.24
China,100.0,Solar,Wiki-Solar,158.27
China,82.0,Solar,Wiki-Solar,133.55
China,1050.0,Hydro,,2873.05
China,10.0,Hydro,UNFCCC CDM Registry,33.59
China,201.0,Hydro,Industry About,490.93
China,5.0,Solar,Wiki-Solar,8.63
China,8.0,Solar,Wiki-Solar,13.35
China,25.0,Solar,Wiki-Solar,36.83
China,15.0,Hydro,UNFCCC CDM Registry,42.29
China,35.0,Solar,Wiki-Solar,57.11
China,6.0,Solar,Wiki-Solar,9.71
China,25.0,Solar,Wiki-Solar,40.68
China,20.0,Solar,Wiki-Solar,32.99
China,50.0,Solar,Wiki-Solar,79.65
China,315.0,Hydro,UNFCCC CDM Registry,781.21
China,50.0,Solar,Wiki-Solar,75.49
China,30.0,Solar,Wiki-Solar,45.43
China,600.0,Hydro,,1563.63
China,225.0,Hydro,,468.37
China,10.0,Solar,Wiki-Solar,16.36
China,20.0,Solar,Wiki-Solar,35.32
China,80.0,Solar,Wiki-Solar,137.93
China,11.0,Solar,Wiki-Solar,18.77
China,20.0,Solar,Wiki-Solar,34.32
China,60.0,Solar,Wiki-Solar,101.86
China,50.0,Solar,Wiki-Solar,84.84
China,10.0,Solar,Wiki-Solar,16.45
China,20.0,Solar,Wiki-Solar,35.49
China,8.0,Solar,Wiki-Solar,13.03
China,30.2,Solar,Wiki-Solar,46.43
China,20.0,Solar,,33.51
China,20.0,Solar,,31.42
China,50.0,Solar,Wiki-Solar,84.15
China,30.0,Solar,Wiki-Solar,63.09
China,16.0,Hydro,UNFCCC CDM Registry,58.19
China,1000.0,Hydro,,2135.36
China,20.0,Solar,Wiki-Solar,29.06
China,20.0,Solar,Wiki-Solar,30.72
China,26.0,Hydro,UNFCCC CDM Registry,61.98
China,11.0,Hydro,UNFCCC CDM Registry,24.38
China,190.0,Hydro,,515.8
China,260.0,Hydro,,889.37
China,70.0,Solar,Wiki-Solar,112.44
China,40.0,Solar,Wiki-Solar,64.38
China,30.0,Solar,Wiki-Solar,44.93
China,10.0,Solar,Wiki-Solar,16.11
China,20.2,Solar,Wiki-Solar,32.42
China,50.5,Solar,Wiki-Solar,77.11
China,30.1,Solar,Wiki-Solar,45.8
China,10.0,Solar,Wiki-Solar,17.25
China,5.0,Solar,Wiki-Solar,8.49
China,600.0,Hydro,Industry About,1442.66
China,20.0,Solar,Wiki-Solar,31.32
China,35.0,Solar,Wiki-Solar,55.51
China,15.0,Solar,Wiki-Solar,23.67
China,12.0,Hydro,UNFCCC CDM Registry,45.01
China,100.0,Solar,Wiki-Solar,155.82
China,9.0,Hydro,UNFCCC CDM Registry,25.66
China,35.0,Solar,Wiki-Solar,53.15
China,20.0,Solar,Wiki-Solar,31.76
China,60.0,Solar,Wiki-Solar,90.55
China,135.0,Solar,Wiki-Solar,204.68
China,96.0,Solar,Wiki-Solar,146.16
China,75.0,Solar,Wiki-Solar,115.01
China,25.0,Solar,Wiki-Solar,37.73
China,45.0,Solar,Wiki-Solar,67.61
China,32.0,Solar,Wiki-Solar,48.55
China,5.0,Solar,Wiki-Solar,8.07
China,20.9,Solar,Wiki-Solar,35.07
China,40.0,Solar,Wiki-Solar,62.48
China,100.0,Solar,Wiki-Solar,162.89
China,15.0,Solar,Wiki-Solar,26.48
China,30.0,Solar,Wiki-Solar,48.38
China,275.0,Solar,Wiki-Solar,445.37
China,1800.0,Hydro,,4063.08
China,170.0,Solar,Wiki-Solar,259.69
China,9.0,Hydro,UNFCCC CDM Registry,22.67
China,128.0,Hydro,,396.81
China,20.0,Solar,,31.48
China,1200.0,Hydro,Industry About,4169.91
China,1320.0,Hydro,,4586.9
China,20.0,Solar,Wiki-Solar,32.1
China,20.0,Solar,Wiki-Solar,31.72
China,30.0,Solar,Wiki-Solar,46.29
China,1100.0,Hydro,,3299.32
China,40.2,Solar,Wiki-Solar,63.17
China,75.0,Solar,Wiki-Solar,118.5
China,10.0,Solar,Wiki-Solar,15.59
China,971.0,Solar,Wiki-Solar,1428.58
China,90.0,Solar,Wiki-Solar,137.27
China,70.0,Solar,Wiki-Solar,105.46
China,49.5,Hydro,,224.96
China,6.0,Hydro,UNFCCC CDM Registry,17.4
China,600.0,Hydro,,1402.13
China,4.0,Hydro,UNFCCC CDM Registry,12.51
China,180.0,Hydro,,598.61
China,60.0,Solar,Wiki-Solar,92.69
China,60.0,Solar,Wiki-Solar,93.04
China,40.0,Solar,Wiki-Solar,61.66
China,50.0,Solar,Wiki-Solar,73.61
China,20.0,Solar,Wiki-Solar,30.92
China,600.0,Hydro,,1656.51
China,20.2,Solar,Wiki-Solar,32.0
China,80.0,Hydro,UNFCCC CDM Registry,151.03
China,30.5,Solar,Wiki-Solar,47.93
China,35.0,Solar,Wiki-Solar,55.74
China,25.0,Solar,Wiki-Solar,39.76
China,25.0,Solar,Wiki-Solar,39.68
China,12.0,Hydro,UNFCCC CDM Registry,38.34
China,20.0,Solar,Wiki-Solar,33.06
China,40.0,Solar,Wiki-Solar,62.8
China,40.0,Solar,UNFCCC CDM Registry,60.35
China,20.0,Solar,Wiki-Solar,30.3
China,40.0,Solar,Wiki-Solar,59.33
China,100.0,Solar,Wiki-Solar,145.59
China,60.0,Solar,Wiki-Solar,85.8
China,20.0,Solar,Wiki-Solar,31.08
China,40.0,Solar,Wiki-Solar,57.85
China,20.0,Solar,Wiki-Solar,30.36
China,50.0,Solar,Wiki-Solar,73.1
China,100.0,Solar,Wiki-Solar,143.25
China,20.0,Solar,Wiki-Solar,30.33
China,25.0,Solar,Wiki-Solar,37.22
China,20.0,Solar,Wiki-Solar,31.14
China,10.0,Solar,Wiki-Solar,14.58
China,10.0,Solar,Wiki-Solar,14.69
China,20.0,Solar,Wiki-Solar,30.03
China,100.0,Solar,Wiki-Solar,148.8
China,44.0,Hydro,UNFCCC CDM Registry,107.56
China,48.0,Hydro,UNFCCC CDM Registry,153.93
China,500.0,Hydro,Industry About,1430.23
China,5.0,Solar,Wiki-Solar,8.75
China,4.0,Solar,Wiki-Solar,6.88
China,20.0,Solar,Wiki-Solar,34.34
China,20.0,Hydro,UNFCCC CDM Registry,51.57
China,1080.0,Hydro,,2932.51
China,240.0,Hydro,,654.14
China,260.0,Hydro,Industry About,813.28
China,5.0,Solar,Wiki-Solar,7.87
China,50.0,Solar,,104.16
China,50.0,Solar,,104.13
China,15.0,Solar,Wiki-Solar,25.96
China,70.0,Solar,Wiki-Solar,152.77
China,15.0,Solar,Wiki-Solar,25.59
China,10.0,Solar,Wiki-Solar,17.03
China,60.0,Solar,Wiki-Solar,94.82
China,35.0,Solar,Wiki-Solar,55.71
China,40.0,Solar,Wiki-Solar,64.08
China,30.0,Solar,Wiki-Solar,48.17
China,72.0,Hydro,UNFCCC CDM Registry,228.29
China,10.0,Hydro,UNFCCC CDM Registry,28.62
China,20.0,Solar,Wiki-Solar,30.98
China,15.0,Solar,Wiki-Solar,24.56
China,20.0,Solar,Wiki-Solar,32.09
China,150.0,Hydro,Industry About,435.05
China,35.0,Solar,Wiki-Solar,54.19
China,100.0,Solar,Wiki-Solar,155.96
China,2.2,Solar,,3.8
China,1250.0,Hydro,,3512.97
China,40.6,Solar,Wiki-Solar,58.23
China,10.0,Solar,Wiki-Solar,15.28
China,30.0,Solar,Wiki-Solar,43.27
China,20.0,Solar,Wiki-Solar,30.31
China,140.0,Hydro,,434.01
China,10.0,Solar,Wiki-Solar,17.47
China,25.0,Solar,Wiki-Solar,46.04
China,15.0,Solar,Wiki-Solar,26.68
China,20.0,Solar,Wiki-Solar,36.81
China,15.0,Solar,Wiki-Solar,26.86
China,15.0,Solar,Wiki-Solar,25.83
China,20.0,Solar,,36.11
China,100.0,Solar,Wiki-Solar,153.82
China,50.0,Solar,Wiki-Solar,74.34
China,60.0,Solar,Wiki-Solar,89.23
China,60.0,Solar,Wiki-Solar,88.44
China,60.0,Solar,Wiki-Solar,89.67
China,60.0,Solar,Wiki-Solar,90.19
China,200.0,Solar,Wiki-Solar,302.04
China,60.0,Solar,Wiki-Solar,89.16
China,40.0,Solar,,58.82
China,60.0,Hydro,Industry About,161.96
China,1200.0,Hydro,,5481.02
China,20.0,Solar,Wiki-Solar,29.46
China,25.0,Hydro,UNFCCC CDM Registry,58.9
China,40.0,Solar,Wiki-Solar,61.71
China,20.0,Solar,Wiki-Solar,33.94
China,10.0,Solar,,16.04
China,50.0,Solar,Wiki-Solar,79.98
China,50.0,Solar,Wiki-Solar,77.31
China,100.0,Hydro,UNFCCC CDM Registry,245.57
China,12.0,Hydro,UNFCCC CDM Registry,37.38
China,15.0,Hydro,UNFCCC CDM Registry,44.97
China,12.0,Hydro,UNFCCC CDM Registry,39.22
China,6448.0,Hydro,,24050.32
China,130.0,Hydro,UNFCCC CDM Registry,315.26
China,20.0,Solar,Wiki-Solar,38.05
China,100.0,Solar,Wiki-Solar,161.92
China,30.0,Solar,Wiki-Solar,48.05
China,10.0,Hydro,UNFCCC CDM Registry,24.52
China,1000.0,Hydro,,2204.21
China,17.0,Hydro,UNFCCC CDM Registry,62.67
China,10.0,Hydro,UNFCCC CDM Registry,36.15
China,32.0,Hydro,UNFCCC CDM Registry,76.69
China,10.0,Hydro,UNFCCC CDM Registry,30.53
China,1200.0,Hydro,,2052.35
China,15.6,Solar,Wiki-Solar,23.72
China,102.0,Hydro,UNFCCC CDM Registry,217.12
China,9.0,Hydro,UNFCCC CDM Registry,27.8
China,20.0,Hydro,UNFCCC CDM Registry,58.52
China,1800.0,Hydro,,6218.78
China,20.0,Solar,Wiki-Solar,31.98
China,30.0,Solar,Wiki-Solar,45.13
China,44.0,Hydro,UNFCCC CDM Registry,118.32
China,22.0,Hydro,UNFCCC CDM Registry,41.18
China,4200.0,Hydro,,10883.86
China,230.0,Hydro,,679.39
China,20.0,Solar,Wiki-Solar,42.35
China,40.0,Solar,Wiki-Solar,63.82
China,21.0,Hydro,UNFCCC CDM Registry,50.38
China,18.0,Solar,,30.42
China,200.0,Solar,Wiki-Solar,310.1
China,180.0,Hydro,,671.7
China,234.4,Hydro,,550.58
China,20.0,Solar,,31.84
China,1200.0,Hydro,,4102.24
China,12600.0,Hydro,,46996.61
China,845.0,Hydro,,2325.63
China,292.0,Hydro,,764.8
China,50.0,Solar,Wiki-Solar,84.87
China,60.0,Solar,Wiki-Solar,95.15
China,50.0,Solar,Wiki-Solar,79.1
China,500.0,Solar,Wiki-Solar,739.12
China,50.0,Solar,Wiki-Solar,75.44
China,100.0,Solar,Wiki-Solar,153.04
China,8.0,Solar,Wiki-Solar,13.57
China,40.0,Solar,Wiki-Solar,59.85
China,7.0,Hydro,UNFCCC CDM Registry,25.02
China,10.0,Solar,Wiki-Solar,15.76
China,50.0,Solar,Wiki-Solar,74.98
China,48.0,Hydro,UNFCCC CDM Registry,154.11
China,100.0,Hydro,UNFCCC CDM Registry,283.64
China,150.0,Hydro,UNFCCC CDM Registry,370.79
China,75.0,Hydro,UNFCCC CDM Registry,190.96
China,132.0,Hydro,UNFCCC CDM Registry,376.21
China,180.0,Hydro,UNFCCC CDM Registry,508.28
China,140.0,Hydro,UNFCCC CDM Registry,384.28
China,220.0,Hydro,UNFCCC CDM Registry,517.2
China,80.0,Hydro,UNFCCC CDM Registry,208.63
China,80.0,Hydro,UNFCCC CDM Registry,206.35
China,135.0,Hydro,UNFCCC CDM Registry,332.32
China,110.0,Hydro,UNFCCC CDM Registry,362.68
China,3.0,Hydro,UNFCCC CDM Registry,8.14
China,20.0,Solar,Wiki-Solar,33.64
China,60.0,Solar,Wiki-Solar,90.26
China,18.0,Hydro,UNFCCC CDM Registry,44.06
China,24.0,Solar,Wiki-Solar,39.07
China,21.0,Solar,Wiki-Solar,35.81
China,20.0,Solar,Wiki-Solar,30.75
China,10.0,Solar,,16.41
China,30.0,Solar,,53.71
China,60.0,Solar,,109.04
China,10.0,Solar,Wiki-Solar,17.09
China,19.0,Solar,Wiki-Solar,35.74
China,10.0,Hydro,UNFCCC CDM Registry,24.04
China,5.0,Hydro,UNFCCC CDM Registry,13.75
China,25.0,Hydro,UNFCCC CDM Registry,61.49
China,25.0,Solar,Wiki-Solar,38.01
China,5.0,Solar,Wiki-Solar,7.81
China,10.0,Solar,Wiki-Solar,15.33
China,11.0,Hydro,UNFCCC CDM Registry,26.42
China,12.0,Hydro,UNFCCC CDM Registry,29.3
China,20.0,Solar,,34.1
China,20.0,Solar,UNFCCC CDM Registry,34.1
China,510.0,Hydro,,1215.51
China,30.0,Solar,Wiki-Solar,62.71
China,1000.0,Solar,Wiki-Solar,1489.16
China,6.0,Solar,Wiki-Solar,10.01
China,120.0,Hydro,UNFCCC CDM Registry,254.21
China,30.0,Solar,Wiki-Solar,56.26
China,10.0,Hydro,UNFCCC CDM Registry,29.4
China,30.0,Solar,Wiki-Solar,43.94
China,25.0,Solar,Wiki-Solar,37.1
China,82.0,Solar,Wiki-Solar,126.03
China,50.0,Solar,Wiki-Solar,76.09
China,5.0,Solar,Wiki-Solar,8.6
China,9.0,Hydro,UNFCCC CDM Registry,27.39
China,50.0,Solar,Wiki-Solar,76.48
China,1200.0,Hydro,,3517.36
China,20.0,Solar,Wiki-Solar,35.88
China,440.0,Hydro,,1016.65
China,50.0,Solar,Wiki-Solar,89.09
China,40.0,Solar,Wiki-Solar,60.07
China,35.0,Solar,Wiki-Solar,52.14
China,10.0,Solar,Wiki-Solar,15.12
China,40.0,Solar,Wiki-Solar,60.0
China,120.0,Solar,Wiki-Solar,182.64
China,20.0,Solar,Wiki-Solar,31.75
China,15.0,Solar,Wiki-Solar,23.46
China,20.6,Solar,Wiki-Solar,32.2
China,20.0,Solar,Wiki-Solar,32.35
China,30.0,Solar,Wiki-Solar,44.33
China,20.0,Solar,Wiki-Solar,30.99
China,20.0,Solar,Wiki-Solar,42.57
China,30.0,Solar,Wiki-Solar,63.81
China,15.0,Solar,Wiki-Solar,25.55
China,1210.0,Hydro,,3009.92
China,24.0,Hydro,UNFCCC CDM Registry,79.0
China,50.0,Solar,Wiki-Solar,76.31
China,23.8,Solar,Wiki-Solar,38.49
China,75.0,Solar,Wiki-Solar,112.83
China,120.0,Hydro,Industry About,311.83
China,240.0,Hydro,,496.29
China,50.0,Hydro,UNFCCC CDM Registry,99.05
China,30.0,Solar,Wiki-Solar,46.94
China,100.0,Hydro,UNFCCC CDM Registry,302.69
China,13.0,Hydro,UNFCCC CDM Registry,35.78
China,5.0,Hydro,UNFCCC CDM Registry,13.98
China,20.0,Solar,Wiki-Solar,33.86
China,15.0,Solar,Wiki-Solar,25.67
China,40.0,Solar,Wiki-Solar,61.13
China,12.0,Hydro,UNFCCC CDM Registry,65.06
China,3.0,Hydro,UNFCCC CDM Registry,8.24
China,30.0,Solar,Wiki-Solar,45.74
China,360.0,Hydro,Industry About,846.85
China,600.0,Hydro,,1661.51
China,20.0,Solar,Wiki-Solar,29.48
China,60.0,Solar,Wiki-Solar,85.72
China,1000.0,Hydro,,3169.48
China,49.5,Solar,Wiki-Solar,82.89
China,50.0,Solar,Wiki-Solar,79.82
China,50.0,Solar,Wiki-Solar,74.2
China,110.0,Solar,Wiki-Solar,164.49
China,100.0,Solar,Wiki-Solar,150.82
China,30.0,Solar,Wiki-Solar,47.69
China,15.0,Solar,Wiki-Solar,26.32
China,70.0,Solar,Wiki-Solar,112.67
China,41.0,Solar,Wiki-Solar,85.83
China,20.0,Solar,Wiki-Solar,41.76
China,30.0,Solar,Wiki-Solar,62.67
China,19.8,Solar,Wiki-Solar,39.89
China,120.0,Hydro,UNFCCC CDM Registry,211.99
China,12.0,Hydro,UNFCCC CDM Registry,37.66
China,3.0,Hydro,UNFCCC CDM Registry,5.49
China,3.0,Hydro,UNFCCC CDM Registry,9.32
China,10.0,Solar,Wiki-Solar,16.56
China,30.0,Solar,Wiki-Solar,46.24
China,10.0,Hydro,UNFCCC CDM Registry,41.73
China,30.0,Solar,Wiki-Solar,46.86
China,10.0,Solar,Wiki-Solar,18.23
China,100.0,Solar,Wiki-Solar,178.51
China,14.0,Hydro,UNFCCC CDM Registry,30.69
China,50.0,Solar,Wiki-Solar,79.28
China,100.0,Solar,Wiki-Solar,175.26
China,60.0,Solar,Wiki-Solar,104.13
China,20.0,Solar,Wiki-Solar,31.79
China,25.0,Solar,Wiki-Solar,39.65
China,60.0,Hydro,UNFCCC CDM Registry,146.68
China,20.0,Solar,Wiki-Solar,33.89
China,50.0,Solar,Wiki-Solar,83.11
China,400.0,Hydro,,1118.32
China,135.0,Hydro,,511.46
China,8.0,Hydro,UNFCCC CDM Registry,27.95
China,99.0,Hydro,UNFCCC CDM Registry,296.37
China,120.0,Hydro,UNFCCC CDM Registry,338.25
China,168.0,Hydro,UNFCCC CDM Registry,409.83
China,81.0,Hydro,UNFCCC CDM Registry,257.0
China,8.0,Hydro,UNFCCC CDM Registry,17.82
China,8.0,Hydro,UNFCCC CDM Registry,27.06
China,42.0,Hydro,UNFCCC CDM Registry,86.88
China,4.0,Hydro,UNFCCC CDM Registry,10.71
China,100.0,Hydro,UNFCCC CDM Registry,257.74
China,21.0,Hydro,UNFCCC CDM Registry,49.32
China,70.0,Hydro,UNFCCC CDM Registry,298.17
China,180.0,Hydro,UNFCCC CDM Registry,395.84
China,24.0,Hydro,WRI,68.2
China,60.0,Hydro,UNFCCC CDM Registry,156.47
China,14.0,Hydro,UNFCCC CDM Registry,30.76
China,10.0,Hydro,UNFCCC CDM Registry,29.01
China,14.0,Hydro,UNFCCC CDM Registry,42.33
China,20.0,Hydro,UNFCCC CDM Registry,57.93
China,12.0,Hydro,UNFCCC CDM Registry,34.95
China,900.0,Hydro,UNFCCC CDM Registry,2198.05
China,5.0,Hydro,UNFCCC CDM Registry,14.48
China,130.0,Hydro,UNFCCC CDM Registry,317.8
China,12.0,Hydro,UNFCCC CDM Registry,30.76
China,10.0,Hydro,UNFCCC CDM Registry,31.36
China,24.0,Hydro,UNFCCC CDM Registry,68.01
China,66.0,Solar,,140.5
China,12.0,Hydro,UNFCCC CDM Registry,27.42
China,102.0,Hydro,UNFCCC CDM Registry,317.99
China,49.0,Hydro,UNFCCC CDM Registry,129.86
China,130.0,Hydro,UNFCCC CDM Registry,339.32
China,96.0,Hydro,UNFCCC CDM Registry,237.49
China,30.0,Hydro,UNFCCC CDM Registry,87.92
China,24.0,Hydro,UNFCCC CDM Registry,71.37
China,30.0,Hydro,UNFCCC CDM Registry,61.88
China,16.0,Hydro,UNFCCC CDM Registry,41.13
China,16.0,Hydro,UNFCCC CDM Registry,37.53
China,36.0,Hydro,UNFCCC CDM Registry,101.92
China,12.0,Hydro,UNFCCC CDM Registry,50.26
China,65.0,Hydro,UNFCCC CDM Registry,162.73
China,68.0,Hydro,UNFCCC CDM Registry,184.7
China,190.0,Hydro,UNFCCC CDM Registry,534.41
China,114.0,Hydro,UNFCCC CDM Registry,282.53
China,60.0,Hydro,UNFCCC CDM Registry,191.14
China,30.0,Hydro,UNFCCC CDM Registry,82.22
China,19.0,Hydro,UNFCCC CDM Registry,47.48
China,18.0,Hydro,UNFCCC CDM Registry,47.48
China,24.0,Hydro,UNFCCC CDM Registry,77.85
China,180.0,Hydro,UNFCCC CDM Registry,444.77
China,14.0,Hydro,UNFCCC CDM Registry,51.62
China,78.0,Hydro,UNFCCC CDM Registry,161.35
China,10.0,Hydro,UNFCCC CDM Registry,30.2
China,64.0,Hydro,UNFCCC CDM Registry,203.89
China,24.0,Hydro,UNFCCC CDM Registry,68.94
China,20.0,Hydro,UNFCCC CDM Registry,41.85
China,36.0,Hydro,UNFCCC CDM Registry,88.01
China,17.0,Hydro,UNFCCC CDM Registry,37.27
China,50.0,Hydro,UNFCCC CDM Registry,130.39
China,68.0,Hydro,UNFCCC CDM Registry,161.11
China,40.0,Hydro,UNFCCC CDM Registry,108.02
China,210.0,Hydro,UNFCCC CDM Registry,458.23
China,6.0,Hydro,UNFCCC CDM Registry,15.46
China,16.0,Hydro,UNFCCC CDM Registry,47.01
China,50.0,Solar,Wiki-Solar,111.23
China,55.0,Solar,Wiki-Solar,83.06
China,50.0,Solar,Wiki-Solar,75.43
China,200.0,Solar,Wiki-Solar,297.77
China,100.0,Solar,Wiki-Solar,151.37
China,300.0,Solar,Wiki-Solar,441.48
China,35.0,Solar,Wiki-Solar,55.76
China,75.0,Solar,Wiki-Solar,119.2
China,15.0,Solar,Wiki-Solar,25.73
China,20.0,Solar,Wiki-Solar,34.12
China,195.0,Hydro,UNFCCC CDM Registry,529.08
China,540.0,Hydro,,1324.86
China,7.0,Hydro,UNFCCC CDM Registry,13.44
China,20.0,Solar,Wiki-Solar,30.44
China,1000.0,Hydro,,1481.38
China,15.0,Solar,Wiki-Solar,26.28
China,170.0,Solar,Wiki-Solar,257.37
China,64.9,Solar,Wiki-Solar,96.44
China,36.2,Solar,Wiki-Solar,53.98
China,42.9,Solar,Wiki-Solar,63.77
China,30.0,Solar,Wiki-Solar,51.12
China,25.0,Solar,Wiki-Solar,40.65
China,32.0,Hydro,UNFCCC CDM Registry,75.29
China,14.0,Hydro,UNFCCC CDM Registry,52.64
China,8.0,Hydro,UNFCCC CDM Registry,24.16
China,180.0,Hydro,,531.07
China,24.0,Hydro,UNFCCC CDM Registry,74.04
China,100.0,Solar,Wiki-Solar,150.54
China,50.0,Solar,Wiki-Solar,74.62
China,246.0,Hydro,,734.9
China,20.0,Solar,Wiki-Solar,31.74
China,40.0,Hydro,UNFCCC CDM Registry,120.95
China,16.0,Hydro,UNFCCC CDM Registry,53.75
China,4.5,Solar,Wiki-Solar,7.55
China,948.0,Hydro,,3238.5
China,190.0,Hydro,,616.07
China,100.0,Hydro,,319.34
China,20.0,Solar,,31.41
China,20.0,Solar,,32.57
China,20.0,Solar,,31.68
China,18.0,Hydro,UNFCCC CDM Registry,77.1
China,110.0,Solar,Wiki-Solar,168.85
China,50.0,Solar,Wiki-Solar,78.24
China,100.0,Solar,Wiki-Solar,162.06
China,60.0,Solar,Wiki-Solar,90.45
China,16.4,Solar,Wiki-Solar,25.92
China,10.0,Solar,Wiki-Solar,15.8
China,15.0,Solar,Wiki-Solar,23.84
China,25.0,Solar,Wiki-Solar,37.68
China,20.0,Solar,Wiki-Solar,40.44
China,16.0,Hydro,UNFCCC CDM Registry,67.44
China,10.0,Hydro,UNFCCC CDM Registry,36.83
China,75.0,Solar,Wiki-Solar,118.49
China,175.0,Solar,Wiki-Solar,274.74
China,30.0,Solar,Wiki-Solar,46.4
China,10.0,Solar,,15.47
China,7.0,Hydro,UNFCCC CDM Registry,16.1
China,760.0,Hydro,,2617.64
China,18.0,Hydro,UNFCCC CDM Registry,59.09
Colombia,26.0,Hydro,CARMA,137.09
Colombia,306.0,Hydro,CARMA,1135.1
Colombia,270.0,Hydro,CARMA,1271.68
Colombia,560.0,Hydro,WRI,1903.95
Colombia,1000.0,Hydro,GEODB,3903.61
Colombia,86.2,Solar,Wiki-Solar,184.86
Colombia,1200.0,Hydro,WRI,4915.69
Colombia,170.0,Hydro,CARMA,653.74
Colombia,396.0,Hydro,GEODB,1408.15
Colombia,660.0,Hydro,GEODB,2980.71
Colombia,1246.0,Hydro,GEODB,5937.42
Colombia,820.0,Hydro,WRI,3365.48
Colombia,40.0,Hydro,CARMA,163.78
Colombia,9.8,Solar,Wiki-Solar,16.38
Congo,15.0,Hydro,Power Africa,48.66
Congo,120.0,Hydro,Power Africa,365.21
Congo,74.0,Hydro,Power Africa,247.62
Congo,10.0,Hydro,Power Africa,50.2
Costa Rica,4.7,Hydro,GEODB,14.49
Costa Rica,210.0,Hydro,GEODB,749.66
Costa Rica,157.5,Hydro,GEODB,590.59
Costa Rica,18.6,Hydro,GEODB,69.61
Costa Rica,4.4,Hydro,GEODB,15.99
Costa Rica,5.0,Solar,Wiki-Solar,9.23
Costa Rica,102.0,Hydro,GEODB,400.65
Costa Rica,180.0,Hydro,GEODB,674.96
Costa Rica,14.0,Hydro,GEODB,51.04
Costa Rica,30.0,Hydro,GEODB,113.71
Costa Rica,50.0,Hydro,GEODB,192.07
Costa Rica,38.0,Hydro,GEODB,144.82
Costa Rica,134.0,Hydro,GEODB,523.22
Costa Rica,120.0,Hydro,GEODB,447.29
Costa Rica,17.0,Hydro,GEODB,61.98
Costa Rica,32.0,Hydro,GEODB,124.27
Costa Rica,23.2,Hydro,GEODB,89.19
Costa Rica,65.2,Hydro,GEODB,249.03
Costa Rica,97.4,Hydro,GEODB,369.89
Cote DIvoire,20.0,Hydro,GEODB,63.12
Cote DIvoire,30.0,Hydro,GEODB,88.55
Cote DIvoire,165.0,Hydro,GEODB,495.86
Cote DIvoire,174.0,Hydro,GEODB,466.85
Cote DIvoire,210.0,Hydro,GEODB,588.06
Croatia,76.0,Hydro,GEODB,351.58
Croatia,40.8,Hydro,GEODB,137.28
Croatia,55.5,Hydro,GEODB,199.55
Croatia,7.5,Hydro,GEODB,26.54
Croatia,7.2,Hydro,GEODB,28.35
Croatia,46.4,Hydro,GEODB,195.04
Croatia,42.3,Hydro,GEODB,152.09
Croatia,24.0,Hydro,GEODB,93.75
Croatia,237.0,Hydro,GEODB,857.56
Croatia,5.5,Hydro,GEODB,22.58
Croatia,60.0,Hydro,GEODB,232.37
Croatia,216.0,Hydro,GEODB,870.68
Croatia,22.5,Hydro,GEODB,85.05
Croatia,94.0,Hydro,GEODB,434.85
Croatia,90.0,Hydro,GEODB,377.35
Croatia,522.0,Hydro,GEODB,1872.65
Cuba,4.0,Solar,Wiki-Solar,7.78
Cuba,5.0,Solar,Wiki-Solar,10.2
Czech Republic,1.0,Solar,Industry About,1.26
Czech Republic,1.5,Solar,Industry About,1.88
Czech Republic,4.5,Solar,Industry About,6.16
Czech Republic,1.1,Solar,Industry About,1.37
Czech Republic,3.0,Solar,Industry About,4.18
Czech Republic,2.7,Solar,Industry About,4.04
Czech Republic,3.3,Solar,Industry About,4.37
Czech Republic,1.0,Solar,Industry About,1.22
Czech Republic,1.0,Solar,Industry About,1.28
Czech Republic,3.0,Solar,Industry About,4.24
Czech Republic,4.1,Solar,Industry About,5.59
Czech Republic,1.5,Solar,Industry About,1.93
Czech Republic,2.0,Solar,Industry About,3.06
Czech Republic,1.0,Solar,Industry About,1.29
Czech Republic,1.5,Solar,Industry About,1.89
Czech Republic,2.2,Solar,Industry About,3.15
Czech Republic,1.2,Solar,Industry About,1.53
Czech Republic,3.3,Solar,Industry About,4.53
Czech Republic,1.0,Solar,Industry About,1.4
Czech Republic,21.2,Solar,Industry About,31.4
Czech Republic,1.3,Solar,Industry About,1.65
Czech Republic,1.9,Solar,Industry About,2.6
Czech Republic,1.0,Solar,Industry About,1.25
Czech Republic,1.9,Solar,Industry About,2.46
Czech Republic,2.0,Solar,Industry About,3.02
Czech Republic,2.4,Solar,Industry About,3.31
Czech Republic,2.3,Solar,Industry About,3.09
Czech Republic,2.4,Solar,Industry About,3.54
Czech Republic,1.3,Solar,Industry About,1.6
Czech Republic,4.5,Solar,Industry About,6.0
Czech Republic,3.2,Solar,Industry About,4.52
Czech Republic,5.1,Solar,Industry About,7.47
Czech Republic,5.1,Solar,Wiki-Solar,6.91
Czech Republic,1.6,Solar,Industry About,2.01
Czech Republic,5.0,Solar,Industry About,6.78
Czech Republic,1.9,Solar,Industry About,2.45
Czech Republic,1.6,Solar,Industry About,2.12
Czech Republic,4.2,Solar,Industry About,5.76
Czech Republic,2.8,Solar,Industry About,3.94
Czech Republic,2.3,Solar,Industry About,3.21
Czech Republic,2.0,Solar,Industry About,2.8
Czech Republic,13.0,Solar,Industry About,18.66
Czech Republic,1.2,Solar,Industry About,1.5
Czech Republic,3.0,Solar,Industry About,4.5
Czech Republic,1.1,Solar,Industry About,1.32
Czech Republic,10.0,Solar,Industry About,13.43
Czech Republic,3.5,Solar,Industry About,4.68
Czech Republic,3.5,Solar,Industry About,4.67
Czech Republic,1.8,Solar,Industry About,2.18
Czech Republic,2.0,Solar,Industry About,2.76
Czech Republic,480.0,Hydro,WRI,927.76
Czech Republic,4.8,Solar,Industry About,7.03
Czech Republic,650.0,Hydro,WRI,1355.28
Czech Republic,2.5,Solar,Industry About,3.55
Czech Republic,1.8,Solar,Industry About,2.5
Czech Republic,1.7,Solar,Industry About,2.18
Czech Republic,1.9,Solar,Industry About,2.4
Czech Republic,3.2,Solar,Industry About,4.44
Czech Republic,1.6,Solar,Industry About,2.25
Czech Republic,2.3,Solar,Industry About,3.2
Czech Republic,1.3,Solar,Industry About,1.59
Czech Republic,3.9,Solar,Industry About,5.38
Czech Republic,1.2,Solar,Industry About,1.47
Czech Republic,4.9,Solar,Industry About,6.65
Czech Republic,1.6,Solar,Industry About,2.06
Czech Republic,2.0,Solar,Industry About,2.81
Czech Republic,2.8,Solar,Industry About,3.99
Czech Republic,2.5,Solar,Industry About,3.37
Czech Republic,4.2,Solar,Industry About,6.15
Czech Republic,2.3,Solar,Industry About,3.26
Czech Republic,2.1,Solar,Industry About,2.94
Czech Republic,4.2,Solar,Industry About,6.34
Czech Republic,3.3,Solar,Industry About,4.52
Czech Republic,1.5,Solar,Industry About,1.95
Czech Republic,2.0,Solar,Industry About,2.66
Czech Republic,3.8,Solar,Industry About,5.59
Czech Republic,2.6,Solar,Industry About,3.86
Czech Republic,4.8,Solar,Industry About,7.36
Czech Republic,1.8,Solar,Industry About,2.28
Czech Republic,3.7,Solar,Industry About,4.94
Czech Republic,8.0,Solar,Wiki-Solar,11.48
Czech Republic,3.7,Solar,Industry About,5.11
Czech Republic,1.1,Solar,Industry About,1.38
Czech Republic,1.7,Solar,Industry About,2.09
Czech Republic,2.6,Solar,Industry About,3.48
Czech Republic,2.1,Solar,Industry About,2.95
Czech Republic,1.7,Solar,Industry About,2.17
Czech Republic,5.0,Solar,Industry About,7.02
Czech Republic,1.4,Solar,Industry About,1.76
Czech Republic,2.4,Solar,Industry About,3.34
Czech Republic,1.2,Solar,Industry About,1.55
Czech Republic,3.1,Solar,Industry About,4.33
Czech Republic,1.3,Solar,Industry About,1.68
Czech Republic,4.0,Solar,Industry About,5.53
Czech Republic,5.1,Solar,Industry About,7.58
Czech Republic,1.4,Solar,Industry About,1.83
Czech Republic,2.4,Solar,Industry About,3.53
Czech Republic,4.0,Solar,Industry About,6.08
Czech Republic,8.4,Solar,Industry About,10.91
Czech Republic,4.0,Solar,Industry About,5.34
Czech Republic,1.9,Solar,Industry About,2.41
Czech Republic,4.0,Solar,Industry About,5.63
Czech Republic,3.0,Solar,Industry About,4.03
Czech Republic,1.6,Solar,Industry About,2.13
Czech Republic,3.3,Solar,Industry About,4.6
Czech Republic,1.3,Solar,Industry About,1.64
Czech Republic,1.1,Solar,Industry About,1.4
Czech Republic,1.8,Solar,Industry About,2.54
Czech Republic,1.5,Solar,Industry About,1.97
Czech Republic,1.7,Solar,Industry About,2.15
Czech Republic,5.6,Solar,Industry About,7.69
Czech Republic,3.9,Solar,Industry About,5.47
Czech Republic,1.4,Solar,Industry About,1.99
Czech Republic,1.5,Solar,Industry About,1.99
Czech Republic,4.0,Solar,Industry About,5.59
Czech Republic,2.0,Solar,Industry About,2.82
Czech Republic,1.4,Solar,Industry About,1.81
Czech Republic,10.0,Solar,Industry About,14.59
Czech Republic,3.7,Solar,Industry About,5.12
Czech Republic,1.5,Hydro,GEODB,5.41
Czech Republic,120.0,Hydro,WRI,250.25
Czech Republic,1.1,Solar,Industry About,1.5
Czech Republic,1.9,Solar,Industry About,2.38
Czech Republic,1.6,Solar,Industry About,2.29
Czech Republic,1.0,Solar,Industry About,1.36
Czech Republic,3.6,Solar,Industry About,4.96
Czech Republic,4.9,Solar,Industry About,6.4
Czech Republic,2.3,Solar,Industry About,3.19
Czech Republic,1.6,Solar,Industry About,2.1
Czech Republic,5.0,Solar,Industry About,6.91
Czech Republic,17.5,Solar,Industry About,24.98
Czech Republic,1.0,Solar,Industry About,1.35
Czech Republic,1.0,Solar,Industry About,1.38
Czech Republic,2.1,Solar,Industry About,3.0
Czech Republic,2.1,Solar,Industry About,2.97
Czech Republic,1.6,Solar,Industry About,2.09
Czech Republic,3.4,Solar,Industry About,5.13
Czech Republic,3.2,Solar,Industry About,4.53
Czech Republic,4.9,Solar,Industry About,6.66
Czech Republic,2.4,Solar,Industry About,3.4
Czech Republic,1.2,Solar,Industry About,1.65
Czech Republic,1.5,Solar,Industry About,2.17
Czech Republic,2.4,Solar,Industry About,3.35
Czech Republic,3.3,Solar,Industry About,4.54
Czech Republic,3.0,Solar,Industry About,4.12
Czech Republic,3.6,Solar,Industry About,4.81
Czech Republic,3.5,Solar,Industry About,4.79
Czech Republic,364.0,Hydro,WRI,925.49
Czech Republic,8.0,Solar,Industry About,11.13
Czech Republic,2.5,Solar,Industry About,3.84
Czech Republic,2.5,Solar,Industry About,3.46
Czech Republic,3.4,Solar,Industry About,4.67
Czech Republic,3.3,Solar,Industry About,4.62
Czech Republic,1.2,Solar,Industry About,1.7
Czech Republic,1.3,Solar,Industry About,1.79
Czech Republic,1.4,Solar,Industry About,1.78
Czech Republic,5.8,Solar,Industry About,7.88
Czech Republic,3.2,Solar,Industry About,4.27
Czech Republic,2.4,Solar,Industry About,3.23
Czech Republic,2.2,Solar,Industry About,2.98
Czech Republic,3.4,Solar,Industry About,4.62
Czech Republic,2.3,Solar,Industry About,3.17
Czech Republic,6.5,Solar,Industry About,8.75
Czech Republic,14.2,Solar,Industry About,20.24
Czech Republic,12.8,Solar,Industry About,18.18
Czech Republic,6.6,Solar,Industry About,8.97
Czech Republic,4.5,Solar,Industry About,6.22
Czech Republic,2.2,Solar,Industry About,3.09
Czech Republic,2.2,Solar,Industry About,3.07
Czech Republic,2.7,Solar,Industry About,3.75
Czech Republic,7.0,Solar,Wiki-Solar,9.35
Czech Republic,2.7,Solar,Industry About,3.85
Czech Republic,2.3,Solar,Industry About,3.43
Czech Republic,1.7,Solar,Industry About,2.34
Czech Republic,1.4,Solar,Industry About,1.79
Czech Republic,4.3,Solar,Industry About,6.01
Czech Republic,1.4,Solar,Industry About,1.93
Czech Republic,4.6,Solar,Industry About,6.39
Czech Republic,1.1,Solar,Industry About,1.39
Czech Republic,4.8,Solar,Wiki-Solar,7.47
Czech Republic,1.2,Solar,Industry About,1.52
Czech Republic,2.0,Solar,Industry About,2.97
Czech Republic,6.1,Solar,Industry About,8.42
Czech Republic,2.0,Solar,Industry About,2.73
Czech Republic,144.0,Hydro,WRI,360.1
Czech Republic,2.1,Solar,Industry About,2.84
Czech Republic,4.3,Solar,Industry About,6.04
Czech Republic,7.5,Solar,Industry About,10.73
Czech Republic,2.7,Solar,Industry About,4.11
Czech Republic,2.8,Solar,Industry About,3.98
Czech Republic,2.6,Solar,Industry About,3.61
Czech Republic,2.0,Solar,Industry About,2.75
Czech Republic,13.6,Solar,Industry About,20.76
Czech Republic,2.1,Solar,Industry About,2.93
Czech Republic,3.5,Solar,Industry About,4.96
Czech Republic,2.9,Solar,Industry About,4.12
Czech Republic,20.0,Solar,Industry About,30.99
Czech Republic,4.0,Solar,Industry About,5.97
Czech Republic,4.9,Solar,Industry About,6.68
Czech Republic,2.1,Solar,Industry About,3.16
Czech Republic,3.1,Solar,Industry About,4.3
Czech Republic,3.1,Solar,Industry About,4.42
Czech Republic,2.2,Solar,Industry About,3.31
Czech Republic,3.7,Solar,Industry About,5.46
Czech Republic,3.1,Solar,Industry About,4.37
Czech Republic,1.0,Solar,Industry About,1.37
Czech Republic,7.7,Solar,Industry About,10.51
Czech Republic,10.2,Solar,Industry About,14.42
Czech Republic,3.9,Solar,Industry About,5.18
Czech Republic,1.5,Solar,Industry About,1.94
Czech Republic,3.2,Solar,Industry About,4.49
Czech Republic,6.3,Solar,Industry About,8.48
Czech Republic,2.8,Solar,Industry About,3.92
Czech Republic,35.0,Solar,Industry About,47.3
Czech Republic,4.3,Solar,Industry About,6.3
Czech Republic,14.0,Solar,Industry About,20.6
Czech Republic,2.5,Solar,Industry About,3.73
Czech Republic,1.2,Solar,Industry About,1.51
Czech Republic,6.7,Solar,Industry About,9.47
Czech Republic,1.4,Solar,Industry About,1.94
Czech Republic,3.0,Solar,Industry About,4.27
Czech Republic,4.1,Solar,Industry About,5.44
Czech Republic,4.4,Solar,Industry About,5.86
Czech Republic,16.0,Solar,Industry About,22.61
Czech Republic,5.0,Solar,Wiki-Solar,7.19
Czech Republic,1.9,Solar,Industry About,2.69
Czech Republic,1.7,Solar,Industry About,2.14
Czech Republic,3.4,Solar,Industry About,4.5
Czech Republic,5.4,Solar,Industry About,7.57
Czech Republic,9.3,Solar,Industry About,12.89
Czech Republic,4.4,Solar,Industry About,6.16
Czech Republic,1.5,Solar,Industry About,1.96
Czech Republic,2.5,Solar,Industry About,3.78
Czech Republic,2.9,Solar,Industry About,4.31
Czech Republic,2.8,Solar,Industry About,4.28
Czech Republic,4.5,Solar,Industry About,6.3
Czech Republic,2.5,Solar,Industry About,3.47
Czech Republic,29.9,Solar,Industry About,41.05
Czech Republic,2.9,Solar,Industry About,3.91
Czech Republic,22.5,Hydro,WRI,83.45
Czech Republic,45.0,Hydro,WRI,146.76
Czech Republic,5.6,Solar,Industry About,8.06
Czech Republic,1.3,Solar,Industry About,1.69
Czech Republic,1.7,Solar,Industry About,2.22
Czech Republic,2.8,Solar,Industry About,3.8
Democratic Republic of the Congo,120.0,Hydro,GEODB,327.35
Democratic Republic of the Congo,64.0,Hydro,KTH,292.16
Democratic Republic of the Congo,42.0,Hydro,GEODB,125.26
Democratic Republic of the Congo,68.0,Hydro,KTH,255.29
Democratic Republic of the Congo,74.0,Hydro,GEODB,259.9
Democratic Republic of the Congo,68.0,Hydro,GEODB,255.29
Democratic Republic of the Congo,260.0,Hydro,GEODB,729.01
Democratic Republic of the Congo,228.0,Hydro,GEODB,739.39
Democratic Republic of the Congo,13.8,Hydro,KTH,55.36
Democratic Republic of the Congo,81.0,Hydro,GEODB,301.14
Democratic Republic of the Congo,75.0,Hydro,GEODB,272.59
Democratic Republic of the Congo,150.0,Hydro,GEODB,491.16
Denmark,16.6,Solar,Wiki-Solar,24.37
Denmark,11.0,Wind,WRI,31.46
Denmark,10.0,Solar,Wiki-Solar,15.04
Denmark,10.0,Solar,Wiki-Solar,14.84
Denmark,9.2,Wind,CARMA,31.14
Denmark,10.0,Solar,Wiki-Solar,14.88
Denmark,8.0,Wind,WRI,14.33
Denmark,10.0,Solar,Wiki-Solar,14.45
Denmark,10.0,Solar,Wiki-Solar,14.53
Denmark,16.5,Wind,WRI,37.89
Denmark,160.0,Wind,WRI,592.73
Denmark,209.3,Wind,GEODB,839.8
Denmark,67.2,Wind,WRI,172.68
Denmark,10.0,Solar,Wiki-Solar,14.95
Denmark,10.0,Solar,Wiki-Solar,14.81
Denmark,20.0,Wind,WRI,46.58
Denmark,51.0,Solar,Wiki-Solar,72.43
Denmark,23.4,Wind,WRI,64.7
Denmark,165.6,Wind,GEODB,510.25
Denmark,207.0,Wind,GEODB,804.88
Denmark,17.0,Wind,WRI,50.21
Denmark,23.0,Wind,WRI,64.4
Denmark,21.0,Wind,WRI,75.61
Denmark,5.0,Wind,WRI,8.67
Denmark,50.4,Solar,Wiki-Solar,69.59
Dominican Republic,25.0,Solar,Wiki-Solar,62.78
Dominican Republic,58.0,Solar,Wiki-Solar,149.43
Dominican Republic,49.49,Hydro,WRI,156.11
Dominican Republic,30.0,Solar,WRI,70.1
Dominican Republic,81.6,Hydro,WRI,295.11
Dominican Republic,96.0,Hydro,WRI,264.18
Ecuador,10.0,Hydro,CARMA,22.39
Ecuador,18.0,Hydro,CARMA,39.28
Ecuador,1500.0,Hydro,WRI,5101.67
Ecuador,30.0,Solar,Wiki-Solar,60.4
Ecuador,20.92,Hydro,CARMA,65.12
Ecuador,65.0,Hydro,WRI,250.51
Ecuador,1100.0,Hydro,WRI,3837.1
Ecuador,24.0,Hydro,CARMA,61.69
Ecuador,14.4,Hydro,CARMA,31.42
Ecuador,15.0,Hydro,CARMA,85.09
Ecuador,20.0,Solar,Wiki-Solar,40.78
Ecuador,487.0,Hydro,WRI,1450.26
Egypt,50.0,Solar,Wiki-Solar,118.48
Egypt,50.0,Solar,Wiki-Solar,117.87
Egypt,50.0,Solar,Wiki-Solar,115.5
Egypt,20.0,Solar,Wiki-Solar,46.16
Egypt,50.0,Solar,Wiki-Solar,116.38
Egypt,50.0,Solar,Wiki-Solar,116.74
Egypt,50.0,Solar,Wiki-Solar,114.78
Egypt,50.0,Solar,Wiki-Solar,115.37
Egypt,150.0,Solar,Wiki-Solar,344.59
Egypt,50.0,Solar,Wiki-Solar,116.18
Egypt,25.0,Solar,Wiki-Solar,56.22
Egypt,20.0,Solar,Wiki-Solar,43.04
Egypt,5.0,Solar,Wiki-Solar,11.3
Egypt,4.5,Solar,Wiki-Solar,9.33
Egypt,10.0,Solar,Wiki-Solar,16.1
Egypt,20.0,Solar,Wiki-Solar,40.13
El Salvador,180.2,Hydro,GEODB,652.94
El Salvador,76.0,Solar,Wiki-Solar,198.62
El Salvador,170.0,Hydro,GEODB,550.56
El Salvador,99.4,Hydro,GEODB,360.03
El Salvador,10.0,Solar,Wiki-Solar,19.56
El Salvador,19.7,Hydro,GEODB,60.68
El Salvador,10.0,Solar,Wiki-Solar,19.06
El Salvador,20.0,Solar,Wiki-Solar,49.91
El Salvador,10.0,Solar,Wiki-Solar,18.94
El Salvador,101.0,Solar,Wiki-Solar,260.68
El Salvador,25.0,Solar,Wiki-Solar,65.02
El Salvador,18.0,Solar,Wiki-Solar,45.02
Equatorial Guinea,120.0,Hydro,Power Africa,211.2
Estonia,24.0,Wind,Estonian Wind Energy Association,75.92
Estonia,48.0,Wind,Estonian Wind Energy Association,143.2
Estonia,39.1,Wind,Estonian Wind Energy Association,96.89
Estonia,18.4,Wind,GEODB,42.91
Estonia,45.0,Wind,Estonian Wind Energy Association,145.69
Estonia,9.0,Wind,Estonian Wind Energy Association,22.6
Estonia,2.6,Wind,Estonian Wind Energy Association,5.72
Estonia,6.9,Wind,Estonian Wind Energy Association,19.88
Estonia,24.0,Wind,GEODB,62.51
Ethiopia,64.0,Hydro,GEODB,268.69
Ethiopia,460.0,Hydro,GEODB,1717.51
Ethiopia,134.0,Hydro,GEODB,513.67
Ethiopia,100.0,Hydro,GEODB,412.33
Ethiopia,184.0,Hydro,GEODB,721.73
Ethiopia,420.0,Hydro,GEODB,1629.31
Ethiopia,1870.0,Hydro,WRI,6813.2
Ethiopia,43.2,Hydro,GEODB,182.54
Ethiopia,153.0,Hydro,GEODB,608.25
Ethiopia,300.0,Hydro,GEODB,1233.05
Ethiopia,84.4,Hydro,GEODB,374.81
Fiji,10.1,Wind,WRI,26.25
Fiji,40.0,Hydro,WRI,154.91
Fiji,3.0,Hydro,WRI,8.94
Fiji,160.0,Hydro,WRI,599.41
Fiji,6.0,Hydro,WRI,19.08
Finland,24.0,Hydro,CARMA,102.52
Finland,44.8,Hydro,CARMA,166.06
Finland,4.6,Hydro,CARMA,22.1
Finland,1.3,Hydro,CARMA,3.93
Finland,6.5,Hydro,CARMA,37.48
Finland,4.19,Hydro,CARMA,13.2
Finland,2.5,Hydro,CARMA,12.58
Finland,1.5,Hydro,CARMA,7.07
Finland,72.0,Hydro,CARMA,308.37
Finland,6.8,Hydro,CARMA,21.63
Finland,6.3,Hydro,CARMA,23.35
Finland,8.5,Hydro,CARMA,34.74
Finland,192.0,Hydro,GEODB,927.86
Finland,17.0,Hydro,CARMA,86.4
Finland,106.0,Hydro,CARMA,414.88
Finland,5.5,Hydro,CARMA,31.24
Finland,26.0,Hydro,CARMA,116.74
Finland,1.8,Hydro,CARMA,8.11
Finland,3.7,Hydro,CARMA,18.14
Finland,1.4,Hydro,CARMA,6.69
Finland,2.8,Hydro,CARMA,14.13
Finland,1.2,Hydro,CARMA,3.54
Finland,5.4,Hydro,CARMA,26.31
Finland,7.6,Hydro,CARMA,37.9
Finland,32.0,Hydro,CARMA,141.78
Finland,4.5,Hydro,CARMA,25.5
Finland,11.5,Hydro,CARMA,45.02
Finland,2.1,Hydro,CARMA,10.29
Finland,19.1,Hydro,CARMA,93.05
Finland,9.8,Hydro,CARMA,50.4
Finland,4.5,Hydro,CARMA,18.19
Finland,5.6,Hydro,CARMA,31.81
Finland,1.6,Hydro,CARMA,7.5
Finland,25.0,Hydro,CARMA,129.22
Finland,45.0,Hydro,CARMA,174.6
Finland,8.5,Hydro,CARMA,32.84
Finland,3.2,Hydro,CARMA,14.2
Finland,2.0,Hydro,CARMA,9.11
Finland,15.0,Hydro,CARMA,78.02
Finland,27.0,Hydro,CARMA,117.31
Finland,30.0,Hydro,CARMA,127.48
Finland,21.0,Hydro,CARMA,90.45
Finland,3.2,Hydro,CARMA,13.21
Finland,16.0,Hydro,CARMA,80.6
Finland,1.9,Hydro,CARMA,8.25
Finland,30.0,Hydro,CARMA,127.28
Finland,11.0,Hydro,CARMA,56.58
Finland,70.0,Hydro,CARMA,273.88
Finland,42.0,Hydro,CARMA,190.85
Finland,25.0,Hydro,CARMA,103.0
Finland,81.0,Hydro,CARMA,354.44
Finland,3.0,Hydro,CARMA,10.62
Finland,124.0,Hydro,CARMA,462.51
Finland,1.0,Hydro,CARMA,3.4
Finland,42.1,Hydro,CARMA,203.28
Finland,6.8,Hydro,CARMA,21.59
Finland,85.0,Hydro,CARMA,377.23
Finland,15.0,Hydro,CARMA,76.2
Finland,2.4,Hydro,CARMA,13.77
Finland,2.3,Hydro,CARMA,9.68
Finland,14.0,Hydro,CARMA,71.36
Finland,131.0,Hydro,CARMA,533.88
Finland,11.0,Hydro,CARMA,43.56
Finland,35.0,Hydro,CARMA,152.07
Finland,6.9,Hydro,CARMA,22.45
Finland,60.0,Hydro,CARMA,228.66
Finland,3.3,Hydro,CARMA,12.65
Finland,1.6,Hydro,CARMA,7.26
Finland,1.2,Hydro,CARMA,4.93
Finland,130.0,Hydro,CARMA,523.83
Finland,37.9,Hydro,CARMA,158.42
Finland,1.8,Hydro,CARMA,8.3
Finland,1.42,Hydro,CARMA,5.95
Finland,61.5,Hydro,GEODB,234.38
Finland,133.0,Hydro,CARMA,545.54
Finland,8.6,Hydro,CARMA,30.49
Finland,3.01,Hydro,CARMA,8.99
Finland,3.0,Hydro,CARMA,13.54
Finland,3.7,Hydro,CARMA,14.63
Finland,57.8,Hydro,CARMA,203.04
Finland,3.6,Hydro,CARMA,14.68
Finland,21.0,Hydro,CARMA,98.43
Finland,101.0,Hydro,CARMA,446.61
Finland,1.8,Hydro,CARMA,7.87
Finland,3.0,Hydro,CARMA,11.5
Finland,1.5,Hydro,CARMA,6.37
Finland,32.9,Hydro,CARMA,139.8
Finland,9.5,Hydro,CARMA,46.96
France,104.0,Hydro,GEODB,295.74
France,126.0,Hydro,GEODB,546.92
France,1.15956,Solar,Open Power System Data,1.77
France,8.53314,Solar,Open Power System Data,15.12
France,4.0,Solar,Wiki-Solar,7.04
France,12.0,Solar,Wiki-Solar,22.66
France,1.6,Hydro,Open Power System Data,4.54
France,10.9,Solar,Wiki-Solar,17.68
France,2.18556,Solar,Open Power System Data,3.15
France,1.177,Hydro,Open Power System Data,3.58
France,2.57727,Solar,Open Power System Data,3.69
France,2.23527,Solar,Open Power System Data,3.13
France,8.36119,Solar,Open Power System Data,13.5
France,1.36627,Solar,Open Power System Data,1.8
France,2.20953,Solar,Open Power System Data,4.12
France,11.68,Hydro,Open Power System Data,36.17
France,1.8,Hydro,Open Power System Data,5.57
France,6.70448,Solar,Open Power System Data,10.04
France,2.41,Solar,Open Power System Data,3.31
France,32.0,Hydro,GEODB,91.93
France,5.3,Hydro,Open Power System Data,20.21
France,4.5,Solar,Wiki-Solar,6.46
France,3.5015,Solar,Open Power System Data,5.37
France,3.66198,Solar,Open Power System Data,6.62
France,1.08202,Solar,Open Power System Data,1.49
France,1.4,Hydro,Open Power System Data,4.86
France,1.05656,Solar,Open Power System Data,1.47
France,1.11625,Solar,Open Power System Data,1.55
France,2.57113,Solar,Open Power System Data,3.8
France,1.06144,Solar,Open Power System Data,1.47
France,1.9,Hydro,Open Power System Data,6.82
France,4.74928,Solar,Open Power System Data,9.87
France,10.2,Solar,Wiki-Solar,14.27
France,1.29408,Solar,Open Power System Data,1.73
France,10.255,Hydro,Open Power System Data,23.47
France,2.0,Hydro,Open Power System Data,5.23
France,2.4,Hydro,Open Power System Data,8.73
France,12.0,Solar,Wiki-Solar,19.18
France,1.228,Hydro,Open Power System Data,2.91
France,4.1,Hydro,Open Power System Data,15.58
France,47.5,Hydro,GEODB,119.49
France,38.0,Hydro,GEODB,103.06
France,6.286,Hydro,Open Power System Data,21.43
France,9.07405,Solar,Open Power System Data,15.49
France,5.3,Hydro,Open Power System Data,15.56
France,11.27645,Solar,Open Power System Data,16.64
France,4.24212,Solar,Open Power System Data,6.27
France,10.495,Hydro,Open Power System Data,24.02
France,48.23768,Solar,Open Power System Data,71.0
France,4.543,Hydro,Open Power System Data,9.72
France,88.0,Hydro,GEODB,245.47
France,1.148,Hydro,Open Power System Data,4.51
France,8.5,Hydro,Open Power System Data,26.05
France,1.12,Hydro,Open Power System Data,4.4
France,2.5022,Solar,Open Power System Data,4.2
France,1.126,Hydro,Open Power System Data,4.36
France,1.3489,Solar,Open Power System Data,1.94
France,10.68047,Solar,Open Power System Data,16.38
France,1.54832,Solar,Open Power System Data,2.13
France,1.51505,Solar,Open Power System Data,2.06
France,1.3771,Solar,Open Power System Data,2.14
France,1.53859,Solar,Open Power System Data,2.19
France,2.4,Hydro,Open Power System Data,8.07
France,4.51723,Solar,Open Power System Data,6.27
France,1.39935,Solar,Open Power System Data,2.05
France,2.273,Hydro,Open Power System Data,8.37
France,3.2,Hydro,Open Power System Data,7.05
France,29.0,Hydro,GEODB,75.91
France,1.29016,Solar,Open Power System Data,1.73
France,11.74147,Solar,Open Power System Data,19.16
France,4.77224,Solar,Open Power System Data,8.05
France,10.80126,Solar,Open Power System Data,16.32
France,11.6,Hydro,Open Power System Data,37.12
France,1.3,Hydro,Open Power System Data,2.28
France,140.0,Hydro,GEODB,397.67
France,575.0,Hydro,GEODB,1429.93
France,198.0,Hydro,GEODB,562.42
France,235.0,Hydro,GEODB,341.87
France,180.0,Hydro,GEODB,623.61
France,406.0,Hydro,GEODB,830.44
France,8.0,Hydro,Open Power System Data,29.53
France,2.13,Hydro,Open Power System Data,4.66
France,16.98945,Solar,Open Power System Data,40.09
France,7.905,Hydro,Open Power System Data,28.51
France,3.78,Hydro,Open Power System Data,12.85
France,50.0,Hydro,GEODB,131.52
France,8.0,Hydro,Open Power System Data,24.12
France,12.42661,Solar,Open Power System Data,19.83
France,1.2,Hydro,Open Power System Data,4.03
France,1.25858,Solar,Open Power System Data,2.31
France,13.5,Solar,Wiki-Solar,21.64
France,4.48242,Solar,Open Power System Data,8.24
France,10.39129,Solar,Open Power System Data,15.21
France,3.0839,Solar,Open Power System Data,4.94
France,3.014,Hydro,Open Power System Data,9.64
France,44.0,Hydro,GEODB,132.61
France,2.34397,Solar,Open Power System Data,3.26
France,39.0,Hydro,GEODB,142.76
France,9.0,Solar,Wiki-Solar,13.39
France,6.75421,Solar,Open Power System Data,10.76
France,1.0357,Solar,Open Power System Data,1.48
France,11.0,Solar,Wiki-Solar,17.81
France,20.12174,Solar,Open Power System Data,32.19
France,2.49,Hydro,Open Power System Data,8.88
France,1.45682,Solar,Open Power System Data,2.01
France,2.54737,Solar,Open Power System Data,3.56
France,1.6426,Solar,Open Power System Data,2.27
France,1.4,Hydro,Open Power System Data,3.22
France,1.65554,Solar,Open Power System Data,2.11
France,8.12373,Solar,Open Power System Data,12.48
France,13.9,Solar,Wiki-Solar,23.68
France,6.0,Solar,Wiki-Solar,8.99
France,3.00144,Solar,Open Power System Data,4.77
France,4.6,Hydro,Open Power System Data,14.71
France,12.4,Hydro,Open Power System Data,29.84
France,1.75148,Solar,Open Power System Data,2.59
France,1.78912,Solar,Open Power System Data,2.37
France,9.5,Hydro,Open Power System Data,30.02
France,8.3,Solar,Wiki-Solar,13.42
France,6.50908,Solar,Open Power System Data,10.08
France,2.63036,Solar,Open Power System Data,4.06
France,4.00894,Solar,Open Power System Data,5.59
France,10.0202,Solar,Open Power System Data,15.77
France,8.28191,Solar,Open Power System Data,12.63
France,5.02432,Solar,Open Power System Data,9.27
France,8.0,Hydro,Open Power System Data,25.49
France,5.72123,Solar,Open Power System Data,8.54
France,2.11596,Solar,Open Power System Data,3.0
France,1.16,Hydro,Open Power System Data,3.57
France,1.06809,Solar,Open Power System Data,1.45
France,2.4,Hydro,Open Power System Data,6.25
France,8.46907,Solar,Open Power System Data,14.13
France,14.48465,Solar,Open Power System Data,23.11
France,2.46147,Solar,Open Power System Data,4.56
France,2.79078,Solar,Open Power System Data,4.42
France,10.3181,Solar,Open Power System Data,16.1
France,12.0,Solar,Wiki-Solar,22.34
France,5.277,Hydro,Open Power System Data,10.66
France,2.52,Hydro,Open Power System Data,9.62
France,2.74268,Solar,Open Power System Data,3.9
France,1.62153,Solar,Open Power System Data,2.21
France,3.67395,Solar,Open Power System Data,5.26
France,1.21546,Solar,Open Power System Data,1.64
France,1.80056,Solar,Open Power System Data,2.63
France,9.8,Hydro,Open Power System Data,24.51
France,9.5,Hydro,Open Power System Data,30.64
France,3.31605,Solar,Open Power System Data,4.84
France,5.48997,Solar,Open Power System Data,8.54
France,11.6,Solar,Wiki-Solar,20.4
France,11.3,Solar,Wiki-Solar,17.33
France,7.1,Solar,Wiki-Solar,10.61
France,2.53042,Solar,Open Power System Data,3.68
France,1.73315,Solar,Open Power System Data,3.4
France,4.1,Hydro,Open Power System Data,13.54
France,12.0,Solar,Wiki-Solar,20.27
France,70.0,Hydro,GEODB,277.56
France,90.0,Hydro,GEODB,359.32
France,1.31155,Solar,Open Power System Data,1.78
France,1.35798,Solar,Open Power System Data,1.86
France,2.41787,Solar,Open Power System Data,3.39
France,10.875,Hydro,Open Power System Data,25.49
France,1.0,Hydro,Open Power System Data,4.1
France,1.50312,Solar,Open Power System Data,2.06
France,7.7983,Solar,Open Power System Data,12.75
France,30.0,Hydro,GEODB,85.73
France,1.1074,Solar,Open Power System Data,1.5
France,1.70945,Solar,Open Power System Data,2.29
France,2.18806,Solar,Open Power System Data,3.03
France,2.3,Hydro,Open Power System Data,7.53
France,1.061,Hydro,Open Power System Data,4.09
France,12.8,Hydro,Open Power System Data,40.26
France,2.39869,Solar,Open Power System Data,3.42
France,9.8,Hydro,Open Power System Data,35.32
France,11.1,Solar,Wiki-Solar,18.79
France,8.11368,Solar,Open Power System Data,12.57
France,5.3238,Solar,Open Power System Data,7.88
France,18.39573,Solar,Open Power System Data,29.77
France,156.0,Hydro,GEODB,677.14
France,293.0,Hydro,GEODB,446.06
France,485.0,Hydro,GEODB,1351.19
France,320.0,Hydro,GEODB,809.65
France,123.0,Hydro,GEODB,313.62
France,119.0,Hydro,GEODB,291.37
France,139.0,Hydro,GEODB,369.28
France,12.0952,Solar,Open Power System Data,20.42
France,1.11,Hydro,Open Power System Data,3.41
France,10.0,Solar,Wiki-Solar,15.2
France,1.48317,Solar,Open Power System Data,2.32
France,8.5,Hydro,Open Power System Data,30.91
France,2.41418,Solar,Open Power System Data,4.41
France,7.65871,Solar,Open Power System Data,12.45
France,12.40834,Solar,Open Power System Data,19.46
France,1.10583,Solar,Open Power System Data,1.7
France,9.9,Solar,Wiki-Solar,14.91
France,9.91,Hydro,Open Power System Data,19.23
France,10.4,Solar,Wiki-Solar,20.29
France,1.24605,Solar,Open Power System Data,1.73
France,1.23791,Solar,Open Power System Data,1.84
France,19.7,Solar,Wiki-Solar,30.37
France,5.0,Solar,Wiki-Solar,7.57
France,5.3,Hydro,Open Power System Data,19.04
France,1.27675,Solar,Open Power System Data,2.34
France,2.1148,Solar,Open Power System Data,4.26
France,4.6742,Solar,Open Power System Data,7.93
France,8.36035,Solar,Open Power System Data,13.01
France,3.49,Hydro,Open Power System Data,6.25
France,4.5,Solar,Wiki-Solar,6.56
France,2.55333,Solar,Open Power System Data,3.91
France,1.96535,Solar,Open Power System Data,3.13
France,4.72798,Solar,Open Power System Data,7.6
France,1.3,Hydro,Open Power System Data,4.54
France,42.0,Hydro,GEODB,104.03
France,13.60385,Solar,Open Power System Data,21.08
France,1.46684,Solar,Open Power System Data,2.33
France,2.48707,Solar,Open Power System Data,3.62
France,1.62,Hydro,Open Power System Data,5.95
France,25.05259,Solar,Open Power System Data,40.89
France,2.7394,Solar,Open Power System Data,5.11
France,68.0,Hydro,GEODB,186.95
France,1.9,Hydro,Open Power System Data,7.0
France,13.29,Hydro,Open Power System Data,31.92
France,54.5,Hydro,GEODB,121.08
France,3.15121,Solar,Open Power System Data,4.9
France,1.315,Hydro,Open Power System Data,4.83
France,12.0,Solar,Wiki-Solar,21.92
France,2.62577,Solar,Open Power System Data,3.67
France,2.218,Hydro,Open Power System Data,5.78
France,3.0,Hydro,Open Power System Data,8.48
France,8.76409,Solar,Open Power System Data,14.02
France,2.67186,Solar,Open Power System Data,5.1
France,6.13497,Solar,Open Power System Data,8.51
France,301.36417,Solar,Open Power System Data,466.89
France,4.70039,Solar,Open Power System Data,7.32
France,1.19364,Solar,Open Power System Data,1.62
France,10.0,Solar,Wiki-Solar,15.08
France,1.08146,Solar,Open Power System Data,1.41
France,1.29659,Solar,Open Power System Data,1.77
France,1.18709,Solar,Open Power System Data,1.71
France,6.3,Hydro,Open Power System Data,22.45
France,1.30214,Solar,Open Power System Data,1.75
France,6.45692,Solar,Open Power System Data,11.03
France,1.5009,Hydro,Open Power System Data,5.58
France,9.4,Hydro,Open Power System Data,31.54
France,1.36303,Solar,Open Power System Data,1.86
France,3.0,Hydro,Open Power System Data,12.4
France,1.02277,Solar,Open Power System Data,1.49
France,1.02274,Solar,Open Power System Data,1.44
France,1.10474,Solar,Open Power System Data,1.52
France,24.3,Hydro,GEODB,64.59
France,90.0,Hydro,GEODB,358.26
France,1.62249,Solar,Open Power System Data,2.26
France,5.5,Solar,Wiki-Solar,7.99
France,1.77,Hydro,Open Power System Data,4.67
France,1.47341,Solar,Open Power System Data,2.05
France,8.7,Solar,Wiki-Solar,14.23
France,9.8,Solar,Wiki-Solar,15.51
France,6.26,Hydro,Open Power System Data,13.8
France,1.6,Hydro,Open Power System Data,4.2
France,7.0,Solar,Wiki-Solar,11.06
France,1.31564,Solar,Open Power System Data,1.9
France,8.8,Hydro,Open Power System Data,21.33
France,2.4,Hydro,Open Power System Data,9.49
France,1.15396,Solar,Open Power System Data,1.58
France,10.236,Hydro,Open Power System Data,23.99
France,1.4,Hydro,Open Power System Data,2.92
France,11.0,Hydro,Open Power System Data,33.52
France,23.0,Hydro,GEODB,72.78
France,1.5,Hydro,Open Power System Data,4.58
France,1.02378,Solar,Open Power System Data,1.4
France,4.90851,Solar,Open Power System Data,6.83
France,1.50592,Solar,Open Power System Data,2.29
France,1.24823,Solar,Open Power System Data,1.73
France,4.926,Solar,Open Power System Data,7.18
France,41.0,Hydro,GEODB,118.32
France,1.58379,Solar,Open Power System Data,2.06
France,3.65295,Solar,Open Power System Data,5.26
France,10.35593,Solar,Open Power System Data,16.62
France,1.32836,Solar,Open Power System Data,2.09
France,2.4899,Solar,Open Power System Data,3.52
France,1.84322,Solar,Open Power System Data,3.29
France,4.615,Hydro,Open Power System Data,9.81
France,1.35635,Solar,Open Power System Data,2.36
France,2.26924,Solar,Open Power System Data,4.24
France,3.89115,Solar,Open Power System Data,6.04
France,1.44682,Solar,Open Power System Data,1.96
France,1.72445,Solar,Open Power System Data,2.18
France,1.19304,Solar,Open Power System Data,1.6
France,10.38721,Solar,Open Power System Data,14.46
France,1.18,Hydro,Open Power System Data,3.66
France,1.3,Hydro,Open Power System Data,2.89
France,3.90128,Solar,Open Power System Data,6.06
France,24.02204,Solar,Open Power System Data,34.96
France,1.72,Hydro,Open Power System Data,6.47
France,7.72742,Solar,Open Power System Data,13.26
France,11.91035,Solar,Open Power System Data,18.27
France,26.36344,Solar,Open Power System Data,41.5
France,1.13499,Solar,Open Power System Data,1.48
France,85.0,Hydro,GEODB,224.2
France,1.725,Hydro,Open Power System Data,4.55
France,348.0,Hydro,WRI,570.4
France,1.90716,Solar,Open Power System Data,2.58
France,10.45652,Solar,Open Power System Data,16.38
France,2.35214,Solar,Open Power System Data,3.3
France,1.08662,Solar,Open Power System Data,1.38
France,12.05204,Solar,Open Power System Data,18.5
France,2.21506,Solar,Open Power System Data,3.13
France,3.2,Hydro,Open Power System Data,12.49
France,1.6402,Solar,Open Power System Data,2.6
France,1.6,Hydro,Open Power System Data,5.05
France,8.75322,Solar,Open Power System Data,19.35
France,1.02351,Solar,Open Power System Data,1.32
France,11.78586,Solar,Open Power System Data,18.87
France,1.27649,Solar,Open Power System Data,1.71
France,1.09706,Solar,Open Power System Data,1.38
France,37.3,Hydro,GEODB,93.67
France,72.0,Hydro,GEODB,217.07
France,2.45584,Solar,Open Power System Data,4.31
France,1.04187,Solar,Open Power System Data,1.55
France,6.7,Solar,Wiki-Solar,9.24
France,35.0,Hydro,GEODB,88.89
France,1.5437,Solar,Open Power System Data,2.08
France,12.1,Hydro,Open Power System Data,39.68
France,1.125,Hydro,Open Power System Data,3.71
France,16.2137,Solar,Open Power System Data,26.61
France,1.95,Hydro,Open Power System Data,7.14
France,4.48481,Solar,Open Power System Data,7.02
France,12.03533,Solar,Open Power System Data,19.41
France,25.0,Hydro,GEODB,63.16
France,1.0884,Solar,Open Power System Data,1.46
France,4.28,Hydro,Open Power System Data,10.05
France,175.0,Hydro,GEODB,431.34
France,2.26811,Solar,Open Power System Data,3.8
France,5.04464,Solar,Open Power System Data,7.86
France,11.5,Solar,Wiki-Solar,17.82
France,2.3,Hydro,Open Power System Data,8.23
France,2.02255,Solar,Open Power System Data,2.75
France,5.0,Solar,Wiki-Solar,6.98
France,2.1,Hydro,Open Power System Data,5.77
France,10.0,Solar,Wiki-Solar,14.84
France,3.274,Solar,Open Power System Data,5.27
France,12.26303,Solar,Open Power System Data,20.25
France,1.73249,Solar,Open Power System Data,2.19
France,1.41573,Solar,Open Power System Data,2.14
France,1.2025,Solar,Open Power System Data,1.61
France,1.019,Solar,Open Power System Data,1.6
France,6.24,Hydro,Open Power System Data,19.45
France,12.0,Solar,Wiki-Solar,22.92
France,4.0,Solar,Wiki-Solar,5.84
France,8.5,Hydro,Open Power System Data,21.12
France,11.98302,Solar,Open Power System Data,18.59
France,7.16417,Solar,Open Power System Data,10.77
France,10.4,Solar,Wiki-Solar,16.87
France,10.0,Hydro,Open Power System Data,19.4
France,4.8,Solar,Wiki-Solar,7.71
France,7.10742,Solar,Open Power System Data,15.69
France,10.6,Hydro,Open Power System Data,30.12
France,1.73715,Solar,Open Power System Data,2.86
France,3.23085,Solar,Open Power System Data,4.66
France,2.29573,Solar,Open Power System Data,3.2
France,3.57087,Solar,Open Power System Data,5.97
France,2.10751,Solar,Open Power System Data,3.55
France,7.0,Hydro,Open Power System Data,25.09
France,5.03936,Solar,Open Power System Data,8.34
France,1.07943,Solar,Open Power System Data,1.44
France,4.314,Solar,Open Power System Data,6.21
France,420.0,Hydro,GEODB,1492.44
France,140.5,Hydro,GEODB,346.3
France,1690.0,Hydro,GEODB,5352.55
France,5.71737,Solar,Open Power System Data,8.53
France,6.2,Hydro,Open Power System Data,18.48
France,1.1,Hydro,Open Power System Data,3.74
France,3.26741,Solar,Open Power System Data,5.2
France,10.07774,Solar,Open Power System Data,16.56
France,6.00188,Solar,Open Power System Data,9.59
France,9.0,Hydro,Open Power System Data,33.22
France,1.86337,Solar,Open Power System Data,2.89
France,8.46082,Solar,Open Power System Data,14.11
France,7.26595,Solar,Open Power System Data,11.71
France,12.12215,Solar,Open Power System Data,18.61
France,1.09656,Solar,Open Power System Data,1.45
France,3.1,Hydro,Open Power System Data,10.49
France,1.2234,Solar,Open Power System Data,2.05
France,12.0,Solar,Wiki-Solar,23.03
France,1.01903,Solar,Open Power System Data,1.3
France,3.2,Hydro,Open Power System Data,9.05
France,11.0874,Solar,Open Power System Data,18.67
France,6.8,Solar,Wiki-Solar,10.67
France,2.1,Hydro,Open Power System Data,5.98
France,45.0,Hydro,GEODB,108.29
France,40.0,Hydro,GEODB,101.59
France,1.30171,Solar,Open Power System Data,2.38
France,1.08415,Solar,Open Power System Data,1.44
France,2.59124,Solar,Open Power System Data,3.63
France,4.4,Solar,Wiki-Solar,6.9
France,2.72,Hydro,Open Power System Data,7.9
France,74.0,Hydro,GEODB,210.04
France,37.0,Hydro,GEODB,88.49
France,1.29796,Solar,Open Power System Data,1.93
France,1.48365,Solar,Open Power System Data,2.03
France,6.87749,Solar,Open Power System Data,10.29
France,9.1,Solar,Wiki-Solar,13.76
France,1.11183,Solar,Open Power System Data,1.49
France,5.0,Solar,Wiki-Solar,6.91
France,82.0,Solar,Wiki-Solar,125.51
France,6.5,Hydro,Open Power System Data,13.47
France,1.03703,Solar,Open Power System Data,1.51
France,1.484,Solar,Open Power System Data,2.09
France,1.0172,Solar,Open Power System Data,1.81
France,1.19381,Solar,Open Power System Data,1.65
France,1.312,Hydro,Open Power System Data,5.01
France,1.02731,Solar,Open Power System Data,1.72
France,3.92821,Solar,Open Power System Data,5.64
France,5.5,Solar,Wiki-Solar,8.25
France,9.0,Solar,Wiki-Solar,14.64
France,25.0,Hydro,GEODB,70.49
France,8.5,Hydro,Open Power System Data,21.22
France,4.5,Solar,Wiki-Solar,6.82
France,1.62593,Solar,Open Power System Data,2.67
France,2.7,Hydro,Open Power System Data,5.91
France,1.46003,Solar,Open Power System Data,1.92
France,12.0,Solar,Wiki-Solar,19.79
France,3.13082,Solar,Open Power System Data,4.2
France,93.3,Hydro,GEODB,256.98
France,23.31344,Solar,Open Power System Data,36.73
France,11.1,Solar,Wiki-Solar,20.12
France,1.57687,Solar,Open Power System Data,2.15
France,5.42097,Solar,Open Power System Data,10.05
France,11.19511,Solar,Open Power System Data,18.57
France,1.29353,Solar,Open Power System Data,1.63
France,35.36262,Solar,Open Power System Data,58.66
France,3.6,Hydro,Open Power System Data,12.78
France,1.00656,Solar,Open Power System Data,1.6
France,36.00882,Solar,Open Power System Data,51.13
France,78.0,Hydro,GEODB,242.66
France,4.0,Hydro,Open Power System Data,15.2
France,1.129,Hydro,Open Power System Data,4.19
France,12.54012,Solar,Open Power System Data,18.26
France,1.16795,Solar,Open Power System Data,1.73
France,153.7,Hydro,GEODB,378.84
France,5.2,Solar,Wiki-Solar,8.06
France,5.25397,Solar,Open Power System Data,11.53
France,13.58552,Solar,Open Power System Data,31.47
France,5.1,Hydro,Open Power System Data,18.43
France,2.26612,Solar,Open Power System Data,3.18
France,2.2588,Solar,Open Power System Data,3.5
France,1.96369,Solar,Open Power System Data,3.92
France,3.7,Hydro,Open Power System Data,10.94
France,1.23905,Solar,Open Power System Data,1.87
France,1.24,Hydro,Open Power System Data,3.44
France,4.256,Hydro,Open Power System Data,9.34
France,7.0,Hydro,Open Power System Data,22.27
France,8.2,Solar,Wiki-Solar,13.77
France,1.06181,Solar,Open Power System Data,1.61
France,1.09879,Solar,Open Power System Data,1.52
France,4.79038,Solar,Open Power System Data,7.07
France,1.21898,Solar,Open Power System Data,1.71
France,2.01092,Solar,Open Power System Data,3.65
France,4.5,Solar,Wiki-Solar,6.83
France,1.23701,Solar,Open Power System Data,2.05
France,12.0,Solar,Wiki-Solar,18.38
France,4.91378,Solar,Open Power System Data,8.31
France,8.9,Solar,Wiki-Solar,12.82
France,1.38752,Solar,Open Power System Data,1.9
France,6.5,Solar,Wiki-Solar,10.8
France,11.5,Solar,Wiki-Solar,18.44
France,2.05746,Solar,Open Power System Data,3.76
France,1.47021,Solar,Open Power System Data,2.04
France,5.26764,Solar,Open Power System Data,7.98
France,11.0,Solar,Wiki-Solar,17.86
France,5.2,Hydro,Open Power System Data,11.19
France,9.07,Hydro,Open Power System Data,22.81
France,1.9,Hydro,Open Power System Data,6.71
France,7.6,Solar,Wiki-Solar,12.63
France,4.8766,Solar,Open Power System Data,8.12
France,1.14545,Solar,Open Power System Data,1.56
France,3.22811,Solar,Open Power System Data,6.35
France,1.65,Hydro,Open Power System Data,4.28
France,12.0,Solar,Wiki-Solar,21.65
France,2.095,Hydro,Open Power System Data,7.31
France,1.21921,Solar,Open Power System Data,1.86
France,2.23223,Solar,Open Power System Data,3.3
France,5.0,Solar,Wiki-Solar,7.92
France,2.1538,Solar,Open Power System Data,3.16
France,1.98698,Solar,Open Power System Data,2.79
France,1.72735,Solar,Open Power System Data,2.4
France,1.00009,Solar,Open Power System Data,1.62
France,1.38843,Solar,Open Power System Data,1.92
France,1.68143,Solar,Open Power System Data,3.13
France,7.1,Solar,Wiki-Solar,11.38
France,1.24445,Solar,Open Power System Data,1.98
France,4.05276,Solar,Open Power System Data,6.19
France,1.07462,Solar,Open Power System Data,1.89
France,6.46758,Solar,Open Power System Data,10.25
France,1.13183,Solar,Open Power System Data,1.56
France,1.01868,Solar,Open Power System Data,1.63
France,3.6,Hydro,Open Power System Data,11.73
France,9.0,Solar,Wiki-Solar,14.2
France,1.0015,Solar,Open Power System Data,1.28
France,7.97865,Solar,Open Power System Data,12.33
France,9.5,Hydro,Open Power System Data,23.76
France,2.11392,Solar,Open Power System Data,3.05
France,22.0,Solar,Wiki-Solar,38.85
France,1.8917,Solar,Open Power System Data,2.52
France,3.84398,Solar,Open Power System Data,6.22
France,5.0,Solar,Wiki-Solar,7.79
France,1.6,Hydro,Open Power System Data,5.23
France,1.93806,Solar,Open Power System Data,3.79
France,1.0328,Solar,Open Power System Data,1.49
France,21.0,Hydro,GEODB,61.07
France,4.3,Hydro,Open Power System Data,14.34
France,12.0,Solar,Wiki-Solar,20.79
France,8.0,Hydro,Open Power System Data,22.26
France,3.09362,Solar,Open Power System Data,4.49
France,11.1,Hydro,Open Power System Data,29.87
France,1.65026,Solar,Open Power System Data,2.76
France,7.6,Hydro,Open Power System Data,18.42
France,45.0,Hydro,GEODB,125.83
France,12.18548,Solar,Open Power System Data,19.35
France,2.8,Hydro,Open Power System Data,10.31
France,10.673,Hydro,Open Power System Data,25.79
France,19.739,Hydro,Open Power System Data,59.19
France,3.6342,Solar,Open Power System Data,5.37
France,1.22979,Solar,Open Power System Data,1.69
France,2.155,Hydro,Open Power System Data,5.59
France,1.33221,Solar,Open Power System Data,2.18
France,1.56172,Solar,Open Power System Data,2.6
France,1.8108,Solar,Open Power System Data,2.75
France,1.34368,Solar,Open Power System Data,1.91
France,5.0,Solar,Wiki-Solar,7.86
France,8.0,Solar,Wiki-Solar,12.73
France,3.96,Hydro,Open Power System Data,16.1
France,5.1,Hydro,Open Power System Data,14.73
France,6.0,Solar,Wiki-Solar,9.68
France,2.648,Solar,Open Power System Data,3.82
France,2.83006,Solar,Open Power System Data,4.5
France,4.6,Solar,Wiki-Solar,7.0
France,3.91288,Solar,Open Power System Data,6.04
France,4.95,Hydro,Open Power System Data,22.63
France,11.83773,Solar,Open Power System Data,19.65
France,5.0,Solar,Wiki-Solar,7.73
France,1.10604,Solar,Open Power System Data,1.56
France,9.1,Solar,Wiki-Solar,14.48
France,8.0331,Solar,Open Power System Data,13.28
France,13.7,Hydro,Open Power System Data,46.76
France,1.67,Hydro,Open Power System Data,3.6
France,4.1,Solar,Wiki-Solar,6.77
France,2.8,Hydro,Open Power System Data,7.96
France,12.18681,Solar,Open Power System Data,23.61
France,4.1,Solar,Wiki-Solar,6.74
France,1.06237,Solar,Open Power System Data,1.57
France,1.03666,Solar,Open Power System Data,1.52
France,9.0,Solar,Wiki-Solar,13.71
France,8.7,Solar,Wiki-Solar,15.47
France,11.65028,Solar,Open Power System Data,17.86
France,15.02184,Solar,Open Power System Data,35.56
France,2.5,Solar,Open Power System Data,3.96
France,1.02061,Solar,Open Power System Data,1.46
France,3.95299,Solar,Open Power System Data,7.64
France,1.18115,Solar,Open Power System Data,2.14
France,1.25036,Solar,Open Power System Data,2.29
France,9.88531,Solar,Open Power System Data,21.6
France,7.0,Solar,Wiki-Solar,11.94
France,1.79318,Solar,Open Power System Data,2.83
France,1.57904,Solar,Open Power System Data,2.16
France,2.2,Hydro,Open Power System Data,8.27
France,1.84184,Solar,Open Power System Data,2.5
France,1.98756,Solar,Open Power System Data,2.77
France,3.56292,Solar,Open Power System Data,5.52
France,19.97097,Solar,Open Power System Data,47.89
France,4.15439,Solar,Open Power System Data,6.33
France,4.19509,Solar,Open Power System Data,8.06
France,15.0,Solar,Wiki-Solar,24.44
France,6.3448,Solar,Open Power System Data,13.98
France,8.7,Hydro,Open Power System Data,17.58
France,1.04414,Solar,Open Power System Data,1.52
France,1.40459,Solar,Open Power System Data,2.07
France,1.25,Hydro,Open Power System Data,2.78
France,5.06688,Solar,Open Power System Data,8.15
France,4.02092,Solar,Open Power System Data,5.72
France,1.82597,Solar,Open Power System Data,2.47
France,1.29338,Solar,Open Power System Data,1.8
France,2.78197,Solar,Open Power System Data,5.57
France,1.76117,Solar,Open Power System Data,2.79
France,8.3,Solar,Wiki-Solar,12.16
France,1.14824,Solar,Open Power System Data,1.58
France,9.0,Solar,Wiki-Solar,19.87
France,10.0,Solar,Wiki-Solar,15.94
France,3.35788,Solar,Open Power System Data,4.83
France,95.31534,Solar,Open Power System Data,149.27
France,30.9,Solar,Wiki-Solar,48.19
France,12.4,Solar,Wiki-Solar,20.37
France,13.0,Solar,Wiki-Solar,21.32
France,5.5993,Solar,Open Power System Data,9.6
France,1.43146,Solar,Open Power System Data,1.93
France,1.00215,Solar,Open Power System Data,1.68
France,1.2,Hydro,Open Power System Data,3.85
France,2.16003,Solar,Open Power System Data,3.05
France,7.60084,Solar,Open Power System Data,11.37
France,1.15303,Solar,Open Power System Data,1.65
France,27.4,Hydro,GEODB,78.01
France,15.909,Hydro,Open Power System Data,51.8
France,1.09629,Solar,Open Power System Data,1.45
France,1.82917,Solar,Open Power System Data,2.41
France,1.16,Hydro,Open Power System Data,2.69
France,1.32133,Solar,Open Power System Data,1.79
France,15.9,Hydro,Open Power System Data,51.63
France,8.1,Hydro,Open Power System Data,29.46
France,1.31043,Solar,Open Power System Data,1.86
France,1.31952,Solar,Open Power System Data,1.77
France,1.01705,Solar,Open Power System Data,1.46
France,1.04235,Solar,Open Power System Data,1.48
France,4.51518,Solar,Open Power System Data,6.58
France,2.37495,Solar,Open Power System Data,3.63
France,67.64936,Solar,Open Power System Data,101.28
France,28.6,Hydro,GEODB,76.04
France,7.7,Hydro,Open Power System Data,25.0
France,1.2,Hydro,Open Power System Data,3.67
France,1.105,Hydro,Open Power System Data,4.06
France,49.3,Hydro,GEODB,137.12
France,12.00559,Solar,Open Power System Data,18.43
France,8.78178,Solar,Open Power System Data,13.29
France,1.99701,Solar,Open Power System Data,2.78
France,12.0,Solar,Wiki-Solar,20.78
France,39.0,Hydro,GEODB,84.37
France,12.0,Solar,Wiki-Solar,21.88
France,2.44587,Solar,Open Power System Data,4.1
France,1.86909,Solar,Open Power System Data,3.11
France,1.31091,Solar,Open Power System Data,1.76
France,4.4,Hydro,Open Power System Data,9.99
France,1.56883,Solar,Open Power System Data,2.14
France,8.5,Solar,Wiki-Solar,13.29
France,3.071,Hydro,Open Power System Data,6.29
France,2.06,Hydro,Open Power System Data,7.18
France,1.23287,Solar,Open Power System Data,1.73
France,1.65223,Solar,Open Power System Data,2.48
France,34.7483,Solar,Open Power System Data,59.42
France,297.0,Hydro,GEODB,653.8
France,156.2,Hydro,GEODB,385.0
France,150.0,Hydro,GEODB,292.39
France,295.0,Hydro,WRI,1225.58
France,366.0,Hydro,WRI,865.56
France,910.0,Hydro,GEODB,2004.99
France,131.8,Hydro,CARMA,316.02
France,7.12448,Solar,Open Power System Data,11.07
France,4.7,Solar,Open Power System Data,10.64
France,5.95617,Solar,Open Power System Data,12.23
France,11.54946,Solar,Open Power System Data,20.38
France,1.13625,Solar,Open Power System Data,1.48
France,24.0446,Solar,Open Power System Data,34.99
France,1.40104,Solar,Open Power System Data,2.13
France,1.78491,Solar,Open Power System Data,2.51
France,6.46794,Solar,Open Power System Data,14.27
France,1.3184,Solar,Open Power System Data,2.45
France,4.48,Hydro,Open Power System Data,13.47
France,1.8,Hydro,Open Power System Data,4.75
France,2.24909,Solar,Open Power System Data,3.56
France,5.1,Solar,Wiki-Solar,11.21
France,7.30685,Solar,Open Power System Data,11.69
France,55.0,Hydro,GEODB,157.58
France,30.0,Hydro,GEODB,75.25
France,1.82814,Solar,Open Power System Data,2.4
France,1.98785,Solar,Open Power System Data,3.06
France,3.19216,Solar,Open Power System Data,5.4
France,1.1,Hydro,Open Power System Data,4.0
France,1.2046,Solar,Open Power System Data,1.63
France,12.13773,Solar,Open Power System Data,17.53
France,1.03724,Solar,Open Power System Data,1.48
France,1.72011,Solar,Open Power System Data,2.84
France,56.03591,Solar,Open Power System Data,81.83
France,1.7,Hydro,Open Power System Data,4.51
France,9.25825,Solar,Open Power System Data,19.51
France,11.91246,Solar,Open Power System Data,17.7
France,2.19399,Solar,Open Power System Data,3.65
France,3.317,Hydro,Open Power System Data,6.84
France,4.5,Solar,Wiki-Solar,7.12
France,56.0,Hydro,GEODB,142.98
France,1.29381,Solar,Open Power System Data,1.92
France,1.24008,Solar,Open Power System Data,1.65
France,1.17687,Solar,Open Power System Data,1.63
France,1.96,Hydro,Open Power System Data,7.21
France,4.4968,Solar,Open Power System Data,8.14
France,1.472,Hydro,Open Power System Data,3.26
France,1.68956,Solar,Open Power System Data,2.19
France,4.0,Hydro,Open Power System Data,12.77
France,1.31472,Solar,Open Power System Data,1.7
France,3.9,Hydro,Open Power System Data,12.67
France,1.13085,Solar,Open Power System Data,1.66
France,1.01436,Solar,Open Power System Data,1.35
France,14.1,Hydro,Open Power System Data,51.85
France,1.48293,Solar,Open Power System Data,2.03
France,19.285,Solar,Open Power System Data,32.67
France,8.01482,Solar,Open Power System Data,12.53
France,1.26438,Solar,Open Power System Data,1.98
France,4.7,Hydro,Open Power System Data,16.73
France,15.65343,Solar,Open Power System Data,23.91
France,4.4,Hydro,Open Power System Data,11.99
France,1.4,Hydro,Open Power System Data,4.38
France,1.2,Hydro,Open Power System Data,2.84
France,2.55458,Solar,Open Power System Data,3.72
France,5.38,Hydro,Open Power System Data,11.58
France,2.3127,Solar,Open Power System Data,4.21
France,1.60674,Solar,Open Power System Data,2.37
France,99.0,Hydro,GEODB,265.37
France,2.08547,Solar,Open Power System Data,2.93
France,2.46644,Solar,Open Power System Data,3.94
France,2.35,Hydro,Open Power System Data,7.49
France,10.79454,Solar,Open Power System Data,16.81
France,1.00209,Solar,Open Power System Data,1.46
France,2.25,Hydro,Open Power System Data,8.24
France,1.46929,Solar,Open Power System Data,1.85
France,3.09452,Solar,Open Power System Data,4.47
France,5.77316,Solar,Open Power System Data,8.91
France,9.5,Solar,Wiki-Solar,13.61
France,1.08671,Solar,Open Power System Data,1.44
France,1.585,Hydro,Open Power System Data,4.57
France,1.23061,Solar,Open Power System Data,1.69
France,1.23978,Solar,Open Power System Data,1.72
France,5.76331,Solar,Open Power System Data,9.72
France,1.45,Hydro,Open Power System Data,3.02
France,1.31922,Solar,Open Power System Data,1.81
France,1.12087,Solar,Open Power System Data,1.48
France,3.81,Hydro,Open Power System Data,13.46
France,7.0056,Solar,Open Power System Data,14.78
France,5.02936,Solar,Open Power System Data,7.94
France,8.26136,Solar,Open Power System Data,12.39
France,1.155,Solar,Open Power System Data,1.55
France,1.44435,Solar,Open Power System Data,1.93
France,1.44583,Solar,Open Power System Data,1.86
France,7.0,Solar,Wiki-Solar,12.95
France,5.8,Hydro,Open Power System Data,26.51
France,1.60047,Solar,Open Power System Data,2.54
France,1.08299,Solar,Open Power System Data,1.49
France,1.29918,Solar,Open Power System Data,1.93
France,1.00551,Solar,Open Power System Data,1.68
France,1.23194,Solar,Open Power System Data,1.63
France,7.3,Solar,Wiki-Solar,11.7
France,1.1,Hydro,Open Power System Data,2.6
France,28.0,Hydro,GEODB,80.44
France,4.5,Hydro,Open Power System Data,14.11
France,3.2405,Solar,Open Power System Data,5.43
France,2.19836,Solar,Open Power System Data,3.06
France,1.185,Hydro,Open Power System Data,2.64
France,1.7034,Solar,Open Power System Data,2.19
France,12.0,Solar,Wiki-Solar,20.17
France,2.50211,Solar,Open Power System Data,3.46
France,3.6,Hydro,Open Power System Data,11.96
France,1.12675,Solar,Open Power System Data,1.53
France,3.196,Hydro,Open Power System Data,11.03
France,1.07784,Solar,Open Power System Data,1.5
France,4.39252,Solar,Open Power System Data,7.55
France,4.4,Solar,Wiki-Solar,6.85
France,1.5,Hydro,Open Power System Data,5.67
France,2.79787,Solar,Open Power System Data,3.97
France,7.0,Hydro,Open Power System Data,22.7
France,13.18965,Solar,Open Power System Data,22.41
France,97.0,Hydro,GEODB,225.74
France,1.34279,Solar,Open Power System Data,1.8
France,2.63,Hydro,Open Power System Data,9.96
France,1.27428,Solar,Open Power System Data,1.56
France,3.78755,Solar,Open Power System Data,6.27
France,1.12474,Solar,Open Power System Data,1.47
France,2.64268,Solar,Open Power System Data,3.69
France,4.55335,Solar,Open Power System Data,6.92
France,4.9,Hydro,Open Power System Data,15.64
France,1.73558,Solar,Open Power System Data,2.65
France,1.1,Hydro,Open Power System Data,2.61
France,5.658,Hydro,Open Power System Data,9.07
France,24.0245,Solar,Open Power System Data,38.56
France,11.26954,Solar,Open Power System Data,18.46
France,187.0,Hydro,GEODB,500.61
France,156.0,Hydro,GEODB,384.51
France,42.5,Hydro,GEODB,91.94
France,6.4,Hydro,Open Power System Data,13.18
France,10.86,Hydro,Open Power System Data,25.46
France,1.4,Hydro,Open Power System Data,4.47
France,20.80707,Solar,Open Power System Data,34.65
France,4.0,Solar,Wiki-Solar,7.08
France,5.7,Hydro,Open Power System Data,19.51
France,4.47726,Solar,Open Power System Data,7.22
France,4.16604,Solar,Open Power System Data,6.05
France,30.0,Hydro,GEODB,75.79
France,5.48435,Solar,Open Power System Data,8.69
France,5.2,Hydro,Open Power System Data,15.33
France,1.4248,Solar,Open Power System Data,2.06
France,8.5,Solar,Wiki-Solar,12.61
France,88.8,Hydro,GEODB,244.59
France,1.3,Hydro,Open Power System Data,3.08
France,1.6,Hydro,Open Power System Data,5.0
France,4.4,Solar,Wiki-Solar,6.53
France,104.0,Hydro,CARMA,307.74
France,109.4,Hydro,GEODB,296.62
France,446.9,Hydro,GEODB,660.56
France,189.2,Hydro,GEODB,446.33
France,2.4782,Solar,Open Power System Data,4.45
France,2.30264,Solar,Open Power System Data,3.53
France,2.4,Hydro,Open Power System Data,8.77
France,3.1,Hydro,Open Power System Data,9.81
France,4.44248,Solar,Open Power System Data,6.43
France,9.0412,Solar,Open Power System Data,14.06
France,12.0,Solar,Wiki-Solar,20.31
France,2.24,Hydro,Open Power System Data,7.81
France,1.49932,Solar,Open Power System Data,2.28
France,25.62634,Solar,Open Power System Data,42.04
France,8.8,Solar,Wiki-Solar,15.01
France,1.152,Hydro,Open Power System Data,2.56
France,1.34191,Solar,Open Power System Data,1.99
France,5.71864,Solar,Open Power System Data,8.74
France,1.2119,Solar,Open Power System Data,2.2
France,13.39734,Solar,Open Power System Data,31.52
France,10.23009,Solar,Open Power System Data,15.81
France,1.00761,Solar,Open Power System Data,1.61
France,1.2,Hydro,Open Power System Data,2.66
France,2.76294,Solar,Open Power System Data,3.94
France,1.62849,Solar,Open Power System Data,2.7
France,84.0,Hydro,GEODB,225.27
France,9.15505,Solar,Open Power System Data,14.37
France,66.5,Hydro,GEODB,152.05
France,8.54599,Solar,Open Power System Data,13.74
France,2.62341,Solar,Open Power System Data,3.6
France,11.5,Solar,Wiki-Solar,18.6
France,1.17782,Solar,Open Power System Data,1.63
France,5.0,Hydro,Open Power System Data,8.02
France,1.1005,Solar,Open Power System Data,1.52
France,1.25803,Solar,Open Power System Data,1.7
France,1.11259,Solar,Open Power System Data,1.54
France,1.236,Hydro,Open Power System Data,3.71
France,4.5,Solar,Open Power System Data,7.98
France,4.49,Solar,Open Power System Data,7.97
France,4.55,Hydro,Open Power System Data,9.73
France,7.015,Hydro,Open Power System Data,23.91
France,1.84235,Solar,Open Power System Data,2.43
France,32.5236,Solar,Open Power System Data,49.48
France,1.31208,Solar,Open Power System Data,1.9
France,2.17469,Solar,Open Power System Data,3.19
France,1.573,Hydro,Open Power System Data,4.15
France,2.0,Hydro,Open Power System Data,6.44
France,2.66728,Solar,Open Power System Data,3.91
France,13.335,Hydro,Open Power System Data,54.55
France,1.43215,Solar,Open Power System Data,2.02
France,1.49503,Solar,Open Power System Data,2.63
France,6.09,Hydro,Open Power System Data,24.02
France,2.32439,Solar,Open Power System Data,3.82
France,1.208,Hydro,Open Power System Data,2.68
France,2.12132,Solar,Open Power System Data,2.99
France,95.0,Hydro,GEODB,263.15
France,9.999,Hydro,Open Power System Data,39.37
France,1.38035,Solar,Open Power System Data,1.89
France,5.58263,Solar,Open Power System Data,9.01
France,4.932,Hydro,Open Power System Data,10.62
France,1.16,Hydro,Open Power System Data,2.03
France,4.7,Hydro,Open Power System Data,17.14
France,1.38793,Solar,Open Power System Data,2.33
France,1.17117,Solar,Open Power System Data,1.49
France,1.4746,Solar,Open Power System Data,2.06
France,2.26504,Solar,Open Power System Data,3.6
France,8.31904,Solar,Open Power System Data,13.16
France,5.0,Solar,Wiki-Solar,8.07
France,7.1,Solar,Wiki-Solar,11.57
France,6.5326,Solar,Open Power System Data,10.59
France,1.1108,Solar,Open Power System Data,1.71
France,14.7,Hydro,Open Power System Data,35.24
France,8.83539,Solar,Open Power System Data,13.24
France,41.0,Hydro,GEODB,108.39
France,1.15,Hydro,Open Power System Data,3.87
France,124.2,Hydro,CARMA,317.86
France,808.0,Hydro,GEODB,1682.48
France,167.8,Hydro,GEODB,413.59
France,1.325,Hydro,Open Power System Data,3.41
France,6.6,Hydro,Open Power System Data,17.16
France,10.27714,Solar,Open Power System Data,19.3
France,5.03713,Solar,Open Power System Data,10.33
France,1.38737,Solar,Open Power System Data,2.17
France,1.2,Hydro,Open Power System Data,3.2
France,1.00785,Solar,Open Power System Data,1.44
France,1.89682,Solar,Open Power System Data,3.0
France,2.32658,Solar,Open Power System Data,3.25
France,1.5,Hydro,Open Power System Data,4.67
France,1.26576,Solar,Open Power System Data,1.69
France,31.74212,Solar,Open Power System Data,51.94
France,2.44501,Solar,Open Power System Data,3.87
France,13.5,Solar,Wiki-Solar,22.71
France,1.38251,Solar,Open Power System Data,2.55
France,2.4,Hydro,Open Power System Data,7.1
France,12.0,Solar,Wiki-Solar,18.41
France,1.07973,Solar,Open Power System Data,1.49
France,1.06641,Solar,Open Power System Data,1.41
France,1.05182,Solar,Open Power System Data,1.39
France,1.55384,Solar,Open Power System Data,2.61
France,1.2,Hydro,Open Power System Data,3.91
France,7.63387,Solar,Open Power System Data,11.43
France,2.008,Hydro,Open Power System Data,5.22
France,2.64966,Solar,Open Power System Data,4.26
France,2.6631,Solar,Open Power System Data,3.84
France,4.85419,Solar,Open Power System Data,7.78
France,1.03037,Solar,Open Power System Data,1.52
France,78.933,Solar,Open Power System Data,112.54
France,4.5,Solar,Wiki-Solar,6.61
France,1.04771,Solar,Open Power System Data,1.52
France,2.36039,Solar,Open Power System Data,3.28
France,1.85941,Solar,Open Power System Data,2.92
France,1.56342,Solar,Open Power System Data,2.22
France,159.0,Hydro,GEODB,254.11
France,141.0,Hydro,GEODB,401.59
France,116.0,Hydro,GEODB,330.25
France,101.0,Hydro,CARMA,285.26
France,122.0,Hydro,CARMA,313.99
France,132.3,Hydro,GEODB,317.22
France,183.0,Hydro,GEODB,445.43
France,145.4,Hydro,CARMA,382.03
France,384.0,Hydro,GEODB,956.38
France,214.0,Hydro,GEODB,464.59
France,106.5,Hydro,GEODB,280.15
France,148.0,Hydro,GEODB,512.74
France,742.3,Hydro,GEODB,2097.29
France,5.4,Hydro,Open Power System Data,12.64
France,1.0206,Solar,Open Power System Data,1.37
France,21.7,Hydro,GEODB,57.11
France,50.0,Hydro,GEODB,109.55
France,60.0,Hydro,GEODB,160.92
France,8.6,Hydro,Open Power System Data,20.37
France,8.5566,Solar,Open Power System Data,13.87
France,1.69565,Solar,Open Power System Data,2.56
France,1.094,Hydro,Open Power System Data,2.73
France,2.0985,Solar,Open Power System Data,3.28
France,2.33659,Solar,Open Power System Data,4.09
France,7.14455,Solar,Open Power System Data,15.75
France,2.13209,Solar,Open Power System Data,3.08
France,7.77024,Solar,Open Power System Data,12.58
France,3.59832,Solar,Open Power System Data,5.93
France,1.43,Hydro,Open Power System Data,3.18
France,11.499,Hydro,Open Power System Data,37.49
France,3.0,Hydro,Open Power System Data,6.19
France,17.06567,Solar,Open Power System Data,40.27
France,1.91756,Solar,Open Power System Data,2.95
France,4.405,Hydro,Open Power System Data,9.99
France,9.14009,Solar,Open Power System Data,14.41
France,1.6,Hydro,Open Power System Data,4.45
France,1.23656,Solar,Open Power System Data,2.24
France,4.0,Solar,Wiki-Solar,6.84
France,9.2203,Solar,Open Power System Data,13.3
France,9.6,Hydro,Open Power System Data,19.4
France,2.56,Hydro,Open Power System Data,6.64
France,6.24747,Solar,Open Power System Data,13.76
France,3.33,Hydro,Open Power System Data,11.13
France,4.4,Solar,Wiki-Solar,6.81
France,4.08,Hydro,Open Power System Data,9.58
France,1.22079,Solar,Open Power System Data,1.71
France,3.6,Hydro,Open Power System Data,9.58
France,2.11343,Solar,Open Power System Data,2.97
France,7.7834,Solar,Open Power System Data,17.04
France,1.15319,Solar,Open Power System Data,1.65
France,1.544,Hydro,Open Power System Data,5.4
France,2.52995,Solar,Open Power System Data,3.68
France,1.78358,Solar,Open Power System Data,2.57
France,8.8,Hydro,Open Power System Data,26.63
France,12.0,Hydro,Open Power System Data,29.05
France,1.09,Hydro,Open Power System Data,3.57
France,3.0006,Solar,Open Power System Data,5.09
France,4.79,Hydro,Open Power System Data,15.21
France,34.73361,Solar,Open Power System Data,52.8
France,1.24867,Solar,Open Power System Data,1.73
France,1.0,Hydro,Open Power System Data,3.84
France,1.10912,Solar,Open Power System Data,1.56
France,6.14989,Solar,Open Power System Data,8.93
France,1.10194,Solar,Open Power System Data,1.47
France,6.0,Solar,Wiki-Solar,9.32
France,1.93942,Solar,Open Power System Data,2.61
France,3.9,Hydro,Open Power System Data,8.61
France,1.03735,Solar,Open Power System Data,1.51
France,2.55693,Solar,Open Power System Data,4.23
France,3.673,Hydro,Open Power System Data,12.03
France,2.32084,Solar,Open Power System Data,4.71
France,3.15,Hydro,Open Power System Data,10.31
France,2.1192,Solar,Open Power System Data,3.75
France,10.8,Hydro,Open Power System Data,34.12
France,4.86698,Solar,Open Power System Data,8.12
France,2.49572,Solar,Open Power System Data,4.76
France,2.8,Hydro,Open Power System Data,7.69
France,1.52625,Solar,Open Power System Data,2.4
France,2.2,Hydro,Open Power System Data,8.46
France,2.4,Hydro,Open Power System Data,6.59
France,1.86585,Solar,Open Power System Data,3.64
France,3.107,Hydro,Open Power System Data,9.49
France,11.43472,Solar,Open Power System Data,26.79
France,10.74022,Solar,Open Power System Data,17.28
France,3.17,Hydro,Open Power System Data,10.6
France,2.61,Hydro,Open Power System Data,6.8
France,1.49,Hydro,Open Power System Data,2.58
France,1.19855,Solar,Open Power System Data,1.68
France,12.04732,Solar,Open Power System Data,19.68
France,8.0,Solar,Wiki-Solar,12.17
France,4.23128,Solar,Open Power System Data,5.93
France,6.80263,Solar,Open Power System Data,10.45
France,18.7102,Solar,Open Power System Data,33.27
France,5.0,Solar,Wiki-Solar,8.61
France,1.13153,Solar,Open Power System Data,1.68
France,8.1,Hydro,Open Power System Data,21.61
France,1.48998,Solar,Open Power System Data,2.19
France,4.6,Hydro,Open Power System Data,10.65
France,12.3,Hydro,Open Power System Data,36.44
France,10.0,Hydro,Open Power System Data,24.21
France,1.49,Hydro,Open Power System Data,3.77
France,1.31957,Solar,Open Power System Data,1.96
France,1.68546,Solar,Open Power System Data,2.28
France,1.19683,Solar,Open Power System Data,1.67
France,1.22784,Solar,Open Power System Data,1.78
France,9.39874,Solar,Open Power System Data,20.84
France,6.2,Solar,Wiki-Solar,10.0
France,1.30184,Solar,Open Power System Data,1.79
France,3.61,Hydro,Open Power System Data,12.27
France,1.55785,Solar,Open Power System Data,2.03
France,1.5517,Solar,Open Power System Data,2.15
France,35.47104,Solar,Open Power System Data,86.15
France,6.4,Hydro,Open Power System Data,13.27
France,6.0,Hydro,Open Power System Data,13.23
France,1.825,Hydro,Open Power System Data,6.66
France,1.20315,Solar,Open Power System Data,1.59
France,2.13,Hydro,Open Power System Data,5.52
France,1.15219,Solar,Open Power System Data,1.72
France,1.7723,Solar,Open Power System Data,2.26
France,1.38658,Solar,Open Power System Data,1.87
France,1.35055,Solar,Open Power System Data,1.73
France,1.348,Hydro,Open Power System Data,4.08
France,1.34343,Solar,Open Power System Data,1.92
France,11.2,Solar,Wiki-Solar,16.87
France,1.496,Hydro,Open Power System Data,5.06
France,1.01734,Solar,Open Power System Data,1.47
France,1.586,Hydro,Open Power System Data,5.86
France,23.97962,Solar,Open Power System Data,36.2
France,3.88792,Solar,Open Power System Data,5.68
France,2.27441,Solar,Open Power System Data,3.13
France,1.13794,Solar,Open Power System Data,1.42
France,1.53536,Solar,Open Power System Data,2.14
France,4.326,Hydro,Open Power System Data,9.55
France,97.0,Hydro,GEODB,287.34
France,2.875,Hydro,Open Power System Data,11.73
France,1.64045,Solar,Open Power System Data,2.16
France,1.4495,Solar,Open Power System Data,1.96
France,6.2,Hydro,Open Power System Data,12.85
France,1.59027,Solar,Open Power System Data,2.21
France,2.66073,Solar,Open Power System Data,3.77
France,1.9,Hydro,Open Power System Data,6.99
France,1.15772,Solar,Open Power System Data,1.61
France,2.68527,Solar,Open Power System Data,3.78
France,10.63756,Solar,Open Power System Data,24.56
France,4.79411,Solar,Open Power System Data,11.18
France,11.8,Hydro,Open Power System Data,27.0
France,1.27827,Solar,Open Power System Data,2.0
France,1.5899,Solar,Open Power System Data,2.12
France,15.72967,Solar,Open Power System Data,37.11
France,1.8801,Solar,Open Power System Data,3.67
France,1.83155,Solar,Open Power System Data,2.31
France,8.29833,Solar,Open Power System Data,17.57
France,5.35157,Solar,Open Power System Data,8.57
France,73.2,Solar,Wiki-Solar,115.21
France,88.0,Hydro,GEODB,260.68
France,7.86327,Solar,Open Power System Data,12.99
France,6.85518,Solar,Open Power System Data,11.12
France,1.72674,Solar,Open Power System Data,2.89
France,1.12,Hydro,Open Power System Data,4.21
France,1.2196,Solar,Open Power System Data,1.57
France,4.4,Solar,Wiki-Solar,7.84
France,11.5,Solar,Open Power System Data,17.54
France,1.94781,Solar,Open Power System Data,2.48
France,4.51178,Solar,Open Power System Data,7.96
France,10.1,Hydro,Open Power System Data,38.98
France,12.14377,Solar,Open Power System Data,19.27
France,4.4177,Solar,Open Power System Data,6.95
France,45.0,Hydro,GEODB,172.71
France,44.0,Hydro,GEODB,126.1
France,76.0,Hydro,GEODB,205.22
France,14.528,Hydro,Open Power System Data,27.91
France,1.35,Hydro,Open Power System Data,3.01
France,7.56601,Solar,Open Power System Data,11.5
France,1.98349,Solar,Open Power System Data,2.96
France,1.05,Hydro,Open Power System Data,3.61
France,1.03318,Solar,Open Power System Data,1.5
France,1.042,Hydro,Open Power System Data,4.08
France,1.01791,Solar,Open Power System Data,1.35
France,1.46074,Solar,Open Power System Data,1.92
France,1.14372,Solar,Open Power System Data,1.43
France,3.52497,Solar,Open Power System Data,4.95
France,4.447,Hydro,Open Power System Data,7.66
France,1.21786,Solar,Open Power System Data,1.87
France,1.76611,Solar,Open Power System Data,2.68
France,4.6,Hydro,Open Power System Data,15.39
France,1.06702,Solar,Open Power System Data,1.33
France,45.0,Hydro,GEODB,172.19
France,4.54416,Solar,Open Power System Data,6.54
France,1.48406,Solar,Open Power System Data,2.01
France,11.21057,Solar,Open Power System Data,19.98
France,1.37966,Solar,Open Power System Data,1.85
France,4.032,Solar,Open Power System Data,7.64
France,6.58144,Solar,Open Power System Data,10.62
France,1.765,Hydro,Open Power System Data,4.91
France,9.4,Solar,Wiki-Solar,13.95
France,5.0,Solar,Wiki-Solar,8.01
France,12.0,Solar,Wiki-Solar,20.22
France,1.10193,Solar,Open Power System Data,1.81
France,4.5,Solar,Wiki-Solar,7.46
France,3.30091,Solar,Open Power System Data,5.14
France,3.3153,Solar,Open Power System Data,4.51
France,1.1,Hydro,Open Power System Data,3.51
France,57.0,Hydro,GEODB,154.69
France,1.05,Hydro,Open Power System Data,3.96
France,4.75796,Solar,Open Power System Data,7.8
France,4.0,Solar,Wiki-Solar,5.69
France,1.03262,Solar,Open Power System Data,1.32
France,1.54508,Solar,Open Power System Data,2.15
France,1.246,Hydro,Open Power System Data,4.56
France,1.32839,Solar,Open Power System Data,1.76
France,1.35108,Solar,Open Power System Data,2.12
France,1.54792,Solar,Open Power System Data,2.09
France,5.23356,Solar,Open Power System Data,7.92
France,1.08,Hydro,Open Power System Data,4.02
France,4.57288,Solar,Open Power System Data,6.97
France,2.62482,Solar,Open Power System Data,3.75
France,1.20083,Solar,Open Power System Data,1.83
France,3.09403,Solar,Open Power System Data,5.8
France,5.0,Solar,Wiki-Solar,8.02
France,8.03488,Solar,Open Power System Data,12.88
France,1.7,Hydro,Open Power System Data,5.94
France,1.13639,Solar,Open Power System Data,1.58
France,1.07984,Solar,Open Power System Data,1.53
France,5.5,Hydro,Open Power System Data,16.43
France,3.2,Hydro,Open Power System Data,9.34
France,41.1,Hydro,GEODB,88.91
France,1.55,Hydro,Open Power System Data,5.69
France,3.37036,Solar,Open Power System Data,4.71
France,4.09874,Solar,Open Power System Data,5.86
France,7.83,Hydro,Open Power System Data,15.82
France,1.06551,Solar,Open Power System Data,1.34
France,2.37967,Solar,Open Power System Data,3.63
France,8.7,Solar,Wiki-Solar,13.17
France,4.81636,Solar,Open Power System Data,7.8
France,4.48497,Solar,Open Power System Data,6.43
France,1.07881,Solar,Open Power System Data,1.5
France,12.19826,Solar,Open Power System Data,21.77
France,1.925,Hydro,Open Power System Data,6.34
France,1.59104,Solar,Open Power System Data,2.94
France,9.01,Hydro,Open Power System Data,34.64
France,13.59581,Solar,Open Power System Data,20.99
France,2.64993,Solar,Open Power System Data,3.73
France,1.2,Hydro,Open Power System Data,3.65
France,1.29452,Solar,Open Power System Data,1.81
France,5.41264,Solar,Open Power System Data,8.14
France,1.14191,Solar,Open Power System Data,1.68
France,22.0,Hydro,GEODB,59.59
France,1.847,Solar,Open Power System Data,2.34
France,27.0,Hydro,GEODB,58.68
France,8.0,Solar,Wiki-Solar,11.4
France,32.0,Hydro,GEODB,78.59
France,2.20694,Solar,Open Power System Data,4.1
France,1.71416,Solar,Open Power System Data,2.47
France,1.20602,Solar,Open Power System Data,1.54
France,2.13922,Solar,Open Power System Data,2.96
France,9.3,Hydro,Open Power System Data,23.26
France,2.8,Hydro,Open Power System Data,7.26
France,357.0,Hydro,GEODB,775.79
France,285.0,Hydro,GEODB,573.53
France,30.0,Hydro,GEODB,72.28
France,1.60232,Solar,Open Power System Data,2.54
France,1.8821,Solar,Open Power System Data,2.99
France,2.16054,Solar,Open Power System Data,3.16
France,8.90466,Solar,Open Power System Data,14.02
France,1.34,Solar,Open Power System Data,1.77
France,12.84783,Solar,Open Power System Data,21.1
France,8.2,Hydro,Open Power System Data,27.95
France,1.88,Hydro,Open Power System Data,6.98
France,4.3,Solar,Wiki-Solar,6.65
France,1.2,Hydro,Open Power System Data,2.67
France,4.8,Solar,Wiki-Solar,8.25
France,2.41679,Solar,Open Power System Data,3.33
France,11.8732,Solar,Open Power System Data,19.49
France,9.7921,Solar,Open Power System Data,14.69
France,2.1,Hydro,Open Power System Data,7.58
France,1.14956,Solar,Open Power System Data,1.58
France,6.3,Hydro,Open Power System Data,19.91
France,72.0,Hydro,GEODB,191.13
France,1.079,Hydro,Open Power System Data,4.32
France,1.1204,Solar,Open Power System Data,1.63
France,1.49843,Solar,Open Power System Data,2.5
France,2.12071,Solar,Open Power System Data,3.46
France,5.0294,Solar,Open Power System Data,8.07
France,1.23528,Solar,Open Power System Data,1.8
France,9.0,Hydro,Open Power System Data,22.47
France,4.76531,Solar,Open Power System Data,10.35
France,1.0424,Solar,Open Power System Data,1.5
France,1.39326,Solar,Open Power System Data,1.9
France,2.03458,Solar,Open Power System Data,2.85
France,1.50923,Solar,Open Power System Data,2.06
France,1.28042,Solar,Open Power System Data,1.73
France,5.029,Solar,Open Power System Data,7.56
France,3.78074,Solar,Open Power System Data,5.87
France,1.45188,Solar,Open Power System Data,2.01
France,4.0,Solar,Wiki-Solar,6.1
France,1.05859,Solar,Open Power System Data,1.47
France,5.10884,Solar,Open Power System Data,8.25
France,4.659,Hydro,Open Power System Data,10.58
France,1.875,Hydro,Open Power System Data,7.27
France,8.4,Hydro,Open Power System Data,20.97
France,9.3,Hydro,Open Power System Data,22.03
France,11.26,Hydro,Open Power System Data,33.54
France,1.134,Hydro,Open Power System Data,4.34
France,6.03336,Solar,Open Power System Data,8.83
France,8.2,Hydro,Open Power System Data,25.92
France,1.468,Hydro,Open Power System Data,5.39
France,5.95403,Solar,Open Power System Data,9.47
France,8.23082,Solar,Open Power System Data,12.59
France,2.19042,Solar,Open Power System Data,3.39
France,2.25818,Solar,Open Power System Data,3.45
France,3.78137,Solar,Open Power System Data,5.38
France,12.0,Solar,Wiki-Solar,19.84
France,58.0,Hydro,GEODB,137.6
France,32.5,Hydro,GEODB,85.68
France,4.79643,Solar,Open Power System Data,8.47
France,8.36897,Solar,Open Power System Data,14.12
France,2.7,Hydro,Open Power System Data,8.39
France,2.82,Hydro,Open Power System Data,8.93
France,1.241,Hydro,Open Power System Data,2.94
France,1.69776,Solar,Open Power System Data,2.28
France,5.35889,Solar,Open Power System Data,7.67
France,9.0,Solar,Wiki-Solar,16.29
France,12.0,Solar,Wiki-Solar,19.8
France,5.11175,Solar,Open Power System Data,8.21
France,1.20213,Solar,Open Power System Data,1.62
France,5.0,Solar,Wiki-Solar,7.56
France,3.4,Hydro,Open Power System Data,9.65
France,3.53502,Solar,Open Power System Data,6.36
France,1.005,Hydro,Open Power System Data,3.87
France,5.88,Hydro,Open Power System Data,20.04
France,1.15,Hydro,Open Power System Data,4.62
France,1.75118,Solar,Open Power System Data,2.3
French Guiana,113.6,Hydro,WRI,483.26
French Guiana,5.0,Solar,Wiki-Solar,10.34
Gabon,57.6,Hydro,Power Africa,174.6
Gabon,160.0,Hydro,Power Africa,474.54
Gabon,68.4,Hydro,Power Africa,205.46
Georgia,16.0,Hydro,GEODB,73.52
Georgia,21.0,Hydro,GEODB,95.86
Georgia,80.0,Hydro,GEODB,311.57
Georgia,68.8,Hydro,GEODB,270.49
Georgia,1300.0,Hydro,GEODB,4901.87
Georgia,112.0,Hydro,GEODB,403.01
Georgia,110.0,Hydro,GEODB,395.45
Georgia,113.0,Hydro,GEODB,475.51
Georgia,18.0,Hydro,GEODB,84.88
Georgia,48.0,Hydro,GEODB,182.42
Georgia,14.0,Hydro,GEODB,66.02
Georgia,38.4,Hydro,GEODB,137.75
Georgia,220.0,Hydro,GEODB,733.19
Georgia,256.0,Hydro,GEODB,862.86
Georgia,36.2,Hydro,GEODB,141.79
Georgia,130.0,Hydro,GEODB,494.61
Germany,1.2,Solar,Industry About,1.54
Germany,6.6,Solar,Wiki-Solar,9.37
Germany,8.3,Solar,Wiki-Solar,11.45
Germany,50.0,Solar,Industry About,69.66
Germany,6.4,Solar,Industry About,8.99
Germany,1.7,Solar,Industry About,2.24
Germany,3.7,Solar,Industry About,5.17
Germany,8.5,Solar,Industry About,11.26
Germany,16.7,Solar,Industry About,23.16
Germany,19.2,Solar,Industry About,27.31
Germany,1.3,Solar,Industry About,1.74
Germany,10.0,Solar,Wiki-Solar,14.17
Germany,10.0,Solar,Wiki-Solar,13.47
Germany,12.1,Solar,Industry About,16.93
Germany,4.4,Solar,Industry About,6.0
Germany,4.0,Solar,Wiki-Solar,6.05
Germany,17.8,Hydro,Open Power System Data,79.38
Germany,7.3,Solar,Industry About,10.28
Germany,45.0,Hydro,Open Power System Data,204.48
Germany,7.6,Solar,Wiki-Solar,11.08
Germany,20.8,Solar,Industry About,30.54
Germany,1.7,Solar,Industry About,2.27
Germany,7.3,Solar,Wiki-Solar,10.38
Germany,7.9,Solar,Industry About,11.29
Germany,2.0,Solar,Industry About,2.81
Germany,4.9,Solar,Industry About,6.56
Germany,1.0,Solar,Industry About,1.43
Germany,2.0,Solar,Industry About,2.75
Germany,5.4,Solar,Wiki-Solar,7.6
Germany,27.0,Hydro,Open Power System Data,104.86
Germany,1.4,Solar,Industry About,1.84
Germany,4.8,Solar,Wiki-Solar,7.16
Germany,1.8,Solar,Industry About,2.27
Germany,2.3,Solar,Industry About,3.5
Germany,1.6,Solar,Industry About,2.2
Germany,7.3,Solar,Industry About,9.85
Germany,1.6,Solar,Industry About,2.09
Germany,6.0,Solar,Industry About,8.43
Germany,22.8,Solar,Industry About,32.78
Germany,2.2,Solar,Industry About,3.16
Germany,9.9,Solar,Wiki-Solar,14.33
Germany,10.2,Solar,Industry About,14.72
Germany,1.4,Solar,Industry About,1.88
Germany,5.2,Solar,Wiki-Solar,7.24
Germany,2.1,Solar,Industry About,2.94
Germany,12.0,Solar,Wiki-Solar,16.66
Germany,23.7,Hydro,Open Power System Data,113.96
Germany,2.4,Solar,Industry About,3.42
Germany,6.0,Solar,Wiki-Solar,8.62
Germany,10.0,Solar,Industry About,14.5
Germany,18.9,Hydro,Open Power System Data,96.01
Germany,8.0,Solar,Wiki-Solar,11.2
Germany,5.6,Solar,Industry About,7.68
Germany,3.9,Solar,Wiki-Solar,5.59
Germany,15.0,Hydro,Open Power System Data,65.36
Germany,5.2,Solar,Wiki-Solar,7.18
Germany,1.2,Solar,Industry About,1.62
Germany,1.7,Solar,Industry About,2.17
Germany,5.6,Solar,Wiki-Solar,7.68
Germany,20.2,Hydro,Open Power System Data,97.26
Germany,5.4,Solar,Wiki-Solar,7.68
Germany,3.0,Solar,Industry About,4.29
Germany,6.0,Solar,Industry About,8.61
Germany,9.6,Solar,Wiki-Solar,13.62
Germany,79.8,Hydro,Open Power System Data,317.0
Germany,4.0,Solar,Wiki-Solar,5.75
Germany,28.8,Solar,Wiki-Solar,40.04
Germany,4.5,Solar,Wiki-Solar,6.93
Germany,6.6,Solar,Wiki-Solar,9.41
Germany,10.0,Solar,Wiki-Solar,14.5
Germany,4.1,Solar,Wiki-Solar,5.72
Germany,4.5,Solar,Wiki-Solar,6.46
Germany,3.2,Solar,Industry About,4.64
Germany,8.5,Solar,Wiki-Solar,11.17
Germany,3.5,Solar,Industry About,4.8
Germany,10.0,Solar,Wiki-Solar,14.34
Germany,4.4,Solar,Industry About,6.27
Germany,3.7,Solar,Wiki-Solar,5.32
Germany,20.0,Solar,Industry About,29.62
Germany,8.0,Solar,Industry About,11.25
Germany,50.0,Hydro,Open Power System Data,209.17
Germany,6.3,Solar,Wiki-Solar,8.87
Germany,3.6,Solar,Industry About,5.2
Germany,7.5,Solar,Industry About,10.56
Germany,91.0,Solar,Industry About,128.29
Germany,1.9,Solar,Industry About,2.4
Germany,8.2,Solar,Wiki-Solar,11.41
Germany,4.0,Solar,Wiki-Solar,5.57
Germany,1.5,Solar,Industry About,2.02
Germany,11.3,Solar,Wiki-Solar,16.44
Germany,6.5,Solar,Wiki-Solar,8.82
Germany,6.0,Solar,Wiki-Solar,8.08
Germany,4.5,Solar,Wiki-Solar,6.25
Germany,9.8,Solar,Wiki-Solar,13.57
Germany,7.1,Solar,Wiki-Solar,10.11
Germany,4.9,Solar,Wiki-Solar,6.78
Germany,12.2,Solar,Industry About,17.84
Germany,5.0,Solar,Wiki-Solar,7.25
Germany,31.5,Solar,Industry About,44.83
Germany,10.0,Solar,Wiki-Solar,14.86
Germany,6.3,Solar,Wiki-Solar,9.27
Germany,4.3,Solar,Industry About,6.15
Germany,4.8,Solar,Wiki-Solar,7.45
Germany,8.0,Solar,Wiki-Solar,11.29
Germany,1.3,Solar,Industry About,1.73
Germany,4.4,Solar,Wiki-Solar,6.21
Germany,4.0,Solar,Wiki-Solar,5.79
Germany,2.8,Solar,Industry About,4.05
Germany,4.0,Solar,Wiki-Solar,5.72
Germany,3.7,Solar,Industry About,5.36
Germany,29.5,Solar,Industry About,41.28
Germany,4.0,Solar,Wiki-Solar,5.45
Germany,2.2,Solar,Industry About,3.07
Germany,3.6,Solar,Industry About,5.46
Germany,3.8,Solar,Industry About,5.44
Germany,4.1,Solar,Industry About,5.71
Germany,2.7,Solar,Industry About,3.9
Germany,1.8,Solar,Industry About,2.36
Germany,32.1,Solar,Industry About,44.94
Germany,10.3,Hydro,Open Power System Data,45.95
Germany,4.9,Solar,Wiki-Solar,6.88
Germany,10.0,Solar,Wiki-Solar,14.36
Germany,11.0,Hydro,Open Power System Data,39.71
Germany,24.0,Hydro,Open Power System Data,115.85
Germany,4.9,Solar,Wiki-Solar,6.66
Germany,4.0,Solar,Wiki-Solar,5.92
Germany,15.0,Hydro,Open Power System Data,77.7
Germany,8.0,Solar,Wiki-Solar,11.54
Germany,8.2,Solar,Wiki-Solar,11.5
Germany,4.0,Solar,Wiki-Solar,5.46
Germany,9.0,Solar,Wiki-Solar,12.78
Germany,16.6,Hydro,Open Power System Data,75.25
Germany,7.9,Solar,Wiki-Solar,11.41
Germany,8.0,Solar,Wiki-Solar,11.43
Germany,5.0,Solar,Industry About,7.07
Germany,7.6,Solar,Wiki-Solar,10.94
Germany,5.1,Solar,Wiki-Solar,7.24
Germany,6.3,Solar,Industry About,9.07
Germany,6.1,Solar,Industry About,8.49
Germany,3.9,Solar,Industry About,5.49
Germany,7.1,Solar,Industry About,9.64
Germany,5.0,Solar,Wiki-Solar,7.23
Germany,3.8,Solar,Industry About,5.5
Germany,8.5,Solar,Industry About,11.08
Germany,10.0,Solar,Wiki-Solar,13.69
Germany,83.2,Solar,Industry About,118.64
Germany,20.0,Solar,Wiki-Solar,29.66
Germany,40.4,Hydro,Open Power System Data,189.3
Germany,2.2,Solar,Industry About,3.2
Germany,6.2,Solar,Industry About,9.05
Germany,26.5,Solar,Industry About,37.18
Germany,3.3,Solar,Industry About,4.72
Germany,26.0,Hydro,Open Power System Data,100.98
Germany,9.7,Hydro,Open Power System Data,45.7
Germany,2.0,Solar,Industry About,2.85
Germany,3.5,Solar,Industry About,5.19
Germany,5.0,Solar,Industry About,6.9
Germany,20.0,Solar,Industry About,29.52
Germany,4.4,Solar,Wiki-Solar,6.35
Germany,5.0,Solar,Industry About,7.29
Germany,18.4,Hydro,Open Power System Data,94.71
Germany,5.1,Solar,Industry About,6.92
Germany,36.5,Hydro,Open Power System Data,169.74
Germany,11.4,Solar,Industry About,16.36
Germany,8.5,Solar,Wiki-Solar,11.6
Germany,34.4,Solar,Industry About,48.02
Germany,220.0,Hydro,Open Power System Data,750.85
Germany,12.6,Hydro,Open Power System Data,64.19
Germany,10.1,Hydro,Open Power System Data,51.18
Germany,16.4,Hydro,Open Power System Data,84.42
Germany,38.2,Hydro,Open Power System Data,167.56
Germany,5.0,Solar,Wiki-Solar,7.04
Germany,4.8,Solar,Wiki-Solar,7.43
Germany,84.9,Solar,Industry About,119.84
Germany,5.9,Solar,Wiki-Solar,8.46
Germany,10.0,Solar,Wiki-Solar,14.37
Germany,3.3,Solar,Industry About,4.98
Germany,3.0,Solar,Industry About,4.26
Germany,7.3,Solar,Industry About,10.44
Germany,5.2,Solar,Wiki-Solar,7.41
Germany,8.5,Solar,Wiki-Solar,11.84
Germany,10.0,Solar,Wiki-Solar,14.38
Germany,7.6,Solar,Wiki-Solar,10.85
Germany,4.2,Solar,Industry About,5.69
Germany,5.9,Solar,Wiki-Solar,7.95
Germany,9.9,Solar,Wiki-Solar,14.35
Germany,6.3,Solar,Wiki-Solar,9.07
Germany,10.0,Solar,Wiki-Solar,14.4
Germany,39.6,Solar,Industry About,55.47
Germany,27.4,Solar,Industry About,38.18
Germany,2.3,Solar,Industry About,3.35
Germany,25.0,Hydro,Open Power System Data,117.96
Germany,10.0,Solar,Wiki-Solar,14.47
Germany,10.0,Solar,Wiki-Solar,14.98
Germany,4.0,Solar,Wiki-Solar,6.19
Germany,6.5,Solar,Wiki-Solar,9.68
Germany,119.1,Hydro,Open Power System Data,644.05
Germany,5.5,Solar,Wiki-Solar,8.31
Germany,25.0,Hydro,Open Power System Data,119.35
Germany,3.3,Solar,Industry About,4.62
Germany,1.4,Solar,Industry About,1.86
Germany,24.7,Solar,Industry About,34.8
Germany,1.7,Solar,Industry About,2.25
Germany,3.8,Solar,Industry About,5.37
Germany,8.6,Solar,Industry About,12.53
Germany,5.9,Solar,Industry About,8.22
Germany,28.0,Solar,Industry About,38.49
Germany,8.0,Solar,Industry About,11.54
Germany,3.9,Solar,Industry About,5.5
Germany,4.2,Solar,Industry About,5.88
Germany,6.4,Solar,Industry About,8.54
Germany,6.4,Solar,Industry About,9.12
Germany,1052.0,Hydro,Open Power System Data,4017.57
Germany,3.0,Solar,Industry About,4.25
Germany,7.4,Solar,Industry About,10.55
Germany,11.8,Solar,Industry About,16.85
Germany,8.2,Solar,Wiki-Solar,11.08
Germany,8.4,Solar,Wiki-Solar,11.59
Germany,2.2,Solar,Industry About,3.24
Germany,16.0,Solar,Wiki-Solar,22.73
Germany,4.5,Solar,Industry About,6.11
Germany,1.0,Solar,Industry About,1.34
Germany,8.0,Solar,Wiki-Solar,11.55
Germany,9.0,Solar,Wiki-Solar,13.1
Germany,9.3,Solar,Wiki-Solar,13.24
Germany,10.0,Solar,Wiki-Solar,14.45
Germany,7.0,Solar,Wiki-Solar,9.73
Germany,8.5,Solar,Wiki-Solar,11.67
Germany,4.5,Solar,Wiki-Solar,6.34
Germany,7.0,Solar,Wiki-Solar,9.68
Germany,6.9,Solar,Industry About,9.8
Germany,2.1,Solar,Industry About,3.09
Germany,4.0,Solar,Wiki-Solar,5.73
Germany,3.4,Solar,Industry About,4.9
Germany,7.5,Solar,Industry About,10.74
Germany,14.8,Hydro,Open Power System Data,76.67
Germany,1.0,Solar,Industry About,1.28
Germany,2.7,Solar,Industry About,3.78
Germany,5.4,Solar,Wiki-Solar,7.36
Germany,4.1,Solar,Wiki-Solar,5.86
Germany,32.0,Solar,Wiki-Solar,45.54
Germany,6.0,Solar,Industry About,8.08
Germany,8.4,Solar,Industry About,11.53
Germany,5.5,Solar,Industry About,7.74
Germany,3.2,Solar,Industry About,4.98
Germany,18.2,Solar,Wiki-Solar,26.45
Germany,3.8,Solar,Industry About,5.34
Germany,3.5,Solar,Wiki-Solar,4.93
Germany,4.5,Solar,Industry About,6.14
Germany,4.0,Solar,Wiki-Solar,5.63
Germany,4.8,Solar,Wiki-Solar,7.58
Germany,1.9,Solar,Industry About,2.48
Germany,3.3,Solar,Industry About,4.74
Germany,1.9,Solar,Industry About,2.5
Germany,8.0,Solar,Wiki-Solar,11.47
Germany,5.5,Solar,Wiki-Solar,8.0
Germany,9.8,Solar,Wiki-Solar,13.87
Germany,5.2,Solar,Wiki-Solar,7.43
Germany,16.0,Hydro,Open Power System Data,71.38
Germany,7.1,Solar,Industry About,9.57
Germany,11.5,Solar,Wiki-Solar,16.4
Germany,40.0,Hydro,Open Power System Data,148.56
Germany,1.5,Solar,Industry About,2.06
Germany,2.5,Solar,Industry About,3.49
Germany,16.4,Solar,Industry About,23.99
Germany,1.4,Solar,Industry About,1.91
Germany,4.8,Solar,Industry About,7.16
Germany,4.3,Solar,Industry About,5.97
Germany,1.4,Solar,Industry About,1.8
Germany,5.5,Solar,Wiki-Solar,7.43
Germany,13.0,Solar,Wiki-Solar,18.66
Germany,1.3,Solar,Industry About,1.76
Germany,7.6,Solar,Wiki-Solar,10.33
Germany,5.1,Solar,Wiki-Solar,7.21
Germany,4.3,Solar,Industry About,6.01
Germany,377.6,Hydro,Open Power System Data,1265.26
Germany,4.7,Solar,Industry About,7.36
Germany,5.0,Solar,Industry About,6.85
Germany,7.0,Solar,Wiki-Solar,9.77
Germany,2.5,Solar,Industry About,3.6
Germany,15.0,Solar,Wiki-Solar,21.97
Germany,2.9,Solar,Industry About,4.21
Germany,4.3,Solar,Industry About,6.45
Germany,100.0,Hydro,Open Power System Data,396.39
Germany,10.0,Hydro,Open Power System Data,50.68
Germany,6.3,Solar,Wiki-Solar,8.49
Germany,4.5,Solar,Wiki-Solar,6.43
Germany,4.4,Solar,Wiki-Solar,5.98
Germany,8.0,Solar,Wiki-Solar,10.91
Germany,2.1,Solar,Industry About,3.07
Germany,3.7,Solar,Industry About,5.61
Germany,2.3,Solar,Industry About,3.28
Germany,3.9,Solar,Industry About,5.32
Germany,3.7,Solar,Industry About,5.07
Germany,5.9,Solar,Wiki-Solar,8.43
Germany,6.4,Solar,Industry About,9.14
Germany,5.6,Solar,Industry About,7.78
Germany,5.8,Solar,Industry About,8.65
Germany,3.8,Solar,Industry About,5.43
Germany,19.8,Hydro,Open Power System Data,100.58
Germany,17.3,Solar,Wiki-Solar,25.12
Germany,66.0,Hydro,Open Power System Data,353.2
Germany,8.0,Solar,Wiki-Solar,11.5
Germany,103.9,Solar,Industry About,147.78
Germany,27.0,Solar,Wiki-Solar,36.48
Germany,40.2,Solar,Wiki-Solar,55.45
Germany,10.1,Solar,Wiki-Solar,14.58
Germany,1.5,Solar,Industry About,2.05
Germany,46.7,Hydro,Open Power System Data,185.95
Germany,37.9,Hydro,Open Power System Data,149.58
Germany,4.5,Solar,Wiki-Solar,6.3
Germany,53.7,Hydro,Open Power System Data,235.45
Germany,9.3,Solar,Industry About,12.79
Germany,3.7,Solar,Industry About,5.19
Germany,3.8,Solar,Industry About,5.36
Germany,7.0,Solar,Wiki-Solar,10.06
Germany,10.1,Solar,Industry About,14.62
Germany,8.8,Solar,Wiki-Solar,12.72
Germany,16.7,Hydro,Open Power System Data,75.27
Germany,1.1,Solar,Industry About,1.39
Germany,2.7,Solar,Industry About,3.87
Germany,6.0,Solar,Industry About,8.55
Germany,4.1,Solar,Industry About,5.88
Germany,7.0,Solar,Wiki-Solar,9.94
Germany,4.9,Solar,Wiki-Solar,7.11
Germany,5.0,Solar,Industry About,7.41
Germany,5.5,Solar,Wiki-Solar,7.74
Germany,6.0,Solar,Industry About,8.58
Germany,16.0,Hydro,Open Power System Data,82.36
Germany,3.8,Solar,Industry About,5.19
Germany,153.0,Hydro,Open Power System Data,636.15
Germany,247.0,Hydro,Open Power System Data,966.23
Germany,18.5,Hydro,Open Power System Data,82.6
Germany,150.0,Hydro,Open Power System Data,563.03
Germany,127.0,Hydro,Open Power System Data,451.22
Germany,8.5,Solar,Industry About,11.81
Germany,6.7,Solar,Industry About,9.54
Germany,29.1,Solar,Wiki-Solar,39.21
Germany,5.2,Solar,Industry About,7.72
Germany,8.5,Solar,Wiki-Solar,11.94
Germany,5.7,Solar,Wiki-Solar,8.04
Germany,10.0,Solar,Wiki-Solar,13.6
Germany,4.4,Solar,Wiki-Solar,6.2
Germany,14.8,Solar,Wiki-Solar,21.5
Germany,17.1,Solar,Wiki-Solar,24.8
Germany,7.0,Solar,Wiki-Solar,9.8
Germany,45.0,Solar,Industry About,61.97
Germany,2.8,Solar,Industry About,3.93
Germany,6.7,Solar,Wiki-Solar,9.36
Germany,5.3,Solar,Industry About,7.5
Germany,2.2,Solar,Industry About,3.15
Germany,3.0,Solar,Industry About,4.39
Germany,6.7,Solar,Wiki-Solar,9.29
Germany,11.1,Solar,Wiki-Solar,15.92
Germany,104.4,Hydro,Open Power System Data,421.95
Germany,25.7,Solar,Industry About,34.38
Germany,23.5,Solar,Industry About,33.78
Germany,10.0,Solar,Wiki-Solar,14.42
Germany,24.9,Solar,Industry About,35.63
Germany,20.0,Hydro,Open Power System Data,96.36
Germany,1.0,Solar,Industry About,1.32
Germany,13.8,Solar,Wiki-Solar,19.51
Germany,8.0,Solar,Wiki-Solar,10.99
Germany,136.0,Hydro,Open Power System Data,477.25
Germany,3.6,Solar,Industry About,4.92
Germany,12.3,Solar,Wiki-Solar,17.21
Germany,13.3,Solar,Industry About,19.15
Germany,53.0,Solar,Industry About,75.38
Germany,2.5,Solar,Industry About,3.62
Germany,8.5,Solar,Wiki-Solar,11.64
Germany,10.5,Solar,Wiki-Solar,15.26
Germany,2.9,Solar,Industry About,4.2
Germany,38.3,Solar,Industry About,51.58
Germany,5.9,Solar,Industry About,8.43
Germany,21.0,Solar,Industry About,31.51
Germany,6.0,Solar,Industry About,8.63
Germany,10.0,Solar,Wiki-Solar,14.43
Germany,4.0,Solar,Wiki-Solar,5.76
Germany,7.0,Solar,Wiki-Solar,9.97
Germany,13.4,Solar,Wiki-Solar,19.35
Germany,10.0,Solar,Wiki-Solar,14.18
Germany,25.9,Solar,Industry About,36.48
Germany,18.8,Solar,Industry About,27.51
Germany,5.0,Solar,Wiki-Solar,6.85
Germany,4.8,Solar,Wiki-Solar,7.31
Germany,4.9,Solar,Wiki-Solar,6.95
Germany,1045.2,Hydro,Open Power System Data,3991.6
Germany,4.5,Solar,Wiki-Solar,6.13
Germany,4.1,Solar,Industry About,5.74
Germany,5.0,Solar,Wiki-Solar,7.07
Germany,4.6,Solar,Wiki-Solar,6.65
Germany,6.7,Solar,Wiki-Solar,9.33
Germany,5.0,Solar,Wiki-Solar,7.08
Germany,20.0,Solar,Wiki-Solar,28.45
Germany,5.7,Solar,Wiki-Solar,7.79
Germany,11.3,Hydro,Open Power System Data,53.12
Germany,3.5,Solar,Industry About,5.04
Germany,1.4,Solar,Industry About,1.9
Germany,21.7,Solar,Industry About,29.52
Germany,12.0,Hydro,Open Power System Data,44.15
Germany,166.0,Solar,Industry About,233.21
Germany,1.0,Solar,Industry About,1.35
Germany,5.2,Solar,Industry About,7.13
Germany,6.6,Solar,Wiki-Solar,8.95
Germany,10.1,Solar,Industry About,14.49
Germany,2.1,Solar,Industry About,3.1
Germany,24.1,Solar,Wiki-Solar,34.16
Germany,10.3,Solar,Wiki-Solar,14.22
Germany,9.1,Solar,Wiki-Solar,13.25
Germany,6.0,Solar,Wiki-Solar,8.75
Germany,15.8,Solar,Industry About,22.83
Germany,4.7,Solar,Industry About,7.03
Germany,1.8,Solar,Industry About,2.38
Germany,11.2,Solar,Wiki-Solar,16.32
Germany,16.4,Hydro,Open Power System Data,76.65
Germany,4.6,Solar,Wiki-Solar,6.46
Germany,6.3,Solar,Wiki-Solar,8.56
Germany,11.2,Hydro,Open Power System Data,51.13
Germany,6.8,Solar,Wiki-Solar,10.11
Germany,4.4,Solar,Wiki-Solar,6.12
Germany,6.5,Solar,Wiki-Solar,9.26
Germany,4.4,Solar,Industry About,6.29
Germany,1.7,Solar,Industry About,2.28
Germany,5.1,Solar,Industry About,7.27
Germany,12.9,Solar,Wiki-Solar,18.84
Germany,6.8,Solar,Wiki-Solar,9.68
Germany,5.1,Solar,Wiki-Solar,7.37
Germany,8.5,Solar,Industry About,11.55
Germany,1.9,Solar,Industry About,2.49
Germany,4.8,Solar,Industry About,7.42
Germany,2.9,Solar,Industry About,4.17
Germany,5.7,Solar,Wiki-Solar,8.25
Germany,5.7,Solar,Wiki-Solar,7.98
Germany,7.2,Solar,Industry About,10.42
Germany,6.3,Solar,Wiki-Solar,8.67
Germany,21.0,Solar,Wiki-Solar,30.97
Germany,4.0,Solar,Wiki-Solar,5.74
Germany,7.6,Solar,Wiki-Solar,10.86
Germany,58.9,Solar,Wiki-Solar,82.25
Germany,19.5,Solar,Wiki-Solar,28.92
Germany,6.7,Solar,Wiki-Solar,9.53
Germany,76.7,Solar,Industry About,108.57
Germany,10.6,Solar,Industry About,15.44
Germany,7.9,Solar,Industry About,11.41
Germany,1.2,Solar,Industry About,1.74
Germany,8.3,Solar,Wiki-Solar,11.41
Germany,26.1,Hydro,Open Power System Data,115.24
Germany,5.0,Solar,Industry About,7.22
Germany,16.2,Hydro,Open Power System Data,83.92
Germany,7.0,Solar,Wiki-Solar,10.03
Germany,39.8,Hydro,Open Power System Data,177.12
Germany,10.4,Solar,Wiki-Solar,15.25
Germany,4.5,Solar,Wiki-Solar,6.14
Germany,5.5,Solar,Wiki-Solar,7.56
Germany,4.9,Solar,Industry About,6.8
Germany,7.4,Solar,Industry About,9.98
Germany,3.0,Solar,Industry About,4.3
Germany,10.0,Solar,Wiki-Solar,14.82
Germany,1.4,Solar,Industry About,1.89
Germany,36.6,Hydro,Open Power System Data,152.87
Germany,30.0,Hydro,Open Power System Data,125.3
Germany,2.9,Solar,Industry About,4.15
Germany,3.9,Solar,Industry About,5.46
Germany,2.2,Solar,Industry About,3.18
Germany,12.8,Hydro,Open Power System Data,52.19
Germany,7.0,Solar,Wiki-Solar,9.75
Germany,2.6,Solar,Industry About,3.88
Germany,5.6,Solar,Industry About,8.26
Germany,11.9,Hydro,Open Power System Data,56.07
Germany,7.0,Solar,Wiki-Solar,9.52
Germany,8.1,Solar,Industry About,11.04
Germany,10.0,Solar,Industry About,13.6
Germany,10.0,Solar,Wiki-Solar,14.03
Germany,1.7,Solar,Industry About,2.29
Germany,6.1,Solar,Wiki-Solar,8.29
Germany,6.9,Solar,Industry About,9.67
Germany,8.2,Solar,Wiki-Solar,11.39
Germany,3.8,Solar,Industry About,5.46
Germany,4.8,Solar,Wiki-Solar,7.46
Germany,31.55326,Solar,Industry About,44.68
Germany,164.0,Hydro,Open Power System Data,677.77
Germany,1096.0,Hydro,Open Power System Data,3799.02
Germany,20.956,Solar,Industry About,30.98
Germany,4.8,Solar,Industry About,7.62
Germany,43.2,Hydro,Open Power System Data,202.42
Germany,3.0,Solar,Industry About,4.4
Germany,3.7,Solar,Industry About,5.49
Germany,19.4,Hydro,Open Power System Data,71.21
Germany,35.0,Solar,Industry About,48.86
Germany,5.6,Solar,Industry About,7.62
Germany,28.5,Solar,Industry About,39.03
Germany,22.3,Hydro,Open Power System Data,88.92
Germany,12.6,Hydro,Open Power System Data,59.83
Germany,15.0,Solar,Wiki-Solar,22.5
Germany,3.1,Solar,Industry About,4.52
Germany,10.0,Solar,Industry About,13.86
Germany,12.0,Solar,Industry About,16.97
Germany,12.5,Solar,Industry About,17.96
Germany,2.6,Solar,Industry About,3.6
Germany,19.2,Hydro,Open Power System Data,87.03
Germany,15.7,Solar,Wiki-Solar,23.18
Germany,10.2,Solar,Wiki-Solar,14.76
Germany,12.1,Hydro,Open Power System Data,53.67
Germany,10.0,Solar,Wiki-Solar,14.41
Germany,1.1,Solar,Industry About,1.55
Germany,90.0,Hydro,Open Power System Data,357.9
Germany,138.0,Hydro,Open Power System Data,490.72
Germany,5.7,Solar,Wiki-Solar,7.81
Germany,18.8,Solar,Industry About,27.67
Germany,4.9,Solar,Industry About,6.74
Germany,79.5,Hydro,Open Power System Data,321.1
Germany,10.9,Hydro,Open Power System Data,51.36
Germany,9.0,Solar,Industry About,13.05
Germany,9.4,Solar,Industry About,13.36
Germany,6.0,Solar,Wiki-Solar,8.55
Germany,4.6,Solar,Wiki-Solar,6.82
Germany,7.1,Solar,Industry About,9.92
Germany,37.7,Solar,Industry About,52.67
Germany,8.0,Solar,Wiki-Solar,11.23
Germany,13.0,Solar,Industry About,18.0
Germany,8.3,Solar,Industry About,11.36
Germany,146.0,Hydro,Open Power System Data,709.58
Germany,19.0,Hydro,Open Power System Data,86.9
Germany,30.0,Hydro,Open Power System Data,118.4
Germany,36.8,Hydro,Open Power System Data,145.24
Germany,2.6,Solar,Industry About,3.7
Germany,14.3,Solar,Industry About,20.93
Germany,6.0,Solar,Industry About,8.57
Germany,1.9,Solar,Industry About,2.51
Germany,7.3,Solar,Industry About,9.92
Germany,2.2,Solar,Industry About,3.17
Germany,1.8,Solar,Industry About,2.37
Germany,2.6,Solar,Industry About,3.71
Germany,4.7,Solar,Industry About,6.94
Germany,1.1,Solar,Industry About,1.45
Germany,12.7,Solar,Industry About,18.38
Germany,10.0,Solar,Industry About,14.17
Germany,19.9,Solar,Industry About,28.5
Germany,4.5,Solar,Wiki-Solar,6.35
Germany,9.5,Solar,Wiki-Solar,13.21
Germany,35.1,Hydro,Open Power System Data,146.61
Germany,4.6,Solar,Wiki-Solar,6.41
Germany,6.2,Solar,Industry About,8.82
Germany,13.2,Solar,Industry About,19.05
Germany,37.0,Solar,Industry About,51.34
Germany,1.2,Solar,Industry About,1.56
Germany,45.5,Hydro,Open Power System Data,192.15
Germany,6.0,Solar,Industry About,8.14
Germany,65.0,Hydro,Open Power System Data,242.44
Germany,2.2,Solar,Industry About,3.21
Germany,7.6,Solar,Wiki-Solar,10.36
Germany,7.5,Solar,Industry About,10.89
Germany,7.0,Solar,Industry About,9.83
Germany,171.0,Wind,WRI,431.71
Germany,4.0,Solar,Wiki-Solar,5.65
Germany,5.7,Solar,Industry About,8.18
Germany,1.3,Solar,Industry About,1.71
Germany,3.3,Solar,Industry About,4.61
Germany,11.0,Solar,Wiki-Solar,16.05
Germany,8.7,Solar,Wiki-Solar,12.4
Germany,4.9,Solar,Industry About,6.45
Germany,12.2,Hydro,Open Power System Data,53.94
Germany,2.4,Solar,Industry About,3.34
Germany,7.7,Solar,Wiki-Solar,11.09
Germany,10.0,Solar,Wiki-Solar,14.32
Germany,2.2,Solar,Industry About,3.19
Germany,8.2,Solar,Wiki-Solar,12.13
Germany,11.2,Solar,Industry About,17.04
Germany,3.1,Solar,Industry About,4.38
Germany,1.1,Solar,Industry About,1.44
Germany,12.0,Hydro,Open Power System Data,53.23
Germany,10.0,Solar,Industry About,14.66
Germany,14.0,Hydro,Open Power System Data,62.46
Germany,6.1,Solar,Wiki-Solar,8.49
Germany,12.73116,Solar,Industry About,18.57
Germany,6.2,Solar,Wiki-Solar,8.36
Germany,8.2,Solar,Industry About,11.39
Germany,4.0,Solar,Wiki-Solar,5.6
Germany,48.0,Hydro,Open Power System Data,224.91
Germany,8.2,Solar,Wiki-Solar,11.25
Germany,4.5,Solar,Wiki-Solar,6.29
Germany,1.8,Solar,Industry About,2.33
Germany,4.1,Solar,Wiki-Solar,6.31
Germany,82.0,Solar,Wiki-Solar,116.02
Germany,18.0,Solar,Industry About,26.66
Germany,2.0,Solar,Industry About,2.83
Germany,6.0,Solar,Wiki-Solar,8.41
Germany,4.5,Solar,Wiki-Solar,6.32
Germany,5.2,Solar,Wiki-Solar,7.13
Germany,10.0,Solar,Wiki-Solar,14.33
Germany,12.1,Hydro,Open Power System Data,59.82
Germany,9.5,Solar,Wiki-Solar,13.51
Germany,10.0,Solar,Industry About,14.18
Germany,1.4,Solar,Industry About,1.87
Germany,81.0,Solar,Industry About,114.13
Germany,28.344,Solar,Industry About,38.81
Germany,12.70439,Solar,Industry About,18.58
Germany,11.30404,Solar,Industry About,16.45
Germany,20.0044,Solar,Industry About,29.81
Germany,10.0515,Solar,Industry About,14.67
Germany,25.0,Solar,Industry About,34.82
Germany,20.3862,Solar,Industry About,30.09
Germany,25.55914,Solar,Industry About,35.51
Germany,22.12467,Solar,Industry About,31.85
Germany,28.34412,Solar,Industry About,38.81
Germany,34.8,Solar,Industry About,49.76
Germany,68.0,Solar,Industry About,94.58
Germany,2.9,Solar,Industry About,4.14
Germany,4.1,Solar,Wiki-Solar,5.71
Germany,1.1,Solar,Industry About,1.43
Germany,3.6,Solar,Wiki-Solar,5.16
Germany,2.6,Solar,Industry About,3.72
Germany,13.5,Solar,Wiki-Solar,19.72
Germany,5.5,Solar,Wiki-Solar,7.65
Germany,4.5,Solar,Industry About,6.32
Germany,23.2,Hydro,Open Power System Data,109.71
Germany,5.0,Solar,Industry About,7.24
Germany,1.2,Solar,Industry About,1.58
Germany,2.5,Solar,Industry About,3.65
Germany,6.8,Solar,Wiki-Solar,9.84
Germany,21.5,Hydro,Open Power System Data,103.09
Germany,54.0,Solar,Industry About,73.02
Germany,5.0,Solar,Wiki-Solar,6.99
Germany,1.2,Solar,Industry About,1.6
Germany,10.2,Solar,Wiki-Solar,14.43
Germany,2.5,Solar,Industry About,3.59
Germany,360.0,Hydro,Open Power System Data,1210.53
Germany,8.4,Solar,Wiki-Solar,11.86
Germany,9.8,Solar,Wiki-Solar,14.07
Germany,12.0,Solar,Wiki-Solar,17.5
Germany,4.8,Solar,Wiki-Solar,7.62
Germany,10.7,Solar,Wiki-Solar,14.91
Germany,12.3,Hydro,Open Power System Data,55.14
Germany,1.3,Solar,Industry About,1.67
Germany,5.3,Solar,Industry About,7.57
Germany,128.4,Solar,Industry About,180.39
Germany,18.0,Solar,Wiki-Solar,26.13
Germany,15.0,Solar,Wiki-Solar,20.96
Germany,8.9,Solar,Industry About,12.96
Germany,2.4,Solar,Industry About,3.5
Germany,18.8,Hydro,Open Power System Data,96.92
Germany,8.4,Solar,Wiki-Solar,11.19
Germany,8.0,Solar,Wiki-Solar,11.3
Germany,3.5,Solar,Industry About,5.08
Germany,42.2,Solar,Wiki-Solar,58.16
Germany,6.0,Solar,Wiki-Solar,8.43
Germany,6.8,Solar,Industry About,9.52
Germany,25.5,Solar,Industry About,35.51
Germany,19.3,Solar,Industry About,28.37
Germany,4.6,Solar,Wiki-Solar,6.75
Germany,85.3,Hydro,Open Power System Data,375.02
Germany,4.8,Solar,Wiki-Solar,7.79
Germany,4.1,Solar,Wiki-Solar,6.03
Germany,4.2,Solar,Industry About,6.16
Germany,10.5,Hydro,Open Power System Data,46.85
Germany,340.0,Wind,WRI,871.88
Germany,6.5,Solar,Industry About,8.83
Germany,12.4,Hydro,Open Power System Data,54.82
Germany,1.5,Solar,Industry About,1.96
Germany,14.2,Hydro,Open Power System Data,64.88
Germany,10.0,Solar,Industry About,14.0
Germany,5.9,Solar,Wiki-Solar,8.64
Germany,25.0,Hydro,Open Power System Data,118.75
Germany,18.0,Hydro,Open Power System Data,93.25
Germany,10.1,Hydro,Open Power System Data,45.06
Germany,6.2,Solar,Wiki-Solar,8.7
Germany,5.2,Solar,Wiki-Solar,7.55
Germany,4.8,Solar,Wiki-Solar,7.39
Germany,1.6,Solar,Industry About,2.16
Germany,4.0,Solar,Industry About,5.76
Germany,9.6,Solar,Industry About,13.78
Germany,7.8,Solar,Industry About,10.92
Germany,23.3,Hydro,Open Power System Data,112.04
Germany,7.7,Solar,Wiki-Solar,11.0
Germany,24.0,Hydro,Open Power System Data,103.32
Germany,2.5,Solar,Industry About,3.56
Germany,124.0,Hydro,Open Power System Data,458.59
Germany,2.5,Solar,Industry About,3.58
Germany,4.6,Solar,Industry About,6.65
Germany,480.0,Hydro,Open Power System Data,1536.26
Germany,143.0,Hydro,Open Power System Data,507.66
Germany,42.9,Solar,Wiki-Solar,59.34
Germany,45.0,Solar,Industry About,62.25
Germany,12.3,Solar,Wiki-Solar,17.84
Germany,52.7,Solar,Industry About,74.41
Germany,5.4,Solar,Industry About,7.42
Germany,5.2,Solar,Industry About,7.53
Germany,4.3,Solar,Wiki-Solar,6.0
Germany,24.1,Hydro,Open Power System Data,114.07
Germany,14.0,Solar,Industry About,21.24
Germany,4.5,Solar,Wiki-Solar,6.33
Germany,910.0,Hydro,Open Power System Data,3537.93
Germany,7.6,Solar,Wiki-Solar,10.25
Germany,18.6,Solar,Industry About,27.63
Germany,79.7,Hydro,Open Power System Data,316.73
Germany,1.7,Solar,Industry About,2.5
Germany,18.8,Solar,Industry About,27.73
Germany,4.0,Solar,Wiki-Solar,5.77
Germany,9.9,Hydro,Open Power System Data,51.85
Germany,5.2,Solar,Industry About,7.44
Germany,31.5,Wind,WRI,66.7
Germany,117.0,Wind,WRI,276.27
Germany,76.5,Wind,WRI,167.8
Germany,116.7,Wind,WRI,275.13
Germany,143.0,Wind,WRI,410.31
Germany,82.7,Wind,WRI,142.47
Germany,94.5,Wind,WRI,169.41
Germany,8.6,Solar,Industry About,12.39
Germany,6.2,Solar,Industry About,8.53
Germany,220.0,Hydro,Open Power System Data,836.53
Germany,5.5,Solar,Wiki-Solar,7.79
Germany,9.0,Solar,Industry About,12.81
Germany,2.7,Solar,Industry About,3.96
Germany,3.0,Solar,Industry About,4.35
Germany,11.2,Solar,Wiki-Solar,16.19
Germany,7.8,Solar,Industry About,11.45
Germany,5.6,Solar,Industry About,8.08
Germany,5.5,Solar,Industry About,7.82
Germany,3.3,Solar,Industry About,4.7
Germany,12.0,Solar,Wiki-Solar,17.36
Germany,5.0,Solar,Wiki-Solar,7.14
Germany,13.0,Solar,Wiki-Solar,18.76
Germany,21.5,Solar,Wiki-Solar,31.93
Germany,13.6,Hydro,Open Power System Data,70.0
Germany,37.8,Solar,Wiki-Solar,53.1
Germany,9.0,Solar,Wiki-Solar,13.05
Germany,24.9,Solar,Wiki-Solar,35.03
Germany,12.0,Solar,Industry About,17.57
Germany,8.0,Solar,Wiki-Solar,10.74
Germany,4.0,Solar,Industry About,5.61
Ghana,1038.0,Hydro,Power Africa,3894.61
Ghana,400.0,Hydro,Power Africa,1180.27
Ghana,20.0,Solar,Wiki-Solar,38.8
Ghana,160.0,Hydro,Power Africa,662.62
Greece,5.5,Solar,Wiki-Solar,10.0
Greece,4.9,Solar,WRI,9.8
Greece,5.0,Solar,Wiki-Solar,9.05
Greece,1.5,Solar,WRI,3.14
Greece,108.0,Hydro,WRI,192.11
Greece,8.0,Solar,WRI,15.95
Greece,6.0,Solar,WRI,9.99
Greece,4.5,Wind,WRI,10.73
Greece,26.0,Wind,WRI,60.42
Greece,2.0,Solar,WRI,3.77
Greece,10.4,Solar,Wiki-Solar,19.56
Greece,5.0,Solar,Wiki-Solar,8.24
Greece,4.3,Solar,WRI,6.68
Greece,8.7,Solar,Wiki-Solar,14.81
Greece,154.0,Hydro,GEODB,241.64
Greece,12.0,Wind,WRI,39.01
Greece,9.0,Solar,Wiki-Solar,15.46
Greece,6.0,Solar,Wiki-Solar,9.41
Greece,320.0,Hydro,WRI,447.97
Greece,4.9,Solar,WRI,9.31
Greece,4.9,Solar,WRI,9.19
Greece,4.9,Solar,WRI,9.17
Greece,2.0,Solar,WRI,3.72
Greece,437.0,Hydro,WRI,609.27
Greece,70.0,Hydro,WRI,83.18
Greece,4.8,Solar,WRI,10.21
Greece,10.0,Hydro,WRI,23.28
Greece,34.2,Wind,WRI,84.64
Greece,1.9,Solar,WRI,3.24
Greece,5.0,Solar,Wiki-Solar,8.56
Greece,160.0,Hydro,WRI,196.43
Greece,6.0,Solar,Wiki-Solar,9.54
Greece,7.0,Solar,WRI,11.85
Greece,7.0,Solar,WRI,11.87
Greece,14.45,Wind,WRI,34.62
Greece,9.0,Solar,Wiki-Solar,16.82
Greece,1.9,Solar,WRI,3.44
Greece,4.0,Solar,WRI,7.01
Greece,320.0,Hydro,WRI,528.59
Greece,210.0,Hydro,WRI,351.86
Greece,130.0,Hydro,WRI,246.74
Greece,108.0,Hydro,WRI,198.42
Greece,10.0,Solar,WRI,17.66
Greece,124.0,Hydro,WRI,195.31
Greece,334.0,Hydro,WRI,453.07
Greece,4.0,Solar,WRI,6.78
Greece,5.4,Wind,WRI,10.51
Greece,1.7,Solar,WRI,3.17
Greece,7.5,Solar,WRI,14.55
Greece,4.5,Solar,Wiki-Solar,7.66
Greece,315.0,Hydro,WRI,650.8
Greece,6.0,Solar,Wiki-Solar,12.22
Greece,23.0,Solar,Wiki-Solar,50.49
Greece,10.0,Hydro,WRI,20.79
Greece,150.0,Hydro,WRI,263.43
Greece,6.4,Solar,WRI,12.25
Greece,160.0,Hydro,WRI,211.05
Greece,11.2,Wind,WRI,20.77
Greece,21.0,Wind,WRI,51.5
Greece,12.0,Wind,WRI,24.07
Greece,381.0,Hydro,WRI,581.71
Greece,5.0,Solar,WRI,9.7
Greece,2.0,Solar,WRI,3.67
Greece,2.0,Solar,WRI,3.59
Greece,6.0,Solar,Wiki-Solar,11.39
Guatemala,90.0,Hydro,Guatemala Energy Data Visualization Center at Universidad Rafael Landivar,238.13
Guatemala,4.6,Hydro,Guatemala Energy Data Visualization Center at Universidad Rafael Landivar,8.69
Guatemala,300.0,Hydro,Guatemala Energy Data Visualization Center at Universidad Rafael Landivar,835.85
Guatemala,9.7,Hydro,Guatemala Energy Data Visualization Center at Universidad Rafael Landivar,21.02
Guatemala,48.1,Hydro,Guatemala Energy Data Visualization Center at Universidad Rafael Landivar,159.3
Guatemala,3.5,Hydro,Guatemala Energy Data Visualization Center at Universidad Rafael Landivar,6.64
Guatemala,11.0,Hydro,Guatemala Energy Data Visualization Center at Universidad Rafael Landivar,24.52
Guatemala,3.8,Hydro,Guatemala Energy Data Visualization Center at Universidad Rafael Landivar,7.38
Guatemala,2.3,Hydro,Guatemala Energy Data Visualization Center at Universidad Rafael Landivar,6.79
Guatemala,26.0,Hydro,Guatemala Energy Data Visualization Center at Universidad Rafael Landivar,87.61
Guatemala,2.0,Hydro,Guatemala Energy Data Visualization Center at Universidad Rafael Landivar,5.06
Guatemala,30.0,Solar,Wiki-Solar,68.07
Guatemala,60.0,Hydro,Guatemala Energy Data Visualization Center at Universidad Rafael Landivar,152.09
Guatemala,39.0,Hydro,Guatemala Energy Data Visualization Center at Universidad Rafael Landivar,99.15
Guatemala,15.0,Hydro,Guatemala Energy Data Visualization Center at Universidad Rafael Landivar,39.07
Guatemala,12.0,Hydro,Guatemala Energy Data Visualization Center at Universidad Rafael Landivar,27.37
Guatemala,13.5,Hydro,Guatemala Energy Data Visualization Center at Universidad Rafael Landivar,48.84
Guatemala,26.1,Hydro,Guatemala Energy Data Visualization Center at Universidad Rafael Landivar,73.79
Guatemala,5.8,Hydro,Guatemala Energy Data Visualization Center at Universidad Rafael Landivar,14.25
Guatemala,85.0,Hydro,Guatemala Energy Data Visualization Center at Universidad Rafael Landivar,224.9
Guatemala,7.3,Hydro,Guatemala Energy Data Visualization Center at Universidad Rafael Landivar,21.86
Guatemala,12.8,Hydro,Guatemala Energy Data Visualization Center at Universidad Rafael Landivar,29.01
Guatemala,12.5,Hydro,Guatemala Energy Data Visualization Center at Universidad Rafael Landivar,28.33
Guatemala,68.1,Hydro,Guatemala Energy Data Visualization Center at Universidad Rafael Landivar,184.41
Guatemala,10.0,Hydro,Guatemala Energy Data Visualization Center at Universidad Rafael Landivar,22.41
Guatemala,3.9,Hydro,Guatemala Energy Data Visualization Center at Universidad Rafael Landivar,7.61
Guatemala,6.0,Hydro,Guatemala Energy Data Visualization Center at Universidad Rafael Landivar,20.86
Guatemala,17.0,Hydro,Guatemala Energy Data Visualization Center at Universidad Rafael Landivar,44.29
Guatemala,16.5,Hydro,Guatemala Energy Data Visualization Center at Universidad Rafael Landivar,36.09
Guatemala,2.1,Hydro,Guatemala Energy Data Visualization Center at Universidad Rafael Landivar,4.14
Guatemala,94.0,Hydro,Guatemala Energy Data Visualization Center at Universidad Rafael Landivar,266.01
Guinea,45.0,Hydro,Power Africa,165.02
Guinea,15.0,Hydro,Power Africa,44.8
Guinea,75.0,Hydro,Power Africa,274.18
Guinea,28.32,Hydro,Power Africa,96.99
Guinea,240.0,Hydro,Power Africa,842.88
Guinea,15.0,Hydro,Power Africa,45.72
Honduras,29.0,Hydro,GEODB,118.91
Honduras,35.1,Solar,Wiki-Solar,79.04
Honduras,6.1,Hydro,WRI,18.64
Honduras,12.8,Hydro,WRI,42.72
Honduras,8.0,Hydro,WRI,30.0
Honduras,22.5,Hydro,GEODB,84.03
Honduras,300.0,Hydro,WRI,1380.67
Honduras,12.8,Hydro,WRI,43.65
Honduras,6.0,Hydro,WRI,18.29
Honduras,15.0,Solar,Wiki-Solar,32.47
Honduras,5.2,Hydro,WRI,15.06
Honduras,53.0,Solar,Wiki-Solar,117.25
Honduras,35.0,Solar,Wiki-Solar,78.3
Honduras,6.0,Solar,Wiki-Solar,11.77
Honduras,30.0,Hydro,GEODB,116.42
Honduras,63.0,Solar,Wiki-Solar,139.63
Honduras,25.0,Solar,Wiki-Solar,54.74
Honduras,25.9,Solar,Wiki-Solar,56.87
Honduras,80.0,Hydro,GEODB,329.28
Honduras,2.77,Hydro,WRI,9.46
Hungary,20.0,Solar,Wiki-Solar,30.48
Hungary,21.0,Solar,Wiki-Solar,31.43
Hungary,20.6,Solar,Wiki-Solar,31.45
Hungary,7.0,Solar,Wiki-Solar,10.52
Hungary,16.0,Solar,Wiki-Solar,24.32
Iceland,8.0,Hydro,WRI,17.87
Iceland,150.0,Hydro,WRI,494.34
Iceland,270.0,Hydro,WRI,553.32
Iceland,95.0,Hydro,WRI,387.37
Iceland,690.0,Hydro,WRI,1595.8
Iceland,210.0,Hydro,WRI,625.18
Iceland,27.0,Hydro,WRI,92.69
Iceland,14.0,Hydro,WRI,57.78
Iceland,14.6,Hydro,WRI,63.89
Iceland,150.0,Hydro,WRI,439.27
Iceland,26.0,Hydro,WRI,94.37
Iceland,120.0,Hydro,WRI,522.94
Iceland,90.0,Hydro,WRI,311.35
Iceland,48.0,Hydro,WRI,172.84
India,2.5,Solar,National Renewable Energy Laboratory,4.37
India,60.0,Hydro,WRI,235.89
India,192.0,Hydro,WRI,607.11
India,290.0,Hydro,WRI,1082.69
India,134.0,Hydro,WRI,546.7
India,16.95,Hydro,WRI,57.47
India,50.0,Solar,Wiki-Solar,94.42
India,5.5,Solar,Wiki-Solar,10.56
India,15.0,Solar,Wiki-Solar,29.92
India,15.0,Solar,Wiki-Solar,29.82
India,20.0,Solar,Wiki-Solar,41.04
India,22.0,Solar,Wiki-Solar,46.8
India,15.0,Solar,Wiki-Solar,30.87
India,10.0,Solar,Wiki-Solar,18.87
India,11.0,Solar,Wiki-Solar,22.21
India,10.0,Solar,Wiki-Solar,18.64
India,50.0,Solar,Wiki-Solar,107.1
India,11.0,Solar,Wiki-Solar,22.19
India,50.0,Solar,Wiki-Solar,103.88
India,20.0,Solar,Wiki-Solar,46.52
India,20.0,Solar,Wiki-Solar,43.14
India,10.0,Solar,Wiki-Solar,18.22
India,1.0,Solar,Industry About,1.82
India,14.4,Solar,Wiki-Solar,28.89
India,80.0,Solar,Wiki-Solar,155.24
India,12.9,Solar,Wiki-Solar,27.17
India,200.0,Solar,Wiki-Solar,437.33
India,50.0,Solar,Industry About,107.18
India,45.0,Solar,Wiki-Solar,96.37
India,20.0,Solar,Wiki-Solar,45.45
India,7.0,Solar,Wiki-Solar,14.74
India,7.0,Solar,Wiki-Solar,13.74
India,10.0,Solar,Wiki-Solar,18.65
India,10.0,Solar,Wiki-Solar,18.34
India,8.0,Solar,Wiki-Solar,15.64
India,15.0,Solar,Wiki-Solar,30.43
India,5.0,Solar,Industry About,9.67
India,10.0,Solar,Wiki-Solar,17.98
India,5.0,Solar,Wiki-Solar,9.89
India,450.0,Hydro,WRI,1867.16
India,180.0,Hydro,WRI,752.21
India,510.0,Hydro,WRI,1744.85
India,12.0,Hydro,WRI,54.62
India,315.0,Hydro,WRI,1102.43
India,30.0,Hydro,WRI,129.98
India,60.0,Hydro,WRI,255.02
India,20.0,Hydro,WRI,99.79
India,90.0,Hydro,WRI,364.88
India,300.0,Hydro,WRI,1251.7
India,66.0,Hydro,WRI,231.82
India,26.0,Hydro,WRI,175.99
India,1379.0,Hydro,WRI,5163.21
India,34.0,Hydro,WRI,121.97
India,16.0,Hydro,WRI,53.83
India,15.0,Hydro,WRI,51.49
India,30.0,Hydro,WRI,114.01
India,300.0,Hydro,WRI,933.37
India,80.0,Hydro,WRI,294.27
India,75.0,Hydro,WRI,271.24
India,6.0,Hydro,WRI,27.28
India,20.0,Hydro,WRI,96.33
India,70.0,Hydro,WRI,243.81
India,28.8,Solar,Wiki-Solar,66.98
India,15.0,Solar,Wiki-Solar,29.44
India,50.0,Solar,Wiki-Solar,104.09
India,10.0,Solar,Wiki-Solar,20.91
India,50.0,Solar,Wiki-Solar,97.23
India,25.0,Solar,Wiki-Solar,48.28
India,10.0,Solar,Wiki-Solar,18.71
India,25.0,Solar,Wiki-Solar,47.86
India,50.0,Solar,Wiki-Solar,107.03
India,1.0,Solar,Industry About,1.91
India,1.0,Solar,Industry About,1.89
India,10.0,Solar,Wiki-Solar,18.3
India,15.0,Solar,Wiki-Solar,30.03
India,50.0,Solar,Wiki-Solar,103.06
India,25.0,Solar,Wiki-Solar,48.41
India,15.0,Solar,Industry About,28.97
India,10.0,Solar,Industry About,18.79
India,5.0,Solar,Wiki-Solar,9.67
India,20.0,Solar,Industry About,43.82
India,15.0,Solar,Industry About,32.29
India,26.3,Solar,Wiki-Solar,56.39
India,25.0,Solar,Wiki-Solar,47.99
India,20.0,Solar,Wiki-Solar,38.78
India,10.5,Solar,Wiki-Solar,20.48
India,5.0,Solar,Wiki-Solar,9.71
India,10.0,Solar,Wiki-Solar,19.22
India,4.4,Solar,Wiki-Solar,8.15
India,36.3,Solar,Industry About,69.42
India,10.0,Solar,Industry About,18.87
India,7.6,Solar,Wiki-Solar,14.35
India,10.0,Solar,Wiki-Solar,19.04
India,50.0,Solar,Wiki-Solar,114.31
India,4.0,Solar,Wiki-Solar,7.44
India,5.0,Solar,Wiki-Solar,10.31
India,40.0,Solar,Wiki-Solar,86.74
India,15.0,Solar,Wiki-Solar,30.27
India,30.0,Solar,Wiki-Solar,64.93
India,10.0,Solar,Wiki-Solar,20.25
India,5.0,Solar,Wiki-Solar,9.32
India,420.0,Solar,Wiki-Solar,791.17
India,70.0,Solar,Wiki-Solar,133.89
India,70.0,Solar,Wiki-Solar,133.85
India,260.0,Solar,Wiki-Solar,498.79
India,65.0,Solar,Wiki-Solar,124.28
India,65.0,Solar,Wiki-Solar,124.33
India,560.0,Solar,Wiki-Solar,1054.9
India,200.0,Solar,Wiki-Solar,385.11
India,360.0,Solar,Wiki-Solar,678.15
India,210.0,Solar,Wiki-Solar,404.36
India,60.0,Solar,Wiki-Solar,113.55
India,50.0,Solar,Wiki-Solar,94.69
India,100.0,Solar,Wiki-Solar,192.7
India,10.0,Solar,Wiki-Solar,18.78
India,20.0,Solar,Wiki-Solar,38.8
India,27.6,Solar,Wiki-Solar,51.81
India,5.5,Solar,Wiki-Solar,10.61
India,5.0,Solar,Wiki-Solar,9.53
India,5.0,Solar,Industry About,9.53
India,10.0,Solar,Wiki-Solar,19.01
India,106.0,Solar,Wiki-Solar,233.36
India,15.0,Solar,Wiki-Solar,31.05
India,20.0,Solar,Wiki-Solar,45.49
India,5.0,Solar,Wiki-Solar,9.84
India,40.0,Solar,Wiki-Solar,82.32
India,3.0,Solar,Industry About,5.7
India,51.0,Solar,Wiki-Solar,109.71
India,40.0,Solar,Wiki-Solar,82.89
India,50.0,Solar,Wiki-Solar,103.4
India,10.0,Solar,Wiki-Solar,18.7
India,5.0,Solar,Wiki-Solar,9.92
India,15.0,Solar,Wiki-Solar,33.52
India,8.0,Solar,Wiki-Solar,16.16
India,15.0,Solar,Wiki-Solar,33.71
India,20.0,Solar,Wiki-Solar,44.85
India,5.0,Solar,Wiki-Solar,10.44
India,5.0,Solar,Wiki-Solar,9.88
India,5.0,Solar,Wiki-Solar,9.9
India,8.0,Solar,Wiki-Solar,15.69
India,5.2,Solar,Wiki-Solar,10.13
India,40.0,Solar,Industry About,94.19
India,50.0,Solar,Wiki-Solar,108.61
India,4.2,Solar,Industry About,7.86
India,9.0,Solar,Wiki-Solar,16.84
India,25.0,Solar,Wiki-Solar,50.71
India,1.0,Solar,Industry About,1.72
India,20.0,Solar,Wiki-Solar,42.76
India,10.0,Solar,Wiki-Solar,19.23
India,20.0,Solar,Wiki-Solar,45.54
India,300.0,Hydro,WRI,1050.23
India,540.0,Hydro,WRI,1966.68
India,231.0,Hydro,WRI,847.87
India,36.0,Hydro,WRI,157.87
India,3.75,Hydro,WRI,11.85
India,32.8,Hydro,WRI,139.23
India,240.0,Hydro,WRI,833.9
India,144.0,Hydro,WRI,641.24
India,44.0,Hydro,WRI,164.48
India,110.0,Hydro,WRI,405.93
India,14.9,Solar,Wiki-Solar,29.98
India,25.1,Solar,Wiki-Solar,50.85
India,40.0,Solar,Wiki-Solar,82.51
India,25.0,Solar,Wiki-Solar,50.69
India,10.1,Solar,Wiki-Solar,18.88
India,15.0,Solar,Wiki-Solar,30.16
India,5.0,Solar,Wiki-Solar,9.87
India,50.0,Solar,Wiki-Solar,102.67
India,20.1,Solar,Wiki-Solar,41.08
India,10.0,Solar,Wiki-Solar,18.83
India,50.0,Solar,Wiki-Solar,103.73
India,50.0,Solar,Wiki-Solar,102.76
India,40.0,Solar,Wiki-Solar,82.58
India,5.0,Solar,Wiki-Solar,9.85
India,20.0,Solar,Wiki-Solar,40.88
India,6.0,Solar,Wiki-Solar,11.83
India,51.0,Solar,Wiki-Solar,104.81
India,4.9,Solar,Wiki-Solar,9.63
India,10.0,Solar,Wiki-Solar,18.02
India,39.0,Solar,Wiki-Solar,84.62
India,20.0,Solar,Wiki-Solar,40.98
India,10.0,Solar,Wiki-Solar,19.07
India,20.0,Solar,Wiki-Solar,43.26
India,10.0,Solar,Wiki-Solar,20.86
India,5.0,Solar,Industry About,9.63
India,20.0,Solar,Wiki-Solar,45.64
India,221.0,Solar,Industry About,461.25
India,50.0,Solar,Wiki-Solar,113.0
India,7.0,Solar,Wiki-Solar,13.46
India,36.0,Solar,Wiki-Solar,73.65
India,10.0,Solar,Wiki-Solar,18.72
India,20.0,Solar,Wiki-Solar,44.39
India,20.0,Solar,Wiki-Solar,46.49
India,8.0,Solar,Wiki-Solar,16.58
India,10.0,Solar,Wiki-Solar,18.58
India,8.0,Solar,Wiki-Solar,15.22
India,20.0,Solar,Wiki-Solar,45.04
India,5.0,Solar,Industry About,9.66
India,20.0,Solar,Wiki-Solar,44.9
India,25.0,Solar,Wiki-Solar,47.13
India,10.0,Solar,Wiki-Solar,18.61
India,5.0,Solar,Wiki-Solar,9.82
India,5.0,Solar,Wiki-Solar,9.69
India,20.0,Solar,Wiki-Solar,41.46
India,50.0,Solar,Wiki-Solar,113.93
India,12.0,Solar,Wiki-Solar,24.1
India,10.0,Solar,Wiki-Solar,18.51
India,10.0,Solar,Wiki-Solar,18.15
India,990.0,Hydro,WRI,3702.27
India,33.75,Hydro,WRI,146.51
India,51.0,Hydro,WRI,204.1
India,280.0,Hydro,WRI,1211.69
India,96.0,Hydro,WRI,400.86
India,25.0,Hydro,WRI,109.1
India,75.0,Hydro,WRI,312.86
India,24.0,Hydro,WRI,89.69
India,390.0,Hydro,WRI,1641.71
India,14.0,Solar,Wiki-Solar,25.9
India,5.0,Solar,Industry About,8.94
India,10.0,Solar,Wiki-Solar,20.92
India,25.0,Solar,Wiki-Solar,55.87
India,20.0,Solar,Wiki-Solar,41.12
India,40.0,Solar,Wiki-Solar,84.12
India,45.4,Solar,Wiki-Solar,97.39
India,20.0,Solar,Wiki-Solar,42.7
India,31.0,Solar,Wiki-Solar,66.54
India,4.8,Solar,Wiki-Solar,10.26
India,25.0,Solar,Wiki-Solar,50.99
India,25.0,Solar,Wiki-Solar,47.85
India,12.0,Solar,Wiki-Solar,25.79
India,5.0,Solar,Wiki-Solar,9.72
India,2.0,Solar,Industry About,3.86
India,10.0,Solar,Wiki-Solar,19.21
India,5.7,Solar,Wiki-Solar,11.23
India,12.0,Solar,Wiki-Solar,23.5
India,20.0,Solar,Wiki-Solar,42.5
India,28.2,Solar,Industry About,60.71
India,9.3,Solar,Wiki-Solar,17.39
India,5.0,Solar,Wiki-Solar,9.62
India,6.0,Solar,Wiki-Solar,12.31
India,25.0,Solar,Industry About,52.82
India,5.0,Solar,Industry About,10.24
India,10.0,Solar,Wiki-Solar,20.3
India,25.0,Solar,Wiki-Solar,56.43
India,143.0,Solar,Wiki-Solar,308.44
India,25.0,Solar,Wiki-Solar,53.68
India,9.0,Solar,Wiki-Solar,18.26
India,15.0,Solar,Wiki-Solar,29.35
India,25.0,Solar,Wiki-Solar,52.61
India,1.0,Solar,Industry About,1.6
India,10.0,Solar,Wiki-Solar,18.75
India,30.0,Solar,Wiki-Solar,64.41
India,22.5,Hydro,WRI,103.98
India,6.5,Solar,Wiki-Solar,12.48
India,30.0,Solar,Wiki-Solar,61.78
India,30.0,Solar,Wiki-Solar,61.77
India,10.5,Hydro,WRI,34.12
India,15.0,Hydro,WRI,68.89
India,115.0,Hydro,WRI,485.64
India,77.65,Hydro,WRI,328.66
India,22.5,Hydro,WRI,83.55
India,32.0,Hydro,WRI,137.44
India,250.0,Hydro,WRI,796.23
India,60.0,Hydro,WRI,215.24
India,15.0,Hydro,WRI,65.4
India,10.0,Solar,Wiki-Solar,20.1
India,10.0,Solar,Wiki-Solar,17.37
India,10.0,Solar,Wiki-Solar,17.86
India,12.5,Solar,Wiki-Solar,23.46
India,5.0,Solar,Wiki-Solar,9.7
India,3.0,Solar,Industry About,5.79
India,5.0,Solar,Industry About,9.71
India,15.0,Solar,Wiki-Solar,30.7
India,10.0,Solar,Wiki-Solar,18.59
India,5.9,Solar,Wiki-Solar,11.39
India,20.0,Solar,Wiki-Solar,38.63
India,21.0,Solar,Wiki-Solar,40.86
India,20.0,Solar,Wiki-Solar,39.23
India,1.0,Solar,Industry About,1.75
India,40.0,Solar,Wiki-Solar,91.14
India,7.0,Solar,Wiki-Solar,13.57
India,20.0,Solar,Wiki-Solar,43.34
India,7.6,Solar,Wiki-Solar,14.63
India,7.6,Solar,Wiki-Solar,13.71
India,15.0,Solar,Wiki-Solar,29.89
India,40.0,Solar,Wiki-Solar,93.46
India,39.0,Solar,Wiki-Solar,82.1
India,5.0,Solar,Wiki-Solar,9.29
India,5.0,Solar,Industry About,10.21
India,25.0,Solar,Wiki-Solar,50.95
India,20.0,Solar,Wiki-Solar,42.65
India,4.0,Solar,Wiki-Solar,7.61
India,10.9,Solar,Wiki-Solar,22.55
India,32.0,Solar,Wiki-Solar,70.18
India,60.0,Solar,Wiki-Solar,113.03
India,1.8,Solar,Industry About,3.26
India,5.0,Solar,Industry About,9.74
India,20.0,Solar,Wiki-Solar,43.19
India,15.0,Solar,Wiki-Solar,29.85
India,10.0,Solar,Wiki-Solar,18.89
India,135.0,Solar,Wiki-Solar,315.73
India,3.0,Solar,Industry About,5.82
India,36.0,Hydro,WRI,150.31
India,120.0,Hydro,WRI,483.84
India,347.5,Hydro,WRI,1222.87
India,20.0,Solar,Wiki-Solar,42.56
India,4.0,Solar,Wiki-Solar,7.65
India,14.0,Solar,Wiki-Solar,30.8
India,82.0,Solar,Wiki-Solar,171.66
India,30.0,Solar,Wiki-Solar,61.93
India,100.0,Solar,Wiki-Solar,216.35
India,10.0,Solar,Wiki-Solar,19.99
India,40.0,Solar,Wiki-Solar,76.44
India,20.0,Solar,Wiki-Solar,44.59
India,20.0,Solar,Wiki-Solar,48.22
India,10.0,Solar,Wiki-Solar,20.31
India,20.0,Solar,Industry About,46.59
India,16.2,Solar,Wiki-Solar,36.13
India,20.0,Solar,Wiki-Solar,44.91
India,15.0,Solar,Wiki-Solar,33.76
India,75.0,Hydro,WRI,276.41
India,780.0,Hydro,WRI,2957.46
India,1000.0,Hydro,WRI,5134.22
India,9.0,Solar,Wiki-Solar,17.41
India,10.0,Solar,Wiki-Solar,18.82
India,30.0,Solar,Wiki-Solar,63.8
India,20.0,Solar,Wiki-Solar,46.56
India,7.0,Solar,Wiki-Solar,13.8
India,50.0,Solar,Wiki-Solar,115.19
India,3.0,Solar,Industry About,5.75
India,40.0,Solar,Wiki-Solar,90.67
India,50.0,Solar,Wiki-Solar,111.82
India,75.0,Solar,Wiki-Solar,157.32
India,99.0,Hydro,WRI,447.41
India,36.0,Hydro,WRI,145.43
India,139.2,Hydro,WRI,533.52
India,96.0,Hydro,WRI,385.09
India,15.0,Solar,Industry About,33.66
India,30.0,Solar,Wiki-Solar,61.6
India,5.0,Solar,Wiki-Solar,9.28
India,75.0,Solar,Wiki-Solar,157.59
India,20.0,Solar,Wiki-Solar,42.68
India,20.0,Solar,Wiki-Solar,40.97
India,2.0,Solar,Industry About,3.64
India,10.0,Solar,Wiki-Solar,18.76
India,50.0,Solar,Wiki-Solar,95.81
India,8.4,Solar,Wiki-Solar,15.97
India,400.0,Hydro,WRI,1340.81
India,240.0,Hydro,WRI,867.9
India,150.0,Hydro,WRI,597.01
India,50.0,Hydro,WRI,210.06
India,855.0,Hydro,WRI,3261.42
India,100.0,Hydro,WRI,413.71
India,15.0,Hydro,WRI,73.49
India,4.0,Hydro,WRI,12.86
India,100.0,Hydro,WRI,432.72
India,1000.0,Hydro,WRI,4119.71
India,3.75,Hydro,WRI,13.59
India,16.0,Hydro,WRI,54.25
India,50.0,Hydro,WRI,180.69
India,72.0,Hydro,WRI,312.63
India,41.4,Hydro,WRI,142.99
India,120.0,Hydro,WRI,507.33
India,72.0,Hydro,WRI,264.85
India,330.0,Hydro,WRI,1235.73
India,120.0,Hydro,WRI,400.72
India,100.0,Hydro,WRI,366.56
India,800.0,Hydro,WRI,3000.67
India,200.0,Hydro,WRI,744.52
India,20.0,Hydro,WRI,102.08
India,400.0,Hydro,WRI,1822.89
India,1956.0,Hydro,WRI,6743.2
India,30.0,Hydro,WRI,131.0
India,50.0,Solar,Wiki-Solar,108.85
India,100.0,Solar,Wiki-Solar,220.42
India,500.0,Solar,Wiki-Solar,1063.7
India,50.0,Solar,Wiki-Solar,108.77
India,350.0,Solar,Wiki-Solar,743.97
India,555.0,Hydro,WRI,2205.12
India,21.0,Hydro,WRI,80.03
India,125.0,Hydro,WRI,415.97
India,40.0,Solar,Wiki-Solar,86.84
India,40.0,Solar,Wiki-Solar,82.94
India,5.0,Solar,Wiki-Solar,9.81
India,30.0,Solar,Wiki-Solar,63.72
India,25.0,Solar,Wiki-Solar,52.68
India,30.0,Solar,Wiki-Solar,64.62
India,115.9,Solar,Wiki-Solar,246.19
India,50.0,Solar,Wiki-Solar,104.24
India,10.9,Solar,Wiki-Solar,22.34
India,40.0,Solar,Wiki-Solar,86.89
India,50.0,Solar,Wiki-Solar,102.8
India,15.0,Solar,Wiki-Solar,30.36
India,10.0,Solar,Wiki-Solar,18.04
India,24.1,Solar,Wiki-Solar,51.21
India,23.0,Solar,Wiki-Solar,48.44
India,50.0,Solar,Wiki-Solar,107.39
India,34.0,Solar,Wiki-Solar,72.75
India,50.0,Solar,Wiki-Solar,107.07
India,11.2,Solar,Wiki-Solar,23.2
India,30.0,Solar,Wiki-Solar,64.16
India,30.0,Solar,Wiki-Solar,64.19
India,648.0,Solar,Industry About,1317.35
India,20.0,Solar,Wiki-Solar,42.87
India,20.0,Solar,Wiki-Solar,45.63
India,15.0,Solar,Wiki-Solar,34.16
India,14.0,Solar,Wiki-Solar,27.51
India,20.0,Solar,Wiki-Solar,42.92
India,5.0,Solar,Wiki-Solar,8.78
India,10.2,Solar,Wiki-Solar,19.08
India,10.0,Solar,Wiki-Solar,18.45
India,5.0,Solar,Wiki-Solar,10.41
India,15.0,Solar,Industry About,29.85
India,10.0,Solar,Wiki-Solar,18.48
India,50.0,Solar,Wiki-Solar,106.72
India,5.0,Solar,Industry About,9.94
India,40.0,Solar,Industry About,84.02
India,20.0,Solar,Wiki-Solar,41.59
India,2.0,Solar,Industry About,3.8
India,4.0,Solar,Wiki-Solar,7.47
India,40.0,Solar,Wiki-Solar,86.18
India,24.0,Solar,Wiki-Solar,45.56
India,28.8,Solar,Wiki-Solar,61.49
India,49.0,Solar,Wiki-Solar,101.85
India,10.0,Solar,Wiki-Solar,17.95
India,20.0,Solar,Wiki-Solar,39.34
India,10.0,Solar,Industry About,18.2
India,25.0,Solar,Wiki-Solar,47.74
India,5.2,Solar,Industry About,10.81
India,80.0,Solar,Wiki-Solar,165.95
India,5.0,Solar,Wiki-Solar,9.58
India,20.0,Solar,Industry About,38.78
India,10.0,Solar,Industry About,18.84
India,15.0,Solar,Wiki-Solar,29.31
India,25.0,Solar,Industry About,53.74
India,5.0,Solar,Wiki-Solar,9.34
India,5.0,Solar,Industry About,9.81
India,15.0,Solar,Industry About,30.69
India,1.0,Solar,Industry About,1.78
India,12.5,Solar,Wiki-Solar,24.03
India,4.5,Solar,Wiki-Solar,8.62
India,24.0,Solar,Wiki-Solar,46.08
India,15.0,Solar,Wiki-Solar,31.71
India,50.0,Solar,Wiki-Solar,108.73
India,6.6,Solar,Wiki-Solar,12.85
India,5.0,Solar,Wiki-Solar,10.27
India,1.0,Solar,Industry About,1.76
India,30.0,Solar,Wiki-Solar,68.48
India,5.0,Solar,Wiki-Solar,9.65
India,20.0,Solar,Wiki-Solar,42.45
India,100.0,Solar,Wiki-Solar,216.78
India,10.0,Solar,Wiki-Solar,18.96
India,15.6,Solar,Wiki-Solar,31.06
India,10.0,Solar,Wiki-Solar,19.61
India,50.0,Solar,Wiki-Solar,104.72
India,5.5,Solar,Wiki-Solar,11.51
India,6.0,Solar,Wiki-Solar,12.55
India,10.0,Solar,Wiki-Solar,18.5
India,50.0,Solar,Wiki-Solar,107.35
India,48.0,Solar,Wiki-Solar,99.02
India,50.0,Solar,Wiki-Solar,103.52
India,50.0,Solar,Wiki-Solar,103.91
India,126.0,Hydro,WRI,554.79
India,55.0,Hydro,WRI,229.79
India,105.0,Hydro,WRI,414.67
India,105.0,Hydro,WRI,508.78
India,240.0,Hydro,WRI,1032.68
India,120.0,Hydro,WRI,479.19
India,180.0,Hydro,WRI,720.23
India,460.0,Hydro,WRI,2021.28
India,50.0,Solar,Wiki-Solar,107.44
India,2.1,Solar,Industry About,3.81
India,20.0,Solar,Industry About,39.23
India,1.0,Solar,Industry About,1.7
India,4.1,Solar,Wiki-Solar,7.15
India,40.0,Solar,Wiki-Solar,92.08
India,15.0,Solar,Wiki-Solar,31.25
India,30.0,Solar,Wiki-Solar,63.55
India,13.0,Solar,Wiki-Solar,25.07
India,114.75,Hydro,WRI,463.71
India,4.5,Hydro,WRI,21.91
India,60.0,Hydro,WRI,269.04
India,140.0,Hydro,WRI,523.16
India,63.2,Hydro,WRI,249.93
India,186.0,Hydro,WRI,709.59
India,9.0,Hydro,WRI,47.16
India,394.0,Hydro,WRI,1388.05
India,9.0,Hydro,WRI,46.64
India,6.0,Hydro,WRI,18.68
India,12.0,Hydro,WRI,58.78
India,30.6,Hydro,WRI,141.42
India,250.0,Hydro,WRI,918.41
India,36.0,Hydro,WRI,146.48
India,50.0,Solar,Wiki-Solar,108.21
India,207.0,Hydro,WRI,945.14
India,28.3,Hydro,WRI,120.7
India,126.0,Hydro,WRI,394.68
India,20.0,Solar,Wiki-Solar,42.34
India,50.0,Solar,Wiki-Solar,96.53
India,20.0,Solar,Wiki-Solar,40.99
India,50.0,Solar,Wiki-Solar,102.92
India,20.0,Solar,Wiki-Solar,41.07
India,50.0,Solar,Wiki-Solar,103.09
India,24.0,Solar,Wiki-Solar,45.32
India,48.0,Solar,Wiki-Solar,99.29
India,6.6,Solar,Industry About,13.88
India,25.9,Solar,Wiki-Solar,59.96
India,4.0,Solar,Wiki-Solar,7.86
India,4.0,Solar,Wiki-Solar,7.72
India,20.0,Solar,Wiki-Solar,46.59
India,20.0,Solar,Wiki-Solar,40.32
India,12.0,Solar,Wiki-Solar,24.08
India,20.0,Solar,Wiki-Solar,42.47
India,8.1,Solar,Wiki-Solar,15.45
India,20.0,Solar,Wiki-Solar,44.79
India,10.0,Solar,Wiki-Solar,18.06
India,18.0,Solar,Wiki-Solar,37.52
India,5.0,Solar,Wiki-Solar,10.15
India,10.1,Solar,Wiki-Solar,18.24
India,50.0,Solar,Wiki-Solar,108.09
India,100.0,Solar,Wiki-Solar,218.89
India,50.0,Solar,Wiki-Solar,108.28
India,2.1,Solar,Industry About,4.05
India,1.0,Solar,Industry About,1.73
India,75.0,Solar,Wiki-Solar,156.48
India,17.0,Solar,Industry About,39.98
India,6.0,Solar,Wiki-Solar,11.55
India,50.0,Solar,Wiki-Solar,117.11
India,10.0,Solar,Wiki-Solar,20.35
India,50.0,Solar,Wiki-Solar,107.28
India,15.0,Solar,Wiki-Solar,29.91
India,40.0,Solar,Wiki-Solar,83.75
India,5.0,Solar,Wiki-Solar,10.01
India,20.0,Solar,Wiki-Solar,41.11
India,20.0,Solar,Wiki-Solar,44.68
India,30.0,Solar,Wiki-Solar,67.81
India,50.0,Solar,Wiki-Solar,116.3
India,50.0,Solar,Wiki-Solar,108.86
India,20.0,Solar,Wiki-Solar,43.4
India,20.0,Solar,Wiki-Solar,46.57
India,20.0,Solar,Wiki-Solar,42.44
India,3.0,Solar,Industry About,5.66
India,7.7,Solar,Wiki-Solar,14.48
India,9.3,Solar,Wiki-Solar,19.82
India,5.0,Solar,Wiki-Solar,9.79
India,21.0,Solar,Industry About,40.69
India,21.0,Solar,Wiki-Solar,39.63
India,20.0,Solar,Wiki-Solar,41.01
India,8.0,Solar,Wiki-Solar,15.57
India,4.0,Solar,Wiki-Solar,7.48
India,815.6,Hydro,WRI,3636.66
India,50.0,Hydro,WRI,222.88
India,11.6,Hydro,WRI,60.04
India,45.0,Hydro,WRI,304.64
India,1500.0,Hydro,WRI,6403.23
India,40.0,Hydro,WRI,177.89
India,45.0,Hydro,WRI,189.71
India,10.0,Hydro,WRI,48.97
India,100.0,Solar,Wiki-Solar,208.81
India,150.0,Solar,Wiki-Solar,328.0
India,200.0,Solar,Wiki-Solar,432.95
India,100.0,Solar,Wiki-Solar,219.04
India,500.0,Solar,Wiki-Solar,1049.03
India,6.0,Hydro,WRI,29.69
India,60.0,Hydro,WRI,267.45
India,90.0,Hydro,WRI,406.33
India,10.0,Solar,Wiki-Solar,18.18
India,4.1,Solar,Wiki-Solar,7.61
India,5.0,Solar,Wiki-Solar,10.14
India,5.8,Solar,Industry About,11.49
India,40.0,Solar,Wiki-Solar,97.16
India,20.0,Solar,Wiki-Solar,42.72
India,24.0,Solar,Wiki-Solar,51.22
India,60.0,Solar,Wiki-Solar,125.73
India,50.0,Solar,Wiki-Solar,105.23
India,12.3,Solar,Wiki-Solar,24.28
India,131.0,Solar,Wiki-Solar,287.92
India,7.6,Solar,Wiki-Solar,14.9
India,10.0,Solar,Wiki-Solar,19.0
India,4.5,Solar,Wiki-Solar,8.61
India,65.0,Solar,Wiki-Solar,135.41
India,10.0,Solar,Wiki-Solar,18.74
India,50.0,Solar,Wiki-Solar,107.09
India,50.0,Solar,Industry About,95.03
India,5.0,Solar,Industry About,9.7
India,9.0,Solar,Wiki-Solar,17.17
India,99.0,Hydro,WRI,443.21
India,15.0,Solar,Wiki-Solar,31.38
India,520.0,Hydro,WRI,2679.25
India,15.0,Solar,Wiki-Solar,30.69
India,12.0,Hydro,WRI,66.3
India,37.5,Hydro,WRI,164.77
India,80.0,Hydro,WRI,331.52
India,30.0,Hydro,WRI,134.51
India,32.0,Hydro,WRI,119.87
India,520.0,Hydro,WRI,1637.65
India,30.0,Hydro,WRI,109.92
India,20.4,Hydro,WRI,73.61
India,10.0,Hydro,WRI,33.83
India,160.0,Hydro,WRI,619.82
India,20.0,Hydro,WRI,74.84
India,161.0,Hydro,WRI,538.41
India,36.0,Hydro,WRI,113.3
India,396.0,Hydro,WRI,1657.15
India,32.0,Hydro,WRI,145.08
India,16.0,Hydro,WRI,85.77
India,234.0,Hydro,WRI,1006.86
India,120.0,Hydro,WRI,406.33
India,900.0,Hydro,WRI,3020.66
India,59.2,Hydro,WRI,212.37
India,150.0,Hydro,WRI,492.35
India,50.0,Solar,Wiki-Solar,107.98
India,50.0,Solar,Wiki-Solar,108.16
India,300.0,Solar,Wiki-Solar,644.26
India,30.0,Solar,Wiki-Solar,67.72
India,25.0,Solar,Wiki-Solar,57.65
India,30.0,Solar,Wiki-Solar,69.74
India,10.0,Solar,Wiki-Solar,18.97
India,5.0,Solar,Industry About,10.35
India,5.5,Solar,Wiki-Solar,10.7
India,5.0,Solar,Wiki-Solar,9.75
India,30.0,Solar,Wiki-Solar,64.1
India,10.0,Solar,Wiki-Solar,18.93
India,5.0,Solar,Wiki-Solar,9.86
India,50.0,Solar,Wiki-Solar,113.14
India,4.1,Solar,Wiki-Solar,7.59
India,10.0,Solar,Wiki-Solar,18.0
India,1.0,Solar,Industry About,1.62
India,4.4,Solar,Wiki-Solar,8.27
India,22.6,Solar,Wiki-Solar,42.56
India,11.0,Solar,Wiki-Solar,24.85
India,40.0,Solar,Industry About,76.24
India,5.0,Solar,Wiki-Solar,9.64
India,100.0,Solar,Industry About,193.42
India,50.0,Solar,Wiki-Solar,103.03
India,9.0,Solar,Industry About,16.83
India,15.2,Solar,Industry About,29.75
India,20.0,Solar,Wiki-Solar,42.41
India,15.0,Solar,Wiki-Solar,30.09
India,50.0,Solar,Wiki-Solar,108.22
India,19.0,Solar,Industry About,37.39
India,40.0,Solar,Wiki-Solar,82.45
India,40.0,Solar,Wiki-Solar,82.85
India,10.0,Solar,Wiki-Solar,18.91
India,172.0,Hydro,WRI,655.86
India,4.8,Hydro,WRI,25.28
India,45.0,Hydro,WRI,214.57
India,198.0,Hydro,WRI,763.67
India,50.0,Hydro,WRI,189.73
India,412.02,Hydro,WRI,1548.25
India,405.0,Hydro,WRI,1762.36
India,60.0,Hydro,WRI,241.27
India,600.0,Hydro,WRI,2265.42
India,250.0,Hydro,WRI,907.61
India,300.0,Hydro,WRI,1147.03
India,6.0,Hydro,WRI,33.9
India,250.0,Solar,Wiki-Solar,543.13
India,250.0,Solar,Wiki-Solar,543.94
India,250.0,Solar,Wiki-Solar,544.6
India,5.0,Solar,Wiki-Solar,9.77
India,9.0,Solar,Wiki-Solar,17.09
India,15.0,Solar,Wiki-Solar,34.43
India,50.0,Solar,Industry About,108.72
India,16.5,Solar,Industry About,34.63
India,100.0,Solar,Wiki-Solar,217.07
India,2.0,Solar,Industry About,3.84
India,20.0,Solar,Wiki-Solar,45.89
India,10.0,Solar,Industry About,18.59
India,15.0,Solar,Wiki-Solar,30.85
India,30.0,Solar,Wiki-Solar,61.35
India,7.0,Solar,Wiki-Solar,13.64
India,40.0,Solar,Wiki-Solar,93.38
India,5.0,Solar,Industry About,9.69
India,1.0,Solar,Industry About,1.74
India,50.0,Solar,Industry About,94.69
India,10.0,Solar,Wiki-Solar,18.79
India,25.0,Solar,Wiki-Solar,47.29
India,5.1,Solar,Wiki-Solar,9.86
India,5.5,Solar,Wiki-Solar,10.66
India,5.0,Solar,Wiki-Solar,9.98
India,15.0,Solar,Wiki-Solar,31.36
India,20.0,Solar,Wiki-Solar,42.35
India,30.5,Solar,Industry About,66.16
India,250.0,Hydro,WRI,1119.9
India,1200.0,Hydro,WRI,5037.55
India,300.0,Hydro,WRI,952.79
India,690.0,Hydro,WRI,2863.74
India,120.0,Hydro,WRI,392.46
India,30.0,Hydro,WRI,110.77
India,48.0,Hydro,WRI,211.26
India,20.0,Hydro,WRI,76.22
India,120.0,Hydro,WRI,376.43
India,9.0,Hydro,WRI,49.18
India,110.0,Hydro,WRI,408.83
India,1035.0,Hydro,WRI,3778.43
India,240.0,Hydro,WRI,859.39
India,17.2,Hydro,WRI,71.01
India,54.0,Hydro,WRI,193.72
India,70.0,Hydro,WRI,428.17
India,15.0,Hydro,WRI,65.65
India,42.0,Hydro,WRI,173.96
India,330.0,Hydro,WRI,1373.55
India,770.0,Hydro,WRI,3433.33
India,900.0,Hydro,WRI,4012.99
India,4.0,Hydro,WRI,15.7
India,130.0,Hydro,WRI,385.19
India,35.0,Hydro,WRI,127.72
India,6.0,Hydro,WRI,18.52
India,20.0,Solar,Wiki-Solar,42.9
India,24.0,Solar,Wiki-Solar,50.44
India,5.0,Solar,Industry About,9.72
India,50.0,Solar,Wiki-Solar,115.03
India,100.0,Solar,Industry About,216.48
India,25.0,Solar,Industry About,52.73
India,11.0,Solar,Wiki-Solar,21.73
India,5.5,Solar,Wiki-Solar,9.62
India,10.0,Solar,Wiki-Solar,17.46
India,30.0,Solar,Wiki-Solar,61.32
India,70.0,Solar,Wiki-Solar,150.58
India,39.0,Solar,Wiki-Solar,83.65
India,10.0,Solar,Wiki-Solar,18.46
India,16.2,Solar,Wiki-Solar,32.07
India,40.0,Solar,Wiki-Solar,90.37
India,6.0,Solar,Wiki-Solar,12.13
India,20.0,Solar,Wiki-Solar,38.81
India,100.0,Solar,Wiki-Solar,198.29
India,50.0,Solar,Wiki-Solar,104.66
India,25.0,Solar,Wiki-Solar,51.22
India,20.0,Solar,Wiki-Solar,44.96
India,100.0,Solar,Wiki-Solar,211.47
India,5.0,Solar,Wiki-Solar,9.54
India,10.0,Solar,Wiki-Solar,18.67
India,100.0,Solar,Wiki-Solar,210.24
India,20.0,Solar,Wiki-Solar,46.47
India,10.0,Solar,Industry About,20.01
India,20.0,Solar,Wiki-Solar,45.7
India,8.5,Solar,Industry About,17.34
India,52.0,Solar,Wiki-Solar,119.26
India,5.0,Solar,Industry About,10.31
India,5.0,Solar,Industry About,9.62
India,5.0,Solar,Industry About,9.54
India,10.0,Solar,Wiki-Solar,18.2
India,40.0,Solar,Wiki-Solar,94.17
India,50.0,Solar,Wiki-Solar,103.05
India,15.0,Solar,Wiki-Solar,34.18
India,15.0,Solar,Industry About,31.3
India,30.0,Solar,Wiki-Solar,62.2
India,20.0,Solar,Wiki-Solar,42.85
India,5.0,Solar,Industry About,9.89
India,15.0,Solar,Industry About,29.41
India,20.0,Solar,Wiki-Solar,41.02
India,17.6,Solar,Wiki-Solar,35.74
India,20.0,Solar,Wiki-Solar,40.92
India,2.0,Solar,Industry About,3.81
India,25.0,Solar,Wiki-Solar,51.17
India,30.0,Solar,Wiki-Solar,56.65
India,25.0,Solar,Wiki-Solar,53.74
India,94.2,Hydro,WRI,452.99
India,97.0,Hydro,WRI,373.78
India,13.5,Hydro,WRI,69.92
India,67.5,Hydro,WRI,281.45
India,510.0,Hydro,WRI,1978.32
India,160.0,Hydro,WRI,663.33
India,132.0,Hydro,WRI,547.25
India,1200.0,Hydro,WRI,5176.29
India,1000.0,Hydro,WRI,4539.17
India,4.5,Hydro,WRI,19.57
India,60.0,Hydro,WRI,218.95
India,4.0,Hydro,WRI,16.92
India,60.0,Hydro,WRI,247.26
India,30.0,Solar,Wiki-Solar,63.93
India,15.0,Solar,Wiki-Solar,30.86
India,15.0,Solar,Wiki-Solar,28.54
India,100.0,Solar,Wiki-Solar,219.29
India,25.0,Solar,Wiki-Solar,53.31
India,50.0,Solar,Wiki-Solar,113.97
India,30.0,Solar,Wiki-Solar,66.98
India,14.0,Solar,Wiki-Solar,26.8
India,21.0,Solar,Wiki-Solar,41.89
India,11.0,Solar,Wiki-Solar,21.57
India,10.0,Solar,Wiki-Solar,19.65
India,25.0,Solar,Wiki-Solar,48.26
India,22.0,Solar,Industry About,41.84
India,35.0,Solar,Wiki-Solar,67.1
India,4.9,Solar,Wiki-Solar,9.47
India,50.0,Solar,Wiki-Solar,103.13
India,8.0,Solar,Wiki-Solar,15.15
India,5.1,Solar,Wiki-Solar,10.47
India,10.2,Solar,Wiki-Solar,20.38
India,5.0,Solar,Industry About,9.84
India,5.2,Solar,Wiki-Solar,10.21
India,50.0,Solar,Wiki-Solar,104.16
India,8.5,Solar,Wiki-Solar,16.2
India,5.0,Solar,Wiki-Solar,9.61
India,20.0,Solar,Wiki-Solar,44.0
India,91.35,Hydro,WRI,406.31
India,8.0,Hydro,WRI,27.06
India,12.0,Hydro,WRI,56.23
India,5.0,Hydro,WRI,21.71
India,300.0,Hydro,WRI,922.38
India,96.0,Hydro,WRI,396.22
India,11.2,Hydro,WRI,54.18
India,600.0,Hydro,WRI,1856.65
India,320.0,Hydro,WRI,1093.82
India,240.0,Hydro,WRI,844.16
India,105.0,Hydro,WRI,531.08
India,480.0,Hydro,WRI,2068.22
India,240.0,Hydro,WRI,1042.59
India,20.0,Solar,Wiki-Solar,38.76
India,5.5,Solar,Wiki-Solar,11.33
India,25.0,Solar,Wiki-Solar,48.03
India,13.5,Hydro,WRI,56.8
India,460.0,Hydro,WRI,1671.71
India,9.0,Hydro,WRI,43.9
India,400.0,Hydro,WRI,1424.08
India,5.0,Solar,Wiki-Solar,10.35
India,80.0,Solar,Wiki-Solar,188.06
India,100.0,Solar,Wiki-Solar,235.6
India,100.0,Solar,Wiki-Solar,220.21
India,70.0,Solar,Wiki-Solar,153.19
India,100.0,Solar,Wiki-Solar,233.85
India,5.0,Solar,Industry About,9.77
India,9.0,Solar,Wiki-Solar,17.1
India,70.0,Solar,Wiki-Solar,152.55
India,5.0,Solar,Wiki-Solar,9.74
India,23.0,Solar,Wiki-Solar,48.45
India,50.0,Solar,Wiki-Solar,107.18
India,62.4,Hydro,WRI,269.08
India,42.0,Solar,Wiki-Solar,87.17
India,15.0,Solar,Industry About,30.95
India,50.0,Solar,Wiki-Solar,117.38
India,50.0,Solar,Wiki-Solar,104.26
India,25.0,Solar,Industry About,52.61
India,3.0,Solar,Industry About,5.83
India,50.0,Solar,Wiki-Solar,116.74
India,50.0,Solar,Wiki-Solar,113.57
India,10.0,Solar,Wiki-Solar,20.22
Indonesia,180.0,Hydro,WRI,614.23
Indonesia,126.0,Hydro,CARMA,423.6
Indonesia,130.0,Hydro,CARMA,338.09
Indonesia,3.85,Hydro,CARMA,13.0
Indonesia,92.8,Hydro,WRI,268.15
Indonesia,20.1,Hydro,WRI,60.04
Indonesia,19.2,Hydro,CARMA,70.7
Indonesia,1008.0,Hydro,WRI,3426.09
Indonesia,3.2,Hydro,CARMA,6.65
Indonesia,2.7,Hydro,CARMA,9.34
Indonesia,186.0,Hydro,GEODB,670.77
Indonesia,8.04,Hydro,CARMA,33.59
Indonesia,1.117,Hydro,CARMA,3.78
Indonesia,114.0,Hydro,WRI,419.08
Indonesia,18.9,Hydro,CARMA,69.59
Indonesia,19.56,Hydro,CARMA,72.02
Indonesia,165.0,Hydro,CARMA,487.39
Indonesia,82.0,Hydro,CARMA,281.58
Indonesia,4.5,Hydro,CARMA,17.16
Indonesia,123.0,Hydro,CARMA,319.89
Indonesia,23.0,Hydro,CARMA,89.18
Indonesia,215.475,Hydro,GEODB,561.45
Indonesia,2.2,Hydro,CARMA,7.89
Indonesia,180.9,Hydro,GEODB,574.49
Indonesia,1.4,Hydro,CARMA,2.83
Indonesia,6.87,Hydro,CARMA,24.7
Indonesia,30.0,Hydro,WRI,102.63
Indonesia,700.72,Hydro,GEODB,2110.52
Indonesia,1.0,Hydro,CARMA,3.35
Indonesia,29.0,Hydro,CARMA,99.96
Indonesia,1.4,Hydro,CARMA,3.78
Indonesia,286.0,Hydro,WRI,870.63
Indonesia,175.0,Hydro,CARMA,551.31
Indonesia,50.0,Hydro,CARMA,160.65
Indonesia,105.0,Hydro,WRI,371.79
Indonesia,317.0,Hydro,WRI,965.0
Indonesia,12.0,Hydro,CARMA,36.17
Indonesia,36.0,Hydro,CARMA,125.46
Indonesia,18.36,Hydro,CARMA,67.6
Indonesia,54.0,Hydro,CARMA,158.18
Indonesia,6.3,Hydro,CARMA,24.89
Iran,90.0,Hydro,GEODB,117.76
Iran,7.0,Solar,Wiki-Solar,14.07
Iran,10.0,Solar,Wiki-Solar,20.8
Iran,520.0,Hydro,GEODB,1041.2
Iran,10.0,Hydro,CARMA,18.41
Iran,130.0,Hydro,WRI,410.45
Iran,10.0,Solar,Wiki-Solar,20.96
Iran,10.0,Solar,Wiki-Solar,20.53
Iran,32.0,Hydro,CARMA,45.95
Iran,115.5,Hydro,GEODB,251.1
Iran,400.0,Hydro,WRI,701.11
Iran,2000.0,Hydro,GEODB,5104.31
Iran,765.0,Hydro,WRI,1592.49
Iran,7.0,Solar,Wiki-Solar,14.39
Iran,39.0,Hydro,GEODB,85.26
Iran,10.0,Solar,Wiki-Solar,20.99
Iran,45.0,Hydro,GEODB,59.83
Iran,20.0,Solar,Wiki-Solar,44.34
Iran,75.0,Hydro,CARMA,139.26
Iran,2000.0,Hydro,GEODB,5660.39
Iran,87.0,Hydro,CARMA,123.76
Iran,480.0,Hydro,WRI,1009.2
Iran,2000.0,Hydro,WRI,5644.99
Iran,13.0,Hydro,CARMA,21.35
Iran,1040.0,Hydro,WRI,1920.8
Iran,1016.0,Hydro,GEODB,3069.19
Iran,17.0,Solar,GEODB,38.42
Iraq,27.0,Hydro,WRI,68.13
Iraq,248.0,Hydro,WRI,806.99
Iraq,400.0,Hydro,WRI,629.24
Iraq,660.0,Hydro,WRI,2215.24
Iraq,50.0,Hydro,WRI,149.45
Iraq,1052.0,Hydro,WRI,3455.13
Iraq,62.0,Hydro,WRI,204.66
Iraq,75.0,Hydro,WRI,289.65
Ireland,7.6,Wind,WRI,15.77
Ireland,86.0,Hydro,GEODB,308.53
Ireland,13.3,Wind,WRI,46.0
Ireland,2.55,Wind,WRI,4.92
Ireland,42.0,Wind,WRI,131.86
Ireland,6.45,Wind,WRI,12.61
Ireland,48.0,Wind,WRI,138.92
Ireland,57.0,Wind,WRI,210.05
Ireland,41.4,Wind,WRI,172.03
Ireland,41.4,Wind,WRI,141.59
Ireland,1.6,Wind,WRI,5.86
Ireland,3.4,Wind,WRI,7.85
Ireland,60.0,Wind,WRI,185.58
Ireland,8.0,Wind,WRI,20.47
Ireland,42.5,Wind,WRI,162.42
Ireland,5.0,Wind,WRI,10.39
Ireland,32.5,Wind,WRI,132.34
Ireland,45.0,Wind,WRI,140.81
Ireland,5.9,Wind,WRI,13.6
Ireland,27.0,Hydro,CARMA,75.26
Ireland,4.5,Wind,WRI,15.77
Ireland,54.0,Wind,WRI,187.49
Ireland,2.4,Wind,WRI,6.17
Ireland,72.0,Wind,WRI,213.13
Ireland,34.5,Wind,WRI,112.54
Ireland,18.7,Wind,WRI,58.08
Ireland,25.3,Wind,WRI,78.71
Ireland,22.0,Wind,WRI,93.24
Ireland,292.0,Hydro,GEODB,643.39
Israel,30.0,Solar,Wiki-Solar,62.16
Israel,5.0,Solar,Wiki-Solar,11.05
Israel,7.0,Solar,Wiki-Solar,14.47
Israel,6.3,Solar,Wiki-Solar,11.7
Israel,6.0,Solar,Wiki-Solar,11.41
Israel,4.5,Solar,WRI,8.18
Israel,6.3,Solar,Wiki-Solar,11.63
Israel,4.9,Solar,Wiki-Solar,9.25
Israel,8.9,Solar,Wiki-Solar,18.96
Israel,6.0,Solar,Wiki-Solar,11.57
Israel,6.0,Solar,Wiki-Solar,12.35
Israel,7.8,Solar,Wiki-Solar,15.64
Israel,7.0,Solar,Wiki-Solar,13.38
Israel,10.0,Solar,Wiki-Solar,17.04
Israel,6.0,Solar,Wiki-Solar,13.66
Israel,18.0,Solar,Wiki-Solar,38.03
Israel,18.0,Solar,Wiki-Solar,38.16
Israel,10.9,Solar,Wiki-Solar,22.87
Israel,5.0,Solar,Wiki-Solar,9.71
Israel,6.3,Solar,Wiki-Solar,12.99
Israel,10.9,Solar,Wiki-Solar,22.74
Israel,6.7,Solar,Wiki-Solar,12.44
Italy,19.0,Hydro,WRI,36.22
Italy,31.0,Solar,Industry About,51.27
Italy,500.0,Hydro,GEODB,827.82
Italy,56.0,Hydro,WRI,160.44
Italy,126.5,Hydro,CARMA,296.34
Italy,1.0,Solar,Industry About,1.73
Italy,8.8,Solar,Wiki-Solar,17.01
Italy,2.2,Solar,Industry About,3.77
Italy,4.4,Solar,Wiki-Solar,7.79
Italy,5.0,Solar,Industry About,7.82
Italy,1.2,Solar,Industry About,1.75
Italy,2.7,Solar,Industry About,5.21
Italy,25.0,Solar,Industry About,41.85
Italy,5.0,Solar,Wiki-Solar,9.51
Italy,8.8,Solar,Wiki-Solar,16.11
Italy,1.0,Solar,Industry About,1.62
Italy,6.7,Solar,Wiki-Solar,11.17
Italy,1.0,Solar,Industry About,1.68
Italy,1.0,Solar,Industry About,1.67
Italy,4.7,Solar,Wiki-Solar,9.64
Italy,26.0,Solar,Wiki-Solar,48.06
Italy,281.0,Hydro,CARMA,630.13
Italy,80.0,Hydro,WRI,203.67
Italy,95.0,Hydro,WRI,250.58
Italy,89.0,Hydro,WRI,224.09
Italy,5.0,Solar,Wiki-Solar,7.41
Italy,9.4,Solar,Wiki-Solar,14.19
Italy,5.0,Solar,Industry About,9.58
Italy,6.0,Solar,Industry About,10.42
Italy,9.2,Solar,Industry About,17.23
Italy,10.5,Solar,Wiki-Solar,19.21
Italy,5.9,Solar,Wiki-Solar,10.21
Italy,6.5,Solar,Industry About,10.06
Italy,7.2,Solar,Wiki-Solar,13.7
Italy,15.0,Solar,Wiki-Solar,29.36
Italy,30.0,Solar,Wiki-Solar,57.6
Italy,6.0,Solar,Wiki-Solar,11.44
Italy,10.0,Solar,Wiki-Solar,18.43
Italy,5.0,Solar,Wiki-Solar,9.56
Italy,6.5,Solar,Wiki-Solar,12.34
Italy,6.6,Solar,Wiki-Solar,12.53
Italy,20.0,Solar,Wiki-Solar,41.68
Italy,6.0,Solar,Wiki-Solar,11.59
Italy,68.0,Hydro,WRI,188.36
Italy,113.0,Hydro,CARMA,322.17
Italy,121.0,Hydro,CARMA,271.97
Italy,87.0,Hydro,WRI,254.7
Italy,83.0,Hydro,WRI,190.04
Italy,130.0,Hydro,CARMA,322.37
Italy,175.0,Hydro,CARMA,446.84
Italy,60.0,Hydro,WRI,163.97
Italy,229.9,Hydro,CARMA,530.5
Italy,98.0,Hydro,WRI,265.12
Italy,11.0,Solar,Wiki-Solar,21.91
Italy,6.0,Solar,Wiki-Solar,10.08
Italy,4.8,Solar,Wiki-Solar,8.74
Italy,5.5,Solar,Wiki-Solar,8.28
Italy,9.9,Solar,Wiki-Solar,15.06
Italy,6.1,Solar,Wiki-Solar,9.13
Italy,1.0,Solar,Industry About,1.76
Italy,1.2,Solar,Industry About,1.67
Italy,4.1,Solar,Wiki-Solar,5.59
Italy,4.3,Solar,Wiki-Solar,6.21
Italy,4.5,Solar,Wiki-Solar,6.29
Italy,8.8,Solar,Wiki-Solar,13.96
Italy,4.3,Solar,Wiki-Solar,6.35
Italy,20.0,Solar,Wiki-Solar,34.87
Italy,14.0,Solar,Wiki-Solar,26.76
Italy,9.9,Solar,Wiki-Solar,18.62
Italy,8.5,Solar,Wiki-Solar,15.92
Italy,8.0,Solar,Wiki-Solar,13.36
Italy,42.7,Solar,Wiki-Solar,82.27
Italy,8.0,Solar,Wiki-Solar,13.59
Italy,4.9,Solar,Wiki-Solar,9.46
Italy,4.0,Solar,Industry About,7.16
Italy,6.8,Solar,Wiki-Solar,12.41
Italy,5.2,Solar,Wiki-Solar,9.02
Italy,18.2,Solar,Wiki-Solar,30.48
Italy,5.7,Solar,Wiki-Solar,9.94
Italy,4.4,Solar,Wiki-Solar,7.07
Italy,13.2,Solar,Wiki-Solar,26.22
Italy,12.0,Solar,Wiki-Solar,23.5
Italy,6.2,Solar,Wiki-Solar,9.62
Italy,12.6,Solar,Wiki-Solar,21.86
Italy,950.0,Hydro,GEODB,2157.67
Italy,65.0,Solar,Industry About,103.9
Italy,125.0,Hydro,GEODB,310.58
Italy,1064.0,Hydro,GEODB,2450.31
Italy,16.0,Solar,Wiki-Solar,23.05
Italy,18.4,Solar,Industry About,39.7
Italy,210.0,Hydro,CARMA,488.31
Italy,8.0,Solar,Wiki-Solar,15.2
Italy,11.7,Solar,Wiki-Solar,20.39
Italy,12.0,Solar,Wiki-Solar,21.0
Italy,33.3,Solar,Wiki-Solar,62.18
Italy,1.0,Solar,Industry About,1.7
Italy,6.3,Solar,Wiki-Solar,11.49
Italy,5.0,Solar,Industry About,7.6
Italy,8.0,Solar,Wiki-Solar,13.98
Italy,295.0,Hydro,WRI,612.5
Italy,137.2,Hydro,CARMA,366.0
Italy,14.0,Solar,Industry About,26.3
Italy,655.0,Hydro,WRI,1424.05
Italy,80.0,Hydro,WRI,183.17
Italy,7.0,Solar,Wiki-Solar,13.64
Italy,9.6,Solar,Wiki-Solar,17.85
Italy,2.0,Solar,Industry About,3.71
Italy,16.0,Solar,Wiki-Solar,30.74
Italy,29.3,Solar,Wiki-Solar,52.09
Italy,6.5,Solar,Wiki-Solar,11.83
Italy,5.0,Solar,Wiki-Solar,9.44
Italy,2.0,Solar,Industry About,3.69
Italy,6.2,Solar,Wiki-Solar,9.51
Italy,76.0,Hydro,WRI,197.04
Italy,117.6,Hydro,CARMA,258.88
Italy,2.0,Solar,Industry About,3.73
Italy,12.0,Solar,Wiki-Solar,20.55
Italy,5.2,Solar,Wiki-Solar,8.95
Italy,120.0,Hydro,CARMA,313.44
Italy,188.0,Hydro,CARMA,433.04
Italy,13.4,Solar,Industry About,20.22
Italy,23.7,Solar,Wiki-Solar,39.77
Italy,1.0,Solar,Industry About,1.63
Italy,11.0,Solar,Wiki-Solar,21.26
Italy,9.1,Solar,Wiki-Solar,17.22
Italy,12.6,Solar,Wiki-Solar,22.42
Italy,75.0,Hydro,WRI,171.73
Italy,6.0,Solar,Wiki-Solar,9.99
Italy,164.34,Hydro,CARMA,372.83
Italy,56.0,Hydro,WRI,159.3
Italy,110.0,Hydro,CARMA,259.97
Italy,101.44,Hydro,CARMA,239.74
Italy,7.2,Solar,Wiki-Solar,13.97
Italy,4.5,Solar,Wiki-Solar,8.1
Italy,7.6,Solar,Wiki-Solar,13.83
Italy,8.0,Solar,Wiki-Solar,14.38
Italy,8.0,Solar,Wiki-Solar,11.82
Italy,7.7,Solar,Wiki-Solar,14.22
Italy,4.0,Solar,Wiki-Solar,5.59
Italy,8.0,Solar,Industry About,15.0
Italy,1.0,Solar,Industry About,1.59
Italy,2.3,Solar,Industry About,3.72
Italy,1.0,Solar,Industry About,1.55
Italy,8.0,Solar,Wiki-Solar,13.47
Italy,6.0,Solar,Wiki-Solar,10.06
Italy,4.0,Solar,Wiki-Solar,6.46
Italy,44.0,Solar,Wiki-Solar,70.42
Italy,57.4,Solar,Wiki-Solar,91.93
Italy,12.0,Solar,Wiki-Solar,21.06
Italy,17.0,Solar,Wiki-Solar,29.54
Italy,12.0,Solar,Wiki-Solar,21.26
Italy,15.0,Solar,Wiki-Solar,26.26
Italy,14.0,Solar,Wiki-Solar,24.01
Italy,13.3,Solar,Wiki-Solar,23.28
Italy,6.3,Solar,Wiki-Solar,11.96
Italy,5.0,Solar,Wiki-Solar,9.2
Italy,9.4,Solar,Wiki-Solar,16.86
Italy,5.0,Solar,Wiki-Solar,9.68
Italy,5.0,Solar,Wiki-Solar,9.7
Italy,4.0,Solar,Wiki-Solar,7.24
Italy,11.0,Solar,Wiki-Solar,21.72
Italy,6.5,Solar,Wiki-Solar,12.54
Italy,5.7,Solar,Industry About,9.51
Italy,24.0,Solar,Wiki-Solar,40.6
Italy,2.0,Solar,Industry About,3.36
Italy,4.5,Solar,Wiki-Solar,6.77
Italy,4.6,Solar,Wiki-Solar,7.23
Italy,15.0,Solar,Industry About,25.91
Italy,5.9,Solar,Wiki-Solar,10.74
Italy,150.0,Hydro,CARMA,432.15
Italy,92.0,Hydro,WRI,259.92
Italy,1005.0,Hydro,GEODB,2304.59
Italy,13.0,Solar,Industry About,26.44
Italy,139.0,Hydro,CARMA,329.29
Italy,7.0,Solar,Wiki-Solar,12.82
Italy,5.0,Solar,Wiki-Solar,8.8
Italy,2.99,Solar,Industry About,4.99
Italy,5.9,Solar,Wiki-Solar,9.16
Italy,2.3,Solar,Industry About,3.89
Italy,4.5,Solar,Wiki-Solar,8.35
Italy,15.0,Solar,Wiki-Solar,25.63
Italy,5.0,Solar,Wiki-Solar,8.39
Italy,4.6,Solar,Wiki-Solar,7.18
Italy,2.9,Solar,Industry About,4.8
Italy,3.0,Solar,Industry About,4.33
Italy,4.1,Solar,Industry About,6.05
Italy,1.4,Solar,Industry About,1.95
Italy,117.0,Hydro,CARMA,304.25
Italy,1000.0,Hydro,GEODB,2669.59
Italy,135.0,Hydro,WRI,316.25
Italy,9.5,Solar,Wiki-Solar,18.0
Italy,5.0,Solar,Wiki-Solar,8.41
Italy,15.0,Solar,Industry About,25.96
Italy,544.0,Hydro,GEODB,1130.55
Italy,490.0,Hydro,WRI,1104.2
Italy,377.0,Hydro,WRI,915.42
Italy,101.6,Hydro,CARMA,270.83
Italy,220.0,Hydro,CARMA,470.59
Italy,144.0,Hydro,CARMA,367.33
Italy,213.5,Hydro,CARMA,472.53
Italy,6.0,Solar,Wiki-Solar,10.36
Italy,9.3,Solar,Wiki-Solar,17.1
Italy,1.7,Solar,Industry About,2.4
Italy,5.0,Solar,Wiki-Solar,8.02
Italy,4.8,Solar,Wiki-Solar,8.52
Italy,5.2,Solar,Wiki-Solar,8.37
Italy,1.0,Solar,Industry About,1.57
Italy,24.0,Solar,Wiki-Solar,44.71
Italy,4.8,Solar,Industry About,7.65
Italy,4.5,Solar,Wiki-Solar,6.61
Italy,1.0,Solar,Industry About,1.56
Italy,34.6,Solar,Wiki-Solar,57.84
Italy,24.0,Solar,Industry About,40.4
Italy,8.4,Solar,Wiki-Solar,14.8
Italy,5.6,Solar,Wiki-Solar,11.11
Italy,5.0,Solar,Wiki-Solar,8.32
Italy,4.9,Solar,Wiki-Solar,8.41
Italy,3.6,Solar,Industry About,6.46
Italy,6.8,Solar,Wiki-Solar,12.98
Italy,48.0,Solar,Wiki-Solar,76.59
Italy,21.0,Solar,Industry About,37.54
Italy,6.5,Solar,Industry About,11.4
Italy,7.0,Solar,Wiki-Solar,12.76
Italy,8.0,Solar,Wiki-Solar,13.51
Italy,4.9,Solar,Wiki-Solar,9.55
Italy,5.0,Solar,Wiki-Solar,8.46
Italy,8.0,Solar,Wiki-Solar,14.0
Italy,6.0,Solar,Wiki-Solar,10.07
Italy,20.0,Solar,Industry About,37.98
Italy,6.1,Solar,Wiki-Solar,10.19
Italy,161.0,Hydro,CARMA,410.7
Italy,240.0,Hydro,WRI,351.7
Italy,395.0,Hydro,WRI,703.56
Italy,110.0,Hydro,CARMA,323.83
Italy,67.0,Hydro,WRI,139.68
Italy,7.8,Solar,Wiki-Solar,11.97
Italy,8.0,Solar,Wiki-Solar,15.0
Italy,10.0,Solar,Wiki-Solar,15.0
Italy,7.0,Solar,Industry About,10.89
Italy,6.2,Solar,Industry About,9.62
Italy,14.1,Solar,Wiki-Solar,25.23
Italy,4.5,Solar,Wiki-Solar,7.56
Italy,13.5,Solar,Wiki-Solar,23.36
Italy,1.0,Solar,Industry About,1.65
Italy,1.0,Solar,Industry About,1.64
Italy,1.0,Solar,Industry About,1.66
Italy,5.2,Solar,Wiki-Solar,9.75
Italy,1.5,Solar,Industry About,2.51
Italy,4.8,Solar,Wiki-Solar,10.3
Italy,5.8,Solar,Industry About,10.99
Italy,130.0,Hydro,CARMA,332.48
Italy,230.0,Hydro,WRI,530.74
Italy,327.1,Hydro,CARMA,784.1
Italy,60.0,Hydro,WRI,134.16
Italy,2.0,Solar,Industry About,3.31
Italy,6.0,Solar,Wiki-Solar,10.0
Italy,6.8,Solar,Wiki-Solar,11.03
Italy,40.0,Solar,Wiki-Solar,63.7
Italy,4.6,Solar,Wiki-Solar,7.19
Italy,1.0,Solar,Industry About,1.74
Italy,5.0,Solar,Wiki-Solar,9.32
Italy,10.9,Solar,Wiki-Solar,18.97
Italy,9.3,Solar,Wiki-Solar,17.55
Jamaica,20.0,Solar,Wiki-Solar,49.18
Jamaica,4.8,Hydro,WRI,20.12
Jamaica,6.4,Hydro,WRI,21.17
Jamaica,3.6,Hydro,WRI,15.44
Japan,15.0,Solar,Wiki-Solar,22.51
Japan,4.0,Solar,Wiki-Solar,6.95
Japan,2.0,Solar,Industry About,3.65
Japan,15.0,Wind,WRI,37.45
Japan,19.0,Solar,Wiki-Solar,31.03
Japan,18.8,Solar,Wiki-Solar,30.16
Japan,13.0,Solar,Wiki-Solar,24.96
Japan,21.5,Solar,Industry About,40.45
Japan,34.7,Solar,Industry About,62.87
Japan,623.0,Hydro,GEODB,1446.17
Japan,4.0,Solar,Wiki-Solar,7.11
Japan,28.0,Solar,Wiki-Solar,40.88
Japan,5.0,Solar,Wiki-Solar,9.18
Japan,460.0,Hydro,GEODB,1150.22
Japan,10.4,Solar,Wiki-Solar,15.54
Japan,8.0,Solar,Wiki-Solar,14.74
Japan,4.0,Solar,Wiki-Solar,7.1
Japan,8.0,Solar,Industry About,11.97
Japan,20.2,Solar,Wiki-Solar,39.77
Japan,9.9,Solar,Wiki-Solar,16.25
Japan,5.0,Solar,Wiki-Solar,9.25
Japan,31.0,Solar,Industry About,46.73
Japan,14.6,Solar,Wiki-Solar,23.59
Japan,7.7,Solar,Industry About,12.1
Japan,14.0,Solar,Wiki-Solar,27.28
Japan,40.3,Solar,Wiki-Solar,58.13
Japan,23.0,Solar,Wiki-Solar,37.04
Japan,42.0,Solar,Wiki-Solar,77.41
Japan,42.0,Solar,Industry About,77.63
Japan,5.5,Solar,Wiki-Solar,10.51
Japan,13.0,Solar,Wiki-Solar,21.23
Japan,8.0,Solar,Industry About,11.95
Japan,1.5,Solar,Industry About,2.04
Japan,21.1,Solar,Wiki-Solar,40.29
Japan,6.0,Solar,Wiki-Solar,11.14
Japan,41.3,Solar,Wiki-Solar,73.23
Japan,10.9,Solar,Wiki-Solar,17.13
Japan,17.0,Solar,Wiki-Solar,30.27
Japan,87.0,Hydro,WRI,242.2
Japan,20.5,Solar,Industry About,39.42
Japan,42.9,Solar,Wiki-Solar,78.69
Japan,10.0,Solar,Wiki-Solar,18.38
Japan,1.8,Solar,Industry About,2.49
Japan,10.0,Solar,Industry About,18.54
Japan,9.9,Solar,Wiki-Solar,18.18
Japan,10.0,Solar,Industry About,18.36
Japan,29.0,Solar,Wiki-Solar,54.89
Japan,13.0,Solar,Wiki-Solar,20.36
Japan,27.0,Solar,Wiki-Solar,40.9
Japan,180.0,Hydro,GEODB,504.94
Japan,44.8,Solar,Wiki-Solar,85.11
Japan,12.0,Solar,Wiki-Solar,22.88
Japan,50.0,Hydro,WRI,149.85
Japan,5.9,Solar,Wiki-Solar,9.48
Japan,15.0,Solar,Wiki-Solar,24.38
Japan,615.0,Hydro,WRI,1391.55
Japan,96.2,Solar,Wiki-Solar,180.3
Japan,22.0,Solar,Wiki-Solar,33.73
Japan,20.8,Solar,Wiki-Solar,32.17
Japan,1.9,Solar,Industry About,3.48
Japan,23.4,Solar,Wiki-Solar,37.12
Japan,18.0,Wind,WRI,49.4
Japan,62.0,Hydro,WRI,170.79
Japan,1.5,Solar,Industry About,2.07
Japan,350.0,Hydro,GEODB,847.96
Japan,2.4,Solar,Industry About,4.38
Japan,1050.0,Hydro,GEODB,3082.1
Japan,2.5,Solar,Industry About,4.23
Japan,9.8,Solar,Wiki-Solar,17.94
Japan,17.1,Solar,Wiki-Solar,31.48
Japan,6.1,Solar,Wiki-Solar,10.75
Japan,7.7,Solar,Industry About,14.22
Japan,14.0,Solar,Wiki-Solar,23.14
Japan,2.8,Solar,Industry About,5.23
Japan,22.6,Solar,Wiki-Solar,35.49
Japan,28.3,Solar,Industry About,43.52
Japan,27.0,Wind,WRI,60.64
Japan,2.6,Solar,Industry About,4.28
Japan,19.6,Solar,Industry About,37.8
Japan,11.3,Solar,Wiki-Solar,21.94
Japan,2.2,Solar,Industry About,3.96
Japan,4.5,Solar,Wiki-Solar,8.04
Japan,14.0,Solar,Wiki-Solar,26.83
Japan,6.5,Solar,Wiki-Solar,12.01
Japan,2.0,Solar,Industry About,3.05
Japan,120.0,Hydro,WRI,295.03
Japan,70.0,Solar,Industry About,133.78
Japan,4.3,Solar,Wiki-Solar,7.53
Japan,20.0,Solar,Wiki-Solar,38.72
Japan,32.6,Solar,Wiki-Solar,59.73
Japan,5.0,Solar,Industry About,8.9
Japan,13.5,Solar,Industry About,21.95
Japan,31.2,Solar,Industry About,56.61
Japan,10.0,Solar,Wiki-Solar,18.43
Japan,470.0,Hydro,WRI,1143.86
Japan,11.6,Solar,Wiki-Solar,22.8
Japan,24.0,Solar,Wiki-Solar,44.38
Japan,25.0,Solar,Wiki-Solar,36.5
Japan,19.8,Solar,Wiki-Solar,36.91
Japan,5.0,Solar,Wiki-Solar,9.22
Japan,800.0,Hydro,GEODB,2463.21
Japan,16.7,Solar,Wiki-Solar,32.15
Japan,4.5,Solar,Wiki-Solar,8.13
Japan,7.6,Solar,Wiki-Solar,14.07
Japan,7.5,Solar,Industry About,13.82
Japan,9.4,Solar,Industry About,17.23
Japan,1.2,Solar,Industry About,1.84
Japan,41.3,Solar,Wiki-Solar,76.79
Japan,20.0,Solar,Wiki-Solar,38.9
Japan,4.0,Solar,Wiki-Solar,7.01
Japan,22.6,Solar,Wiki-Solar,41.84
Japan,5.0,Solar,Wiki-Solar,9.37
Japan,15.5,Solar,Wiki-Solar,29.49
Japan,466.0,Hydro,GEODB,1135.06
Japan,49.0,Solar,Industry About,88.37
Japan,10.5,Solar,Wiki-Solar,20.14
Japan,1.3,Solar,Industry About,2.17
Japan,13.0,Solar,Industry About,24.71
Japan,24.4,Solar,Industry About,44.87
Japan,3.6,Solar,Industry About,5.58
Japan,25.4,Solar,Industry About,47.1
Japan,13.2,Solar,Wiki-Solar,22.85
Japan,21.0,Solar,Industry About,41.34
Japan,21.0,Solar,Industry About,41.79
Japan,21.0,Solar,Industry About,41.24
Japan,2.8,Solar,Industry About,5.3
Japan,10.0,Solar,Industry About,18.04
Japan,1.5,Solar,Industry About,2.25
Japan,9.0,Solar,Industry About,13.71
Japan,10.2,Solar,Wiki-Solar,15.5
Japan,2.6,Solar,Industry About,4.7
Japan,22.4,Solar,Industry About,41.34
Japan,32.0,Solar,Wiki-Solar,56.61
Japan,8.0,Solar,Wiki-Solar,14.8
Japan,3.5,Solar,Industry About,6.3
Japan,7.8,Solar,Industry About,15.05
Japan,1.5,Solar,Industry About,2.17
Japan,21.7,Solar,Industry About,32.69
Japan,4.2,Solar,Industry About,6.55
Japan,8.3,Solar,Industry About,15.27
Japan,40.0,Solar,Wiki-Solar,72.33
Japan,1200.0,Hydro,WRI,2980.06
Japan,15.0,Solar,Wiki-Solar,28.44
Japan,1.1,Solar,Industry About,1.53
Japan,9.0,Solar,Wiki-Solar,16.44
Japan,288.0,Hydro,WRI,605.92
Japan,66.0,Hydro,WRI,179.73
Japan,1.7,Solar,Industry About,3.12
Japan,5.0,Solar,Wiki-Solar,9.38
Japan,6.0,Solar,Wiki-Solar,11.09
Japan,215.0,Hydro,WRI,531.23
Japan,245.0,Hydro,WRI,581.7
Japan,9.0,Solar,Wiki-Solar,16.83
Japan,10.0,Solar,Wiki-Solar,14.48
Japan,13.0,Solar,Industry About,25.19
Japan,4.5,Solar,Wiki-Solar,8.01
Japan,42.0,Solar,Wiki-Solar,67.35
Japan,1.1,Solar,Industry About,1.79
Japan,2.7,Solar,Industry About,4.81
Japan,59.9,Solar,Wiki-Solar,92.88
Japan,32.3,Solar,Wiki-Solar,52.13
Japan,10.0,Solar,Industry About,18.74
Japan,9.5,Solar,Wiki-Solar,14.45
Japan,10.0,Solar,Wiki-Solar,15.2
Japan,36.0,Solar,Wiki-Solar,59.71
Japan,9.3,Solar,Wiki-Solar,16.11
Japan,39.2,Solar,Industry About,64.63
Japan,2.0,Solar,Industry About,3.67
Japan,22.3,Solar,Industry About,41.18
Japan,25.0,Solar,Wiki-Solar,47.09
Japan,5.0,Solar,Wiki-Solar,9.39
Japan,19.0,Solar,Wiki-Solar,27.6
Japan,25.0,Solar,Wiki-Solar,34.77
Japan,1.2,Solar,Industry About,1.53
Japan,32.0,Wind,WRI,76.21
Japan,620.0,Hydro,GEODB,1360.8
Japan,220.0,Hydro,GEODB,559.57
Japan,29.0,Solar,Wiki-Solar,52.86
Japan,8.4,Solar,Industry About,15.02
Japan,2.5,Solar,Industry About,4.64
Japan,20.0,Solar,Wiki-Solar,38.13
Japan,27.0,Solar,Wiki-Solar,44.8
Japan,17.0,Solar,Wiki-Solar,27.37
Japan,15.0,Solar,Wiki-Solar,24.27
Japan,13.9,Solar,Industry About,22.27
Japan,12.0,Solar,Wiki-Solar,19.15
Japan,8.0,Solar,Wiki-Solar,12.59
Japan,6.0,Solar,Wiki-Solar,9.42
Japan,24.8,Solar,Wiki-Solar,37.64
Japan,29.5,Solar,Wiki-Solar,44.89
Japan,7.0,Solar,Wiki-Solar,11.3
Japan,200.0,Hydro,GEODB,429.42
Japan,13.0,Solar,Industry About,24.93
Japan,10.5,Solar,Wiki-Solar,20.07
Japan,13.7,Solar,Wiki-Solar,20.97
Japan,30.0,Hydro,WRI,94.59
Japan,7.6,Solar,Wiki-Solar,11.81
Japan,675.0,Hydro,GEODB,1630.52
Japan,4.0,Solar,Wiki-Solar,6.59
Japan,17.9,Solar,Wiki-Solar,34.49
Japan,7.6,Solar,Wiki-Solar,13.99
Japan,13.0,Solar,Industry About,24.34
Japan,500.0,Hydro,GEODB,1224.97
Japan,11.0,Solar,Industry About,21.81
Japan,26.5,Solar,Industry About,49.21
Japan,82.0,Solar,Industry About,153.95
Japan,21.0,Solar,Industry About,40.66
Japan,1280.0,Hydro,GEODB,3680.56
Japan,37.0,Solar,Wiki-Solar,67.35
Japan,1000.0,Hydro,WRI,2900.91
Japan,1500.0,Hydro,GEODB,4409.91
Japan,44.0,Hydro,WRI,121.21
Japan,560.0,Hydro,WRI,1389.98
Japan,1932.0,Hydro,GEODB,5555.35
Japan,780.0,Hydro,GEODB,2258.5
Japan,1206.0,Hydro,GEODB,3541.82
Japan,900.0,Hydro,GEODB,2320.36
Japan,20.0,Solar,Industry About,38.39
Japan,12.0,Solar,Industry About,20.08
Japan,6.0,Solar,Industry About,9.62
Japan,20.0,Solar,Industry About,30.92
Japan,4.0,Solar,Wiki-Solar,7.17
Japan,13.7,Solar,Industry About,26.56
Japan,59.0,Hydro,WRI,171.88
Japan,15.0,Solar,Wiki-Solar,22.84
Japan,13.0,Solar,Wiki-Solar,20.74
Japan,5.0,Solar,Wiki-Solar,7.99
Japan,6.0,Solar,Wiki-Solar,10.99
Japan,182.0,Hydro,GEODB,522.66
Japan,6.0,Solar,Wiki-Solar,9.3
Japan,19.0,Solar,Wiki-Solar,36.48
Japan,45.0,Solar,Wiki-Solar,81.02
Japan,30.0,Solar,Wiki-Solar,55.19
Japan,1.1,Solar,Industry About,1.81
Japan,52.6,Solar,Wiki-Solar,79.99
Japan,50.0,Solar,Industry About,71.75
Japan,65.0,Solar,Industry About,93.3
Japan,12.0,Solar,Wiki-Solar,18.31
Japan,4.0,Solar,Wiki-Solar,5.74
Japan,21.0,Solar,Wiki-Solar,40.43
Japan,33.8,Solar,Industry About,64.43
Japan,23.0,Solar,Industry About,43.98
Japan,2.7,Solar,Industry About,4.86
Japan,28.0,Solar,Industry About,50.77
Japan,2.0,Solar,Industry About,3.63
Japan,350.0,Hydro,GEODB,935.63
Japan,7.0,Solar,Wiki-Solar,12.62
Japan,15.0,Solar,Wiki-Solar,27.96
Japan,8.5,Solar,Wiki-Solar,15.23
Japan,21.0,Solar,Industry About,39.58
Japan,2.0,Solar,Industry About,3.01
Japan,5.0,Solar,Wiki-Solar,9.26
Japan,5.9,Solar,Wiki-Solar,10.93
Japan,230.0,Solar,Wiki-Solar,428.29
Japan,1.7,Solar,Industry About,2.73
Japan,2.4,Solar,Industry About,3.84
Japan,1.7,Solar,Industry About,3.25
Japan,47.5,Solar,Wiki-Solar,68.16
Japan,5.9,Solar,Wiki-Solar,10.25
Japan,14.1,Solar,Wiki-Solar,22.46
Japan,1000.0,Hydro,GEODB,2900.91
Japan,56.3,Solar,Wiki-Solar,103.19
Japan,303.0,Hydro,GEODB,592.18
Japan,1280.0,Hydro,GEODB,4036.55
Japan,1125.0,Hydro,GEODB,3263.53
Japan,177.0,Hydro,GEODB,705.26
Japan,6.0,Solar,Wiki-Solar,10.28
Japan,11.7,Solar,Industry About,22.67
Japan,12.8,Solar,Industry About,24.69
Japan,2.4,Solar,Industry About,3.86
Japan,900.0,Hydro,GEODB,2548.85
Japan,31.0,Solar,Wiki-Solar,46.42
Japan,10.0,Solar,Wiki-Solar,15.67
Japan,25.0,Solar,Wiki-Solar,37.61
Japan,32.5,Solar,Industry About,46.93
Japan,2.6,Solar,Industry About,3.65
Japan,12.8,Solar,Wiki-Solar,22.3
Japan,24.8,Solar,Wiki-Solar,35.41
Japan,10.7,Solar,Wiki-Solar,21.0
Japan,43.0,Solar,Wiki-Solar,64.79
Japan,5.0,Solar,Wiki-Solar,7.96
Japan,15.0,Solar,Wiki-Solar,24.24
Japan,25.9,Solar,Wiki-Solar,47.93
Japan,14.0,Solar,Industry About,26.55
Japan,26.3,Solar,Industry About,40.82
Japan,46.8,Solar,Wiki-Solar,72.48
Japan,5.0,Solar,Wiki-Solar,8.05
Japan,65.0,Hydro,WRI,201.21
Japan,13.2,Solar,Wiki-Solar,25.13
Japan,395.0,Hydro,WRI,985.45
Japan,40.2,Solar,Industry About,73.73
Japan,40.7,Solar,Industry About,74.72
Japan,50.0,Solar,Industry About,91.78
Japan,28.0,Solar,Wiki-Solar,40.0
Japan,14.5,Solar,Wiki-Solar,25.96
Japan,4.3,Solar,Industry About,7.76
Japan,200.0,Hydro,GEODB,483.18
Japan,3.4,Solar,Industry About,5.97
Japan,6.5,Solar,Wiki-Solar,11.82
Japan,9.4,Solar,Industry About,17.46
Japan,31.2,Solar,Wiki-Solar,48.51
Japan,7.5,Solar,Industry About,13.9
Japan,4.5,Solar,Industry About,8.09
Japan,57.0,Hydro,WRI,180.15
Japan,1200.0,Hydro,GEODB,3166.19
Japan,17.7,Solar,Wiki-Solar,31.71
Japan,250.0,Hydro,GEODB,637.42
Japan,14.0,Solar,Industry About,23.17
Japan,23.0,Solar,Wiki-Solar,42.44
Japan,10.5,Solar,Wiki-Solar,20.43
Japan,600.0,Hydro,GEODB,1057.37
Japan,33.0,Solar,Wiki-Solar,53.84
Japan,40.0,Hydro,WRI,107.51
Japan,2.5,Solar,Industry About,4.7
Japan,2.4,Solar,Industry About,3.3
Japan,29.8,Solar,Industry About,41.1
Japan,23.0,Solar,Industry About,32.39
Japan,13.0,Solar,Industry About,18.77
Japan,38.0,Solar,Wiki-Solar,55.87
Japan,111.0,Solar,Industry About,151.2
Japan,45.6,Solar,Industry About,61.44
Japan,28.0,Solar,Wiki-Solar,44.43
Japan,30.0,Solar,Wiki-Solar,47.63
Japan,25.0,Solar,Wiki-Solar,40.54
Japan,30.0,Solar,Wiki-Solar,46.77
Japan,40.0,Hydro,WRI,110.19
Japan,42.9,Solar,Industry About,71.54
Japan,27.3,Solar,Wiki-Solar,43.22
Japan,2.8,Solar,Industry About,4.33
Japan,1.8,Solar,Industry About,3.3
Japan,27.4,Solar,Industry About,40.92
Japan,23.0,Solar,Wiki-Solar,39.17
Japan,2.2,Solar,Industry About,3.53
Japan,39.3,Solar,Industry About,71.23
Japan,16.0,Solar,Wiki-Solar,29.85
Japan,16.0,Solar,Wiki-Solar,29.69
Japan,5.9,Solar,Wiki-Solar,11.06
Japan,8.5,Solar,Wiki-Solar,15.42
Japan,15.0,Solar,Wiki-Solar,28.08
Japan,2.4,Solar,Industry About,4.36
Japan,21.3,Solar,Industry About,40.15
Japan,11.1,Solar,Wiki-Solar,21.68
Japan,7.0,Solar,Industry About,12.92
Japan,4.5,Solar,Wiki-Solar,8.15
Japan,1.6,Solar,Industry About,3.02
Japan,12.0,Solar,Wiki-Solar,22.89
Japan,6.0,Solar,Wiki-Solar,11.07
Japan,51.0,Hydro,WRI,147.81
Japan,40.3,Solar,Wiki-Solar,72.89
Japan,6.0,Solar,Wiki-Solar,11.1
Japan,5.0,Solar,Wiki-Solar,9.28
Japan,1.1,Solar,Industry About,1.77
Japan,7.0,Solar,Wiki-Solar,12.93
Japan,24.0,Solar,Wiki-Solar,45.17
Japan,5.0,Solar,Industry About,7.08
Japan,8.5,Solar,Industry About,13.27
Japan,8.0,Solar,Industry About,12.73
Japan,4.5,Solar,Wiki-Solar,8.03
Japan,240.0,Hydro,GEODB,565.93
Japan,61.0,Hydro,WRI,176.24
Japan,41.0,Solar,Wiki-Solar,62.22
Japan,4.6,Solar,Industry About,7.7
Japan,32.9,Solar,Wiki-Solar,50.94
Japan,5.5,Solar,Wiki-Solar,10.28
Japan,24.0,Solar,Wiki-Solar,44.07
Japan,13.7,Solar,Wiki-Solar,25.94
Japan,15.0,Solar,Wiki-Solar,29.51
Japan,70.0,Hydro,WRI,216.69
Japan,29.1,Solar,Wiki-Solar,47.58
Japan,30.0,Solar,Wiki-Solar,54.52
Japan,54.6,Solar,Wiki-Solar,89.7
Japan,14.0,Solar,Wiki-Solar,20.25
Japan,32.3,Solar,Wiki-Solar,59.84
Japan,4.5,Solar,Wiki-Solar,8.17
Japan,11.7,Solar,Wiki-Solar,20.23
Jordan,51.0,Solar,Wiki-Solar,127.7
Jordan,10.0,Solar,Wiki-Solar,17.36
Jordan,11.0,Solar,Wiki-Solar,23.74
Jordan,51.0,Solar,Wiki-Solar,119.97
Jordan,5.0,Solar,Wiki-Solar,10.63
Jordan,5.0,Solar,Wiki-Solar,10.87
Jordan,20.0,Solar,Wiki-Solar,50.41
Jordan,5.6,Solar,Wiki-Solar,11.27
Jordan,5.0,Solar,Wiki-Solar,10.33
Jordan,10.0,Solar,Wiki-Solar,18.12
Jordan,20.0,Solar,Wiki-Solar,47.18
Jordan,52.5,Solar,Wiki-Solar,124.15
Jordan,50.0,Solar,Wiki-Solar,124.04
Jordan,10.4,Solar,Wiki-Solar,22.51
Jordan,103.0,Solar,Wiki-Solar,259.71
Jordan,10.1,Solar,Wiki-Solar,21.4
Jordan,5.0,Solar,Wiki-Solar,10.55
Jordan,50.0,Solar,Wiki-Solar,123.16
Jordan,12.9,Solar,Wiki-Solar,31.05
Kazakhstan,40.0,Solar,Wiki-Solar,66.16
Kazakhstan,675.0,Hydro,WRI,1496.55
Kazakhstan,364.0,Hydro,GEODB,809.53
Kazakhstan,100.0,Solar,Wiki-Solar,168.02
Kazakhstan,720.0,Hydro,GEODB,1596.32
Kazakhstan,331.0,Hydro,GEODB,736.14
Kazakhstan,50.0,Solar,Wiki-Solar,81.68
Kazakhstan,30.0,Solar,Wiki-Solar,49.85
Kenya,55.7,Solar,Wiki-Solar,141.89
Kenya,225.0,Hydro,WRI,677.1
Kenya,94.2,Hydro,GEODB,304.22
Kenya,168.0,Hydro,GEODB,539.49
Kenya,72.0,Hydro,GEODB,232.52
Kenya,40.0,Hydro,GEODB,121.25
Kenya,25.5,Wind,WRI,54.35
Kenya,60.0,Hydro,WRI,203.03
Kenya,20.0,Hydro,GEODB,63.09
Kenya,106.0,Hydro,WRI,396.68
Kuwait,10.0,Solar,Wiki-Solar,16.66
Kyrgyzstan,40.0,Hydro,GEODB,105.47
Kyrgyzstan,800.0,Hydro,GEODB,1990.24
Kyrgyzstan,240.0,Hydro,GEODB,618.47
Kyrgyzstan,450.0,Hydro,GEODB,1123.03
Kyrgyzstan,1200.0,Hydro,GEODB,3071.65
Kyrgyzstan,180.0,Hydro,GEODB,519.58
Laos,157.0,Hydro,GEODB,670.56
Laos,60.0,Hydro,WRI,152.55
Laos,100.0,Hydro,WRI,338.38
Laos,5.0,Hydro,WRI,9.16
Laos,14.5,Hydro,WRI,47.18
Laos,44.0,Hydro,WRI,140.49
Laos,155.0,Hydro,WRI,377.46
Laos,735.0,Hydro,GEODB,1936.99
Laos,19.2,Hydro,WRI,69.53
Laos,5.0,Hydro,WRI,13.64
Laos,14.0,Hydro,WRI,31.64
Laos,9.36,Hydro,WRI,30.17
Laos,1070.0,Hydro,GEODB,2701.82
Laos,40.0,Hydro,WRI,101.7
Laos,280.0,Hydro,WRI,635.74
Laos,15.0,Hydro,WRI,50.63
Laos,250.0,Hydro,WRI,710.09
Laos,14.8,Hydro,WRI,52.24
Laos,121.0,Hydro,GEODB,291.27
Latvia,240.0,Hydro,GEODB,589.3
Latvia,894.0,Hydro,GEODB,2544.77
Latvia,402.0,Hydro,GEODB,946.97
Lesotho,72.0,Hydro,Power Africa,184.77
Liberia,60.0,Hydro,Power Africa,305.05
Lithuania,100.8,Hydro,GEODB,425.24
Lithuania,900.0,Hydro,GEODB,3175.6
Luxembourg,1296.0,Hydro,GEODB,2443.57
Macedonia,42.0,Hydro,GEODB,119.85
Macedonia,12.6,Hydro,GEODB,40.03
Macedonia,80.0,Hydro,GEODB,229.75
Macedonia,9.6,Hydro,GEODB,30.16
Macedonia,19.2,Hydro,GEODB,47.11
Macedonia,84.0,Hydro,GEODB,241.15
Macedonia,36.4,Hydro,GEODB,103.96
Macedonia,116.0,Hydro,GEODB,332.38
Macedonia,12.8,Hydro,GEODB,31.38
Macedonia,150.0,Hydro,GEODB,359.78
Madagascar,25.0,Solar,Wiki-Solar,56.49
Madagascar,58.0,Hydro,Power Africa,241.96
Madagascar,8.9,Hydro,Power Africa,33.38
Madagascar,24.0,Hydro,Power Africa,100.22
Madagascar,16.5,Hydro,Power Africa,55.0
Madagascar,5.25,Hydro,Power Africa,19.15
Malawi,128.0,Hydro,Power Africa,524.98
Malawi,124.0,Hydro,Power Africa,492.03
Malawi,91.6,Hydro,Power Africa,373.56
Malaysia,103.0,Hydro,GEODB,321.64
Malaysia,48.0,Hydro,GEODB,149.01
Malaysia,3.0,Solar,WRI,5.54
Malaysia,10.0,Solar,WRI,17.17
Malaysia,10.2,Solar,WRI,17.46
Malaysia,8.0,Solar,WRI,13.95
Malaysia,250.0,Hydro,GEODB,561.94
Malaysia,50.0,Solar,Wiki-Solar,80.87
Malaysia,120.0,Hydro,GEODB,339.09
Malaysia,400.0,Hydro,GEODB,966.16
Malaysia,50.0,Solar,Wiki-Solar,83.42
Malaysia,19.0,Solar,WRI,32.69
Malaysia,6.0,Solar,WRI,10.53
Malaysia,5.3,Solar,WRI,9.41
Malaysia,50.0,Solar,Wiki-Solar,80.72
Malaysia,50.0,Solar,Wiki-Solar,83.08
Malaysia,13.0,Solar,WRI,22.78
Malaysia,600.0,Hydro,GEODB,1402.86
Malaysia,2.0,Solar,WRI,3.49
Malaysia,54.0,Hydro,CARMA,150.98
Malaysia,5.0,Solar,Wiki-Solar,8.88
Malaysia,348.0,Hydro,GEODB,899.51
Malaysia,66.0,Hydro,CARMA,218.24
Mali,62.3,Hydro,GEODB,285.23
Mali,200.0,Hydro,GEODB,1007.42
Mali,44.0,Hydro,GEODB,251.31
Mali,5.2,Hydro,GEODB,24.78
Mauritania,30.0,Solar,WRI,68.55
Mauritius,15.0,Solar,Power Africa,35.49
Mauritius,14.2,Solar,Wiki-Solar,33.42
Mauritius,25.6,Solar,Wiki-Solar,61.38
Mauritius,15.0,Solar,Wiki-Solar,35.49
Mauritius,13.8,Solar,Wiki-Solar,32.47
Mauritius,28.3,Solar,Wiki-Solar,68.2
Mexico,12.0,Solar,Wiki-Solar,26.83
Mexico,960.0,Hydro,North American Cooperation on Energy Information and Comisión Reguladora de Energía,3528.04
Mexico,7.0,Hydro,North American Cooperation on Energy Information and Comisión Reguladora de Energía,19.11
Mexico,750.0,Hydro,North American Cooperation on Energy Information and Comisión Reguladora de Energía,2765.42
Mexico,27.6,Solar,Wiki-Solar,65.5
Mexico,32.0,Solar,Wiki-Solar,77.38
Mexico,3.8,Solar,North American Cooperation on Energy Information and Comisión Reguladora de Energía,6.05
Mexico,92.0,Hydro,North American Cooperation on Energy Information and Comisión Reguladora de Energía,306.61
Mexico,900.0,Hydro,North American Cooperation on Energy Information and Comisión Reguladora de Energía,4145.44
Mexico,100.0,Solar,Wiki-Solar,220.29
Mexico,5.2,Hydro,North American Cooperation on Energy Information and Comisión Reguladora de Energía,14.4
Mexico,25.0,Hydro,North American Cooperation on Energy Information and Comisión Reguladora de Energía,95.32
Mexico,18.0,Hydro,North American Cooperation on Energy Information and Comisión Reguladora de Energía,52.68
Mexico,30.0,Solar,Wiki-Solar,67.93
Mexico,18.0,Hydro,North American Cooperation on Energy Information and Comisión Reguladora de Energía,52.59
Mexico,600.0,Hydro,North American Cooperation on Energy Information and Comisión Reguladora de Energía,2003.97
Mexico,1.0,Solar,North American Cooperation on Energy Information and Comisión Reguladora de Energía,1.67
Mexico,10.0,Hydro,North American Cooperation on Energy Information and Comisión Reguladora de Energía,33.99
Mexico,26.0,Hydro,North American Cooperation on Energy Information and Comisión Reguladora de Energía,91.17
Mexico,51.2,Hydro,North American Cooperation on Energy Information and Comisión Reguladora de Energía,181.86
Mexico,3.0,Hydro,North American Cooperation on Energy Information and Comisión Reguladora de Energía,11.95
Mexico,8.0,Hydro,North American Cooperation on Energy Information and Comisión Reguladora de Energía,24.04
Mexico,2.5,Hydro,North American Cooperation on Energy Information and Comisión Reguladora de Energía,10.22
Mexico,4.0,Hydro,North American Cooperation on Energy Information and Comisión Reguladora de Energía,11.1
Mexico,36.0,Hydro,North American Cooperation on Energy Information and Comisión Reguladora de Energía,122.17
Mexico,80.0,Hydro,North American Cooperation on Energy Information and Comisión Reguladora de Energía,284.71
Mexico,60.0,Hydro,North American Cooperation on Energy Information and Comisión Reguladora de Energía,209.03
Mexico,30.0,Solar,Wiki-Solar,68.42
Mexico,207.0,Solar,Wiki-Solar,488.61
Mexico,59.4,Hydro,North American Cooperation on Energy Information and Comisión Reguladora de Energía,213.56
Mexico,1.4,Hydro,North American Cooperation on Energy Information and Comisión Reguladora de Energía,4.52
Mexico,10.0,Hydro,North American Cooperation on Energy Information and Comisión Reguladora de Energía,30.14
Mexico,31.5,Hydro,North American Cooperation on Energy Information and Comisión Reguladora de Energía,114.31
Mexico,292.0,Hydro,North American Cooperation on Energy Information and Comisión Reguladora de Energía,1042.91
Mexico,4.1,Hydro,North American Cooperation on Energy Information and Comisión Reguladora de Energía,17.13
Mexico,100.0,Solar,Wiki-Solar,235.08
Mexico,1.2,Hydro,North American Cooperation on Energy Information and Comisión Reguladora de Energía,3.47
Mexico,2.6,Hydro,North American Cooperation on Energy Information and Comisión Reguladora de Energía,8.25
Mexico,9.2,Hydro,North American Cooperation on Energy Information and Comisión Reguladora de Energía,27.84
Mexico,1.6,Hydro,North American Cooperation on Energy Information and Comisión Reguladora de Energía,6.29
Mexico,4.4,Hydro,North American Cooperation on Energy Information and Comisión Reguladora de Energía,15.23
Mexico,90.0,Hydro,North American Cooperation on Energy Information and Comisión Reguladora de Energía,297.84
Mexico,1200.0,Hydro,North American Cooperation on Energy Information and Comisión Reguladora de Energía,4546.63
Mexico,1.6,Hydro,North American Cooperation on Energy Information and Comisión Reguladora de Energía,5.27
Mexico,8.0,Solar,Wiki-Solar,17.29
Mexico,21.0,Hydro,North American Cooperation on Energy Information and Comisión Reguladora de Energía,78.58
Mexico,2.2,Hydro,North American Cooperation on Energy Information and Comisión Reguladora de Energía,6.98
Mexico,66.0,Hydro,North American Cooperation on Energy Information and Comisión Reguladora de Energía,240.71
Mexico,320.0,Hydro,North American Cooperation on Energy Information and Comisión Reguladora de Energía,944.16
Mexico,102.5,Solar,Wiki-Solar,245.51
Mexico,100.0,Solar,Wiki-Solar,241.04
Mexico,74.0,Hydro,North American Cooperation on Energy Information and Comisión Reguladora de Energía,254.32
Mexico,13.6,Solar,Wiki-Solar,31.52
Mexico,422.0,Hydro,North American Cooperation on Energy Information and Comisión Reguladora de Energía,1253.99
Mexico,5.3,Hydro,North American Cooperation on Energy Information and Comisión Reguladora de Energía,22.04
Mexico,1080.0,Hydro,North American Cooperation on Energy Information and Comisión Reguladora de Energía,4879.14
Mexico,70.0,Hydro,North American Cooperation on Energy Information and Comisión Reguladora de Energía,221.84
Mexico,2400.0,Hydro,North American Cooperation on Energy Information and Comisión Reguladora de Energía,11500.45
Mexico,220.0,Hydro,North American Cooperation on Energy Information and Comisión Reguladora de Energía,644.73
Mexico,30.0,Hydro,North American Cooperation on Energy Information and Comisión Reguladora de Energía,110.17
Mexico,15.0,Hydro,North American Cooperation on Energy Information and Comisión Reguladora de Energía,51.58
Mexico,9.6,Hydro,North American Cooperation on Energy Information and Comisión Reguladora de Energía,32.6
Mexico,21.6,Solar,Wiki-Solar,49.36
Mexico,109.0,Hydro,North American Cooperation on Energy Information and Comisión Reguladora de Energía,359.79
Mexico,22.5,Solar,Wiki-Solar,54.19
Mexico,19.2,Hydro,North American Cooperation on Energy Information and Comisión Reguladora de Energía,76.14
Mexico,1.3,Hydro,North American Cooperation on Energy Information and Comisión Reguladora de Energía,3.55
Mexico,37.0,Hydro,North American Cooperation on Energy Information and Comisión Reguladora de Energía,118.35
Mexico,12.6,Hydro,North American Cooperation on Energy Information and Comisión Reguladora de Energía,47.98
Mexico,135.0,Hydro,North American Cooperation on Energy Information and Comisión Reguladora de Energía,459.99
Mexico,4.1,Hydro,North American Cooperation on Energy Information and Comisión Reguladora de Energía,16.19
Mexico,63.0,Solar,Wiki-Solar,139.4
Mexico,170.0,Solar,Wiki-Solar,386.98
Mexico,14.0,Hydro,North American Cooperation on Energy Information and Comisión Reguladora de Energía,48.86
Mexico,11.3,Hydro,North American Cooperation on Energy Information and Comisión Reguladora de Energía,37.33
Mexico,19.0,Hydro,North American Cooperation on Energy Information and Comisión Reguladora de Energía,73.07
Mexico,9.0,Hydro,North American Cooperation on Energy Information and Comisión Reguladora de Energía,38.38
Mexico,320.0,Solar,Wiki-Solar,732.09
Mexico,100.0,Hydro,North American Cooperation on Energy Information and Comisión Reguladora de Energía,333.27
Mexico,14.0,Hydro,North American Cooperation on Energy Information and Comisión Reguladora de Energía,50.01
Mexico,2.6,Hydro,North American Cooperation on Energy Information and Comisión Reguladora de Energía,8.48
Mexico,1.0,Solar,North American Cooperation on Energy Information and Comisión Reguladora de Energía,1.73
Mexico,2.2,Hydro,North American Cooperation on Energy Information and Comisión Reguladora de Energía,10.86
Mexico,287.0,Solar,Wiki-Solar,615.27
Mexico,150.0,Solar,Wiki-Solar,326.27
Mexico,140.0,Solar,Wiki-Solar,304.52
Mexico,16.8,Solar,Wiki-Solar,37.54
Mexico,49.8,Solar,Wiki-Solar,113.63
Mexico,2.5,Hydro,North American Cooperation on Energy Information and Comisión Reguladora de Energía,9.13
Mexico,354.0,Hydro,North American Cooperation on Energy Information and Comisión Reguladora de Energía,1234.1
Mexico,39.0,Hydro,North American Cooperation on Energy Information and Comisión Reguladora de Energía,124.74
Mexico,1.1,Hydro,North American Cooperation on Energy Information and Comisión Reguladora de Energía,3.33
Mexico,36.0,Hydro,North American Cooperation on Energy Information and Comisión Reguladora de Energía,107.09
Mexico,240.0,Hydro,North American Cooperation on Energy Information and Comisión Reguladora de Energía,799.76
Mexico,330.0,Solar,Wiki-Solar,747.81
Mexico,250.0,Solar,Wiki-Solar,593.51
Mexico,74.0,Solar,Wiki-Solar,176.68
Mexico,8.4,Hydro,North American Cooperation on Energy Information and Comisión Reguladora de Energía,26.19
Mexico,420.0,Hydro,North American Cooperation on Energy Information and Comisión Reguladora de Energía,1607.96
Moldova,16.0,Hydro,GEODB,58.13
Moldova,48.0,Hydro,GEODB,172.45
Mongolia,10.0,Solar,Wiki-Solar,15.09
Mongolia,15.0,Solar,Wiki-Solar,24.36
Mongolia,10.0,Solar,Wiki-Solar,15.24
Mongolia,15.0,Solar,Wiki-Solar,24.63
Montenegro,307.0,Hydro,GEODB,1075.19
Montenegro,360.0,Hydro,GEODB,1029.98
Morocco,92.0,Hydro,GEODB,189.3
Morocco,92.0,Hydro,GEODB,296.33
Morocco,128.0,Hydro,GEODB,341.97
Morocco,3.0,Solar,Wiki-Solar,5.68
Morocco,240.0,Hydro,GEODB,713.55
Morocco,240.0,Hydro,GEODB,698.78
Morocco,20.0,Solar,Wiki-Solar,38.06
Morocco,135.0,Hydro,GEODB,374.16
Morocco,50.4,Wind,GEODB,128.81
Morocco,17.0,Hydro,GEODB,47.49
Morocco,8.3,Hydro,GEODB,25.97
Morocco,22.0,Hydro,GEODB,62.05
Morocco,67.0,Hydro,GEODB,209.95
Morocco,40.6,Hydro,GEODB,134.63
Morocco,32.0,Hydro,GEODB,88.79
Morocco,8.8,Hydro,GEODB,26.73
Morocco,10.0,Hydro,GEODB,31.99
Morocco,23.0,Hydro,GEODB,66.34
Morocco,36.0,Hydro,GEODB,131.81
Morocco,60.35,Wind,KTH,204.37
Morocco,140.0,Wind,GEODB,360.71
Morocco,464.0,Hydro,GEODB,1326.91
Morocco,20.8,Hydro,GEODB,58.55
Mozambique,44.0,Hydro,GEODB,103.62
Mozambique,166.0,Hydro,GEODB,485.18
Myanmar,28.0,Hydro,WRI,119.94
Myanmar,168.0,Hydro,WRI,681.2
Myanmar,54.0,Hydro,WRI,230.63
Myanmar,30.0,Hydro,WRI,116.85
Myanmar,56.0,Hydro,WRI,217.28
Myanmar,60.0,Hydro,WRI,253.03
Myanmar,74.0,Hydro,WRI,343.73
Myanmar,50.0,Solar,Wiki-Solar,113.31
Myanmar,75.0,Hydro,WRI,369.09
Myanmar,280.0,Hydro,WRI,1013.52
Myanmar,65.0,Hydro,WRI,279.22
Myanmar,25.0,Hydro,WRI,108.33
Myanmar,75.2,Hydro,WRI,305.77
Myanmar,600.0,Hydro,WRI,2457.83
Myanmar,240.0,Hydro,WRI,1136.99
Myanmar,30.0,Hydro,WRI,126.0
Myanmar,790.0,Hydro,WRI,3271.29
Myanmar,25.0,Hydro,WRI,92.39
Myanmar,20.0,Hydro,WRI,88.27
Myanmar,18.0,Hydro,WRI,79.63
Myanmar,12.0,Hydro,WRI,49.48
Namibia,50.0,Solar,Wiki-Solar,127.01
Namibia,5.0,Solar,Wiki-Solar,11.56
Namibia,1.1,Solar,Power Africa,1.91
Namibia,4.5,Solar,Power Africa,8.66
Namibia,5.0,Solar,Wiki-Solar,11.38
Namibia,7.0,Solar,Wiki-Solar,16.0
Namibia,5.0,Solar,Power Africa,11.57
Namibia,240.0,Hydro,Power Africa,919.38
Nepal,45.0,Hydro,GEODB,163.39
Nepal,25.0,Solar,Wiki-Solar,51.79
Nepal,14.1,Hydro,GEODB,71.47
Nepal,15.0,Hydro,GEODB,32.73
Nepal,144.0,Hydro,GEODB,616.59
Nepal,60.0,Hydro,GEODB,182.43
Nepal,60.0,Hydro,GEODB,167.2
Nepal,32.0,Hydro,GEODB,81.19
Nepal,69.0,Hydro,GEODB,304.14
Nepal,70.0,Hydro,GEODB,311.36
Nepal,14.8,Hydro,GEODB,33.44
Nepal,5.0,Solar,Wiki-Solar,10.18
Nepal,10.05,Hydro,GEODB,39.04
Nepal,24.0,Hydro,GEODB,119.52
Netherlands,6.0,Solar,Wiki-Solar,8.84
Netherlands,15.0,Solar,Wiki-Solar,22.47
Netherlands,10.4,Wind,CARMA,18.82
Netherlands,43.9,Solar,Wiki-Solar,62.16
Netherlands,7.65,Wind,CARMA,18.47
Netherlands,6.0,Wind,CARMA,13.02
Netherlands,6.0,Wind,CARMA,10.31
Netherlands,30.0,Solar,Wiki-Solar,42.66
Netherlands,78.2,Wind,CARMA,260.47
Netherlands,24.05,Wind,GEODB,69.64
Netherlands,7.5,Wind,CARMA,14.38
Netherlands,108.0,Wind,WRI,327.8
Netherlands,6.5,Wind,CARMA,11.14
Netherlands,1.58,Wind,CARMA,3.63
Netherlands,15.0,Solar,Wiki-Solar,22.48
Netherlands,6.8,Wind,CARMA,14.57
Netherlands,3.6,Wind,GEODB,7.69
Netherlands,5.28,Wind,CARMA,12.98
Netherlands,8.25,Wind,CARMA,16.22
Netherlands,5.23,Wind,CARMA,9.49
Netherlands,16.8,Wind,CARMA,36.11
Netherlands,9.0,Wind,GEODB,20.88
Netherlands,9.0,Wind,CARMA,19.74
Netherlands,4.8,Wind,CARMA,11.19
Netherlands,44.0,Wind,CARMA,119.48
Netherlands,6.0,Wind,CARMA,12.4
Netherlands,4.0,Solar,Wiki-Solar,5.91
Netherlands,5.25,Wind,CARMA,12.59
Netherlands,20.0,Solar,Wiki-Solar,30.12
Netherlands,12.0,Wind,CARMA,45.56
Netherlands,22.5,Wind,CARMA,59.74
Netherlands,14.0,Wind,CARMA,33.17
Netherlands,120.0,Wind,GEODB,404.59
Netherlands,18.0,Wind,CARMA,38.27
Netherlands,11.7,Solar,Wiki-Solar,17.55
Netherlands,11.3,Solar,Wiki-Solar,16.92
Netherlands,15.0,Wind,CARMA,38.12
Netherlands,54.5,Solar,Wiki-Solar,77.55
Netherlands,4.1,Solar,Wiki-Solar,7.96
Netherlands,8.3,Wind,CARMA,23.88
Netherlands,6.0,Wind,CARMA,14.82
Netherlands,15.5,Solar,Wiki-Solar,23.06
Netherlands,9.0,Wind,CARMA,29.5
Netherlands,213.3,Wind,WRI,727.68
Netherlands,15.0,Wind,CARMA,39.9
Netherlands,9.0,Wind,CARMA,18.64
Netherlands,14.1,Solar,Wiki-Solar,20.98
New Zealand,192.0,Hydro,GEODB,809.95
New Zealand,78.0,Hydro,GEODB,355.98
New Zealand,74.0,Hydro,GEODB,341.73
New Zealand,220.0,Hydro,GEODB,1022.49
New Zealand,540.0,Hydro,GEODB,1937.75
New Zealand,432.0,Hydro,GEODB,1668.53
New Zealand,32.0,Hydro,GEODB,130.91
New Zealand,39.0,Hydro,GEODB,169.66
New Zealand,29.0,Hydro,CARMA,112.29
New Zealand,96.0,Hydro,GEODB,431.29
New Zealand,36.0,Wind,GEODB,115.54
New Zealand,800.0,Hydro,GEODB,3264.91
New Zealand,352.0,Hydro,GEODB,1270.07
New Zealand,60.0,Hydro,GEODB,245.07
New Zealand,106.0,Hydro,GEODB,498.95
New Zealand,688.0,Hydro,GEODB,2518.86
New Zealand,12.0,Hydro,CARMA,44.06
New Zealand,32.0,Hydro,CARMA,104.48
New Zealand,42.0,Hydro,CARMA,156.58
New Zealand,90.75,Wind,WRI,289.44
New Zealand,64.4,Wind,WRI,244.53
New Zealand,179.0,Hydro,GEODB,702.38
New Zealand,60.0,Hydro,GEODB,240.82
New Zealand,54.0,Hydro,GEODB,241.89
New Zealand,83.0,Hydro,GEODB,323.67
New Zealand,90.0,Hydro,GEODB,441.55
New Zealand,142.6,Wind,WRI,547.9
New Zealand,98.0,Hydro,GEODB,452.83
New Zealand,58.0,Wind,WRI,197.64
Nicaragua,54.4,Hydro,GEODB,181.75
Nicaragua,50.0,Hydro,GEODB,204.67
Nicaragua,12.6,Solar,Wiki-Solar,27.2
Niger,7.0,Solar,Wiki-Solar,14.14
Nigeria,10.0,Solar,Wiki-Solar,16.69
Nigeria,600.0,Hydro,GEODB,1721.79
North Korea,10.0,Hydro,CARMA,43.98
North Korea,300.0,Hydro,WRI,629.81
North Korea,225.0,Hydro,WRI,708.05
North Korea,12.0,Hydro,WRI,40.37
North Korea,400.0,Hydro,WRI,892.12
North Korea,81.0,Hydro,WRI,213.72
North Korea,346.7,Hydro,WRI,980.76
North Korea,202.3,Hydro,WRI,522.22
North Korea,20.0,Hydro,WRI,84.88
North Korea,700.0,Hydro,WRI,1990.32
North Korea,190.0,Hydro,WRI,618.33
North Korea,36.0,Hydro,WRI,98.81
North Korea,482.0,Hydro,WRI,1186.22
North Korea,400.0,Hydro,WRI,953.68
North Korea,400.0,Hydro,WRI,1334.17
Norway,103.0,Hydro,WRI,432.4
Norway,60.0,Hydro,WRI,294.09
Norway,180.0,Hydro,WRI,756.43
Norway,183.0,Hydro,WRI,768.75
Norway,9.0,Hydro,WRI,44.3
Norway,108.0,Hydro,WRI,475.51
Norway,5.0,Hydro,WRI,18.66
Norway,17.0,Hydro,WRI,77.16
Norway,10.0,Hydro,WRI,40.77
Norway,157.0,Hydro,WRI,656.07
Norway,15.0,Hydro,WRI,66.34
Norway,36.0,Hydro,WRI,153.02
Norway,352.0,Hydro,WRI,1282.26
Norway,1398.0,Hydro,WRI,5305.73
Norway,85.0,Hydro,WRI,366.8
Norway,2.0,Hydro,GEODB,8.44
Norway,38.0,Hydro,WRI,152.52
Norway,1.0,Hydro,WRI,3.58
Norway,3.0,Hydro,WRI,14.15
Norway,17.0,Hydro,WRI,68.99
Norway,13.0,Hydro,WRI,55.95
Norway,36.0,Hydro,WRI,145.03
Norway,70.0,Hydro,WRI,300.51
Norway,29.0,Hydro,WRI,116.84
Norway,117.0,Hydro,WRI,487.53
Norway,6.0,Hydro,WRI,31.87
Norway,60.0,Hydro,WRI,240.4
Norway,240.0,Hydro,WRI,925.64
Norway,62.0,Hydro,WRI,276.44
Norway,102.0,Hydro,WRI,506.56
Norway,140.0,Hydro,WRI,594.69
Norway,14.0,Hydro,WRI,51.14
Norway,92.0,Hydro,WRI,385.72
Norway,16.0,Hydro,WRI,58.45
Norway,2.0,Hydro,WRI,9.1
Norway,443.0,Hydro,WRI,1354.09
Norway,15.0,Hydro,WRI,62.35
Norway,4.0,Hydro,WRI,13.11
Norway,4.0,Hydro,WRI,13.14
Norway,4.0,Hydro,WRI,19.01
Norway,25.0,Hydro,WRI,100.54
Norway,25.0,Hydro,WRI,99.0
Norway,31.0,Hydro,WRI,114.63
Norway,171.0,Hydro,WRI,714.58
Norway,8.0,Hydro,WRI,38.56
Norway,37.0,Hydro,WRI,148.25
Norway,6.0,Hydro,WRI,25.95
Norway,30.0,Hydro,WRI,140.9
Norway,17.0,Hydro,WRI,92.66
Norway,5.0,Hydro,WRI,25.34
Norway,5.0,Hydro,WRI,17.79
Norway,4.0,Hydro,WRI,17.0
Norway,160.0,Hydro,WRI,589.1
Norway,200.0,Hydro,WRI,760.92
Norway,4.0,Hydro,WRI,19.06
Norway,39.0,Hydro,WRI,174.29
Norway,14.0,Hydro,WRI,67.75
Norway,18.0,Hydro,WRI,94.2
Norway,35.0,Hydro,WRI,150.41
Norway,12.0,Hydro,WRI,47.52
Norway,100.0,Hydro,WRI,402.57
Norway,5.0,Hydro,WRI,15.77
Norway,6.0,Hydro,WRI,19.89
Norway,6.0,Hydro,WRI,24.01
Norway,6.0,Hydro,WRI,19.84
Norway,78.0,Hydro,WRI,354.26
Norway,446.0,Hydro,WRI,1513.67
Norway,60.0,Hydro,WRI,222.31
Norway,22.0,Hydro,WRI,112.58
Norway,6.0,Hydro,WRI,26.03
Norway,20.0,Hydro,WRI,97.15
Norway,8.0,Hydro,WRI,40.09
Norway,130.0,Hydro,WRI,502.62
Norway,60.0,Hydro,WRI,245.78
Norway,14.0,Hydro,WRI,74.3
Norway,5.0,Hydro,WRI,20.21
Norway,49.0,Hydro,WRI,193.82
Norway,11.0,Hydro,WRI,56.28
Norway,273.0,Hydro,WRI,894.0
Norway,3.0,Hydro,WRI,13.89
Norway,9.0,Hydro,WRI,37.58
Norway,11.0,Hydro,WRI,44.85
Norway,1.0,Hydro,WRI,4.47
Norway,85.0,Hydro,WRI,346.7
Norway,50.0,Hydro,WRI,208.22
Norway,22.0,Hydro,WRI,93.68
Norway,44.0,Hydro,WRI,195.56
Norway,17.0,Hydro,WRI,88.23
Norway,9.0,Hydro,WRI,40.26
Norway,15.0,Hydro,WRI,76.24
Norway,6.0,Hydro,WRI,26.0
Norway,11.0,Hydro,WRI,40.51
Norway,32.0,Hydro,WRI,146.15
Norway,90.0,Hydro,WRI,373.9
Norway,24.0,Hydro,WRI,113.75
Norway,26.0,Hydro,WRI,117.18
Norway,4.0,Hydro,WRI,18.09
Norway,40.0,Hydro,WRI,190.09
Norway,1.0,Hydro,WRI,4.88
Norway,6.0,Hydro,WRI,26.56
Norway,160.0,Hydro,WRI,634.51
Norway,42.0,Hydro,WRI,159.82
Norway,42.0,Hydro,WRI,171.54
Norway,100.0,Hydro,WRI,441.65
Norway,4.0,Hydro,WRI,16.65
Norway,6.0,Hydro,WRI,25.32
Norway,19.0,Hydro,WRI,69.54
Norway,62.0,Hydro,WRI,266.17
Norway,12.0,Hydro,WRI,53.3
Norway,40.0,Hydro,WRI,177.96
Norway,60.0,Hydro,WRI,277.94
Norway,35.0,Hydro,WRI,142.66
Norway,188.0,Hydro,WRI,848.84
Norway,20.0,Hydro,WRI,92.37
Norway,45.0,Hydro,WRI,180.41
Norway,150.0,Hydro,WRI,526.33
Norway,6.0,Hydro,WRI,22.28
Norway,9.0,Hydro,WRI,41.39
Norway,43.0,Hydro,WRI,172.29
Norway,32.0,Hydro,WRI,136.11
Norway,20.0,Hydro,WRI,100.07
Norway,11.0,Hydro,WRI,40.39
Norway,348.0,Hydro,WRI,1276.17
Norway,460.0,Hydro,WRI,1547.64
Norway,56.0,Hydro,WRI,218.79
Norway,3.0,Hydro,WRI,9.34
Norway,4.0,Hydro,WRI,14.73
Norway,7.0,Hydro,WRI,29.03
Norway,55.0,Hydro,WRI,254.78
Norway,73.0,Hydro,WRI,294.62
Norway,124.0,Hydro,WRI,505.49
Norway,190.0,Hydro,WRI,740.24
Norway,5.0,Hydro,WRI,23.65
Norway,105.0,Hydro,WRI,416.23
Norway,17.0,Hydro,WRI,77.04
Norway,6.0,Hydro,WRI,25.49
Norway,53.0,Hydro,WRI,262.09
Norway,65.0,Hydro,WRI,291.04
Norway,38.0,Hydro,WRI,163.3
Norway,7.0,Hydro,WRI,25.99
Norway,320.0,Hydro,WRI,1092.96
Norway,44.0,Hydro,WRI,204.31
Norway,8.0,Hydro,WRI,35.83
Norway,7.0,Hydro,WRI,23.15
Norway,101.0,Hydro,WRI,444.22
Norway,30.0,Hydro,WRI,120.65
Norway,22.0,Hydro,WRI,88.79
Norway,3.0,Hydro,WRI,9.36
Norway,6.0,Hydro,WRI,26.49
Norway,9.0,Hydro,WRI,39.33
Norway,7.0,Hydro,WRI,34.93
Norway,72.0,Hydro,WRI,272.31
Norway,97.0,Hydro,WRI,361.14
Norway,5.0,Hydro,WRI,15.8
Norway,12.0,Hydro,WRI,61.23
Norway,352.0,Hydro,GEODB,1305.04
Norway,163.0,Hydro,WRI,735.29
Norway,64.0,Hydro,WRI,260.78
Norway,50.0,Hydro,WRI,200.68
Norway,4.0,Hydro,WRI,17.38
Norway,1444.0,Hydro,WRI,5614.82
Norway,90.0,Hydro,WRI,366.86
Norway,8.0,Hydro,WRI,38.06
Norway,56.0,Hydro,WRI,228.65
Norway,34.0,Hydro,WRI,136.23
Norway,580.0,Hydro,WRI,2105.46
Norway,10.0,Hydro,WRI,51.65
Norway,115.0,Hydro,WRI,559.96
Norway,9.0,Hydro,WRI,41.12
Norway,38.0,Hydro,WRI,162.86
Norway,10.0,Hydro,WRI,41.2
Norway,5.0,Hydro,WRI,19.71
Norway,53.0,Hydro,WRI,222.43
Norway,2.0,Hydro,WRI,7.84
Norway,24.0,Hydro,WRI,109.29
Norway,51.0,Hydro,WRI,201.19
Norway,83.0,Hydro,WRI,322.7
Norway,20.0,Hydro,WRI,86.02
Norway,22.0,Hydro,WRI,88.63
Norway,60.0,Hydro,WRI,275.89
Norway,140.0,Hydro,WRI,494.74
Norway,2.0,Hydro,WRI,9.11
Norway,15.0,Hydro,WRI,80.07
Norway,6.0,Hydro,WRI,29.19
Norway,6.0,Hydro,WRI,24.41
Norway,264.0,Hydro,WRI,1041.71
Norway,275.0,Hydro,WRI,921.55
Norway,29.0,Hydro,WRI,116.63
Norway,307.0,Hydro,WRI,1131.47
Norway,60.0,Hydro,WRI,243.96
Norway,26.0,Hydro,WRI,133.16
Norway,42.0,Hydro,WRI,162.43
Norway,9.0,Hydro,WRI,32.49
Norway,2.0,Hydro,WRI,9.29
Norway,1.0,Hydro,WRI,4.06
Norway,72.0,Hydro,WRI,343.88
Norway,118.0,Hydro,Open Power System Data,410.91
Norway,260.0,Hydro,WRI,891.82
Norway,378.0,Hydro,WRI,1364.47
Norway,343.0,Hydro,WRI,1294.72
Norway,51.0,Hydro,WRI,217.15
Norway,70.0,Hydro,WRI,311.94
Norway,299.0,Hydro,WRI,1198.34
Norway,56.0,Hydro,WRI,276.92
Norway,9.0,Hydro,GEODB,39.71
Norway,302.0,Hydro,WRI,1004.83
Norway,50.0,Hydro,WRI,186.41
Norway,93.0,Hydro,WRI,375.58
Norway,240.0,Hydro,WRI,973.9
Norway,56.0,Hydro,WRI,224.77
Norway,50.0,Hydro,WRI,198.2
Norway,96.0,Hydro,WRI,395.43
Norway,188.0,Hydro,WRI,662.36
Norway,150.0,Hydro,WRI,531.98
Norway,109.0,Hydro,WRI,468.92
Norway,39.0,Hydro,WRI,167.54
Norway,570.0,Hydro,WRI,2109.26
Norway,114.0,Hydro,WRI,414.88
Norway,113.0,Hydro,WRI,412.32
Norway,192.0,Hydro,WRI,661.35
Norway,56.0,Hydro,WRI,271.53
Norway,65.0,Hydro,WRI,309.4
Norway,206.0,Hydro,WRI,765.13
Norway,90.0,Hydro,WRI,401.53
Norway,674.0,Hydro,WRI,2408.51
Norway,78.0,Hydro,WRI,315.34
Norway,75.0,Hydro,WRI,298.06
Norway,229.0,Hydro,Open Power System Data,954.32
Norway,60.0,Hydro,WRI,293.54
Norway,88.0,Hydro,WRI,375.59
Norway,83.0,Hydro,WRI,315.17
Norway,120.0,Hydro,Open Power System Data,455.44
Norway,360.0,Hydro,WRI,1363.05
Norway,54.0,Hydro,WRI,267.57
Norway,102.0,Hydro,WRI,491.08
Norway,240.0,Hydro,WRI,898.57
Norway,250.0,Hydro,WRI,838.33
Norway,140.0,Hydro,WRI,490.19
Norway,310.0,Hydro,WRI,1223.23
Norway,88.0,Hydro,WRI,345.31
Norway,107.0,Hydro,WRI,406.26
Norway,125.0,Hydro,WRI,572.23
Norway,198.0,Hydro,WRI,763.33
Norway,66.0,Hydro,WRI,265.0
Norway,170.0,Hydro,WRI,628.67
Norway,42.0,Hydro,WRI,197.85
Norway,350.0,Hydro,WRI,1056.95
Norway,118.0,Hydro,WRI,432.49
Norway,128.0,Hydro,WRI,509.51
Norway,780.0,Hydro,WRI,3137.37
Norway,42.0,Hydro,WRI,194.43
Norway,140.0,Hydro,WRI,586.42
Norway,111.0,Hydro,WRI,535.02
Norway,61.0,Hydro,WRI,265.35
Norway,720.0,Hydro,WRI,2880.89
Norway,60.0,Hydro,WRI,247.3
Norway,70.0,Hydro,WRI,333.17
Norway,130.0,Hydro,Open Power System Data,476.34
Norway,140.0,Hydro,WRI,543.42
Norway,480.0,Hydro,WRI,1751.97
Norway,1130.0,Hydro,WRI,3988.43
Norway,170.0,Hydro,WRI,724.04
Norway,169.0,Hydro,WRI,704.04
Norway,203.0,Hydro,WRI,835.92
Norway,64.0,Hydro,WRI,250.97
Norway,440.0,Hydro,WRI,1407.92
Norway,258.0,Hydro,WRI,975.8
Norway,40.0,Hydro,WRI,155.22
Norway,206.0,Hydro,WRI,861.71
Norway,42.0,Hydro,WRI,156.0
Norway,150.0,Hydro,WRI,643.17
Norway,252.0,Hydro,WRI,935.2
Norway,224.0,Hydro,WRI,769.78
Norway,55.0,Hydro,WRI,220.37
Norway,45.0,Hydro,WRI,190.1
Norway,375.0,Hydro,WRI,1173.68
Norway,42.0,Hydro,WRI,202.21
Norway,66.0,Hydro,WRI,258.41
Oman,4.4,Solar,Wiki-Solar,8.98
Oman,1021.0,Solar,Wiki-Solar,1901.61
Oman,113.4,Solar,Wiki-Solar,219.68
Pakistan,12.0,Solar,Wiki-Solar,22.32
Pakistan,184.0,Hydro,GEODB,642.1
Pakistan,13.0,Hydro,CARMA,48.95
Pakistan,36.6,Hydro,WRI,146.58
Pakistan,20.0,Hydro,CARMA,82.28
Pakistan,50.0,Solar,Wiki-Solar,90.68
Pakistan,1450.0,Hydro,GEODB,5282.96
Pakistan,1368.0,Hydro,GEODB,5090.7
Pakistan,1000.0,Hydro,GEODB,4575.09
Pakistan,14.0,Hydro,WRI,46.66
Pakistan,147.0,Hydro,WRI,595.58
Pakistan,98.0,Solar,Wiki-Solar,185.66
Pakistan,117.4,Solar,Wiki-Solar,221.53
Pakistan,22.0,Hydro,CARMA,119.47
Pakistan,14.0,Hydro,CARMA,47.73
Pakistan,3478.0,Hydro,GEODB,12794.61
Pakistan,243.0,Hydro,GEODB,995.98
Palestine,7.6,Solar,Wiki-Solar,16.55
Panama,260.0,Hydro,GEODB,721.47
Panama,222.4,Hydro,GEODB,675.06
Panama,9.9,Solar,Wiki-Solar,16.63
Panama,300.0,Hydro,GEODB,727.42
Panama,120.0,Hydro,GEODB,318.34
Panama,8.0,Solar,Wiki-Solar,13.43
Panama,22.5,Hydro,GEODB,83.87
Panama,10.0,Solar,Wiki-Solar,16.8
Panama,47.2,Hydro,GEODB,140.28
Panama,54.8,Hydro,GEODB,162.87
Panama,36.0,Hydro,GEODB,112.02
Papua New Guinea,1.5,Hydro,WRI,4.62
Papua New Guinea,57.0,Hydro,WRI,190.43
Papua New Guinea,12.0,Hydro,WRI,51.1
Papua New Guinea,75.0,Hydro,WRI,263.86
Papua New Guinea,1.5,Hydro,WRI,3.91
Papua New Guinea,18.0,Hydro,WRI,65.12
Paraguay,210.0,Hydro,WRI,678.07
Paraguay,7000.0,Hydro,WRI,35230.22
Paraguay,1550.0,Hydro,WRI,4102.81
Peru,798.0,Hydro,WRI,3242.57
Peru,247.0,Hydro,WRI,755.89
Peru,145.0,Hydro,WRI,402.94
Peru,143.0,Hydro,GEODB,442.77
Peru,220.0,Hydro,WRI,670.38
Peru,20.0,Hydro,WRI,59.4
Peru,258.0,Hydro,GEODB,642.64
Peru,189.0,Hydro,WRI,629.71
Peru,20.0,Solar,WRI,52.89
Peru,120.0,Hydro,WRI,325.09
Peru,16.0,Solar,Wiki-Solar,42.23
Peru,20.0,Solar,WRI,52.32
Peru,26.4,Hydro,WRI,93.57
Peru,115.0,Hydro,CDM,304.59
Peru,20.0,Solar,WRI,50.57
Peru,210.0,Hydro,WRI,944.43
Peru,144.5,Solar,Wiki-Solar,360.79
Peru,114.0,Hydro,WRI,441.28
Peru,20.0,Solar,WRI,52.8
Peru,130.0,Hydro,WRI,388.79
Philippines,80.0,Hydro,GEODB,249.0
Philippines,180.0,Hydro,GEODB,496.13
Philippines,158.1,Hydro,GEODB,435.77
Philippines,309.0,Hydro,GEODB,699.04
Philippines,105.0,Hydro,GEODB,291.12
Philippines,246.0,Hydro,GEODB,515.0
Philippines,70.0,Hydro,CARMA,193.25
Philippines,132.0,Hydro,GEODB,330.08
Philippines,22.8,Hydro,CARMA,57.91
Philippines,4.1,Solar,Wiki-Solar,7.6
Philippines,35.0,Hydro,GEODB,82.18
Philippines,165.0,Hydro,GEODB,362.85
Philippines,3.0,Solar,Wiki-Solar,5.51
Philippines,41.3,Solar,Wiki-Solar,75.74
Philippines,6.2,Solar,Wiki-Solar,11.47
Philippines,100.0,Solar,Wiki-Solar,183.07
Philippines,7.4,Solar,Wiki-Solar,13.69
Philippines,739.2,Hydro,GEODB,1262.2
Philippines,12.6,Solar,Wiki-Solar,23.61
Philippines,14.0,Solar,Wiki-Solar,25.79
Philippines,50.0,Solar,Wiki-Solar,89.73
Philippines,30.4,Solar,Wiki-Solar,54.92
Philippines,360.0,Hydro,GEODB,868.31
Philippines,30.0,Solar,Wiki-Solar,53.56
Philippines,20.0,Solar,Wiki-Solar,36.86
Philippines,18.0,Solar,Wiki-Solar,33.05
Philippines,132.0,Hydro,GEODB,316.87
Philippines,255.0,Hydro,GEODB,654.52
Philippines,10.0,Solar,Wiki-Solar,17.99
Philippines,13.2,Solar,Wiki-Solar,24.33
Philippines,21.0,Solar,WRI,38.74
Philippines,411.0,Hydro,GEODB,917.46
Philippines,9.0,Solar,Wiki-Solar,16.56
Philippines,23.0,Solar,Wiki-Solar,41.4
Philippines,10.0,Solar,Wiki-Solar,17.75
Philippines,15.0,Solar,Wiki-Solar,27.47
Philippines,1.0,Hydro,WRI,2.95
Philippines,10.0,Solar,Wiki-Solar,17.84
Philippines,12.0,Solar,Wiki-Solar,22.01
Philippines,50.0,Solar,Wiki-Solar,89.35
Poland,7.0,Hydro,University of Dąbrowa Górnicza,16.09
Poland,2.0,Hydro,University of Dąbrowa Górnicza,7.67
Poland,2.0,Hydro,University of Dąbrowa Górnicza,7.97
Poland,88.0,Hydro,University of Dąbrowa Górnicza,272.24
Poland,21.0,Hydro,University of Dąbrowa Górnicza,83.09
Poland,30.0,Wind,University of Dąbrowa Górnicza,92.27
Poland,41.0,Wind,University of Dąbrowa Górnicza,100.22
Poland,34.0,Wind,University of Dąbrowa Górnicza,90.53
Poland,18.0,Wind,University of Dąbrowa Górnicza,44.57
Poland,49.0,Wind,University of Dąbrowa Górnicza,143.87
Poland,61.0,Wind,University of Dąbrowa Górnicza,174.81
Poland,1.0,Solar,University of Dąbrowa Górnicza,1.26
Poland,24.0,Wind,University of Dąbrowa Górnicza,79.87
Poland,18.0,Wind,University of Dąbrowa Górnicza,40.35
Poland,12.0,Wind,University of Dąbrowa Górnicza,32.97
Poland,38.0,Wind,University of Dąbrowa Górnicza,111.74
Poland,32.0,Wind,University of Dąbrowa Górnicza,87.17
Poland,20.0,Wind,University of Dąbrowa Górnicza,66.15
Poland,51.0,Wind,University of Dąbrowa Górnicza,145.02
Poland,90.0,Wind,University of Dąbrowa Górnicza,291.57
Poland,70.0,Wind,University of Dąbrowa Górnicza,197.27
Poland,33.0,Wind,University of Dąbrowa Górnicza,97.24
Poland,6.0,Wind,University of Dąbrowa Górnicza,13.21
Poland,30.0,Wind,University of Dąbrowa Górnicza,93.45
Poland,24.0,Wind,University of Dąbrowa Górnicza,70.49
Poland,34.0,Wind,University of Dąbrowa Górnicza,106.33
Poland,30.0,Wind,University of Dąbrowa Górnicza,88.4
Poland,22.0,Wind,University of Dąbrowa Górnicza,62.18
Poland,51.0,Wind,University of Dąbrowa Górnicza,140.3
Poland,41.0,Wind,University of Dąbrowa Górnicza,92.6
Poland,30.0,Wind,University of Dąbrowa Górnicza,86.98
Poland,50.0,Wind,University of Dąbrowa Górnicza,146.37
Poland,50.0,Wind,University of Dąbrowa Górnicza,113.88
Poland,30.0,Wind,University of Dąbrowa Górnicza,100.03
Poland,42.0,Wind,University of Dąbrowa Górnicza,134.83
Poland,30.0,Wind,University of Dąbrowa Górnicza,71.79
Poland,48.0,Wind,University of Dąbrowa Górnicza,136.75
Poland,34.0,Wind,University of Dąbrowa Górnicza,99.87
Poland,32.0,Wind,University of Dąbrowa Górnicza,93.57
Poland,120.0,Wind,University of Dąbrowa Górnicza,307.82
Poland,4.0,Hydro,University of Dąbrowa Górnicza,9.84
Poland,2.0,Hydro,University of Dąbrowa Górnicza,7.76
Poland,3.0,Hydro,University of Dąbrowa Górnicza,10.98
Poland,1.0,Hydro,University of Dąbrowa Górnicza,4.39
Poland,2.0,Hydro,University of Dąbrowa Górnicza,7.74
Poland,2.0,Hydro,University of Dąbrowa Górnicza,7.55
Poland,8.0,Hydro,University of Dąbrowa Górnicza,23.37
Poland,93.0,Hydro,University of Dąbrowa Górnicza,268.88
Poland,4.0,Hydro,University of Dąbrowa Górnicza,16.57
Poland,31.0,Wind,University of Dąbrowa Górnicza,79.51
Poland,3.0,Hydro,University of Dąbrowa Górnicza,9.73
Poland,13.0,Hydro,University of Dąbrowa Górnicza,41.46
Poland,540.0,Hydro,University of Dąbrowa Górnicza,1007.08
Poland,2.0,Hydro,University of Dąbrowa Górnicza,7.57
Poland,4.0,Hydro,University of Dąbrowa Górnicza,13.59
Poland,198.0,Hydro,University of Dąbrowa Górnicza,407.55
Poland,2.0,Hydro,University of Dąbrowa Górnicza,8.07
Poland,3.0,Hydro,University of Dąbrowa Górnicza,6.95
Poland,21.0,Hydro,University of Dąbrowa Górnicza,59.73
Poland,160.0,Hydro,University of Dąbrowa Górnicza,492.77
Poland,2.0,Hydro,University of Dąbrowa Górnicza,7.65
Poland,716.0,Hydro,University of Dąbrowa Górnicza,1789.14
Poland,157.0,Hydro,University of Dąbrowa Górnicza,387.38
Portugal,3.34,Wind,Energias Endogenas de Portugal,7.23
Portugal,6.9,Wind,Energias Endogenas de Portugal,17.56
Portugal,2.0,Hydro,Energias Endogenas de Portugal,7.18
Portugal,13.5,Wind,Energias Endogenas de Portugal,33.97
Portugal,6.0,Wind,Energias Endogenas de Portugal,14.46
Portugal,1.1,Solar,Energias Endogenas de Portugal,2.02
Portugal,5.0,Wind,Energias Endogenas de Portugal,12.25
Portugal,36.0,Wind,Energias Endogenas de Portugal,96.58
Portugal,253.2,Wind,Energias Endogenas de Portugal,635.92
Portugal,630.0,Hydro,WRI,1528.38
Portugal,240.0,Wind,Energias Endogenas de Portugal,655.8
Portugal,68.0,Hydro,Energias Endogenas de Portugal,190.51
Portugal,165.6,Wind,Energias Endogenas de Portugal,425.7
Portugal,18.0,Wind,Energias Endogenas de Portugal,50.3
Portugal,2.4,Wind,Energias Endogenas de Portugal,7.48
Portugal,4.5,Wind,Energias Endogenas de Portugal,11.05
Portugal,12.0,Wind,Energias Endogenas de Portugal,41.59
Portugal,32.0,Wind,Energias Endogenas de Portugal,92.9
Portugal,1.6,Wind,Energias Endogenas de Portugal,3.78
Portugal,13.5,Wind,Energias Endogenas de Portugal,41.53
Portugal,1.5,Hydro,Energias Endogenas de Portugal,5.5
Portugal,10.0,Hydro,Energias Endogenas de Portugal,24.66
Portugal,18.0,Wind,Energias Endogenas de Portugal,52.04
Portugal,3.4,Hydro,Energias Endogenas de Portugal,8.11
Portugal,22.8,Wind,Energias Endogenas de Portugal,74.36
Portugal,10.0,Wind,Energias Endogenas de Portugal,27.34
Portugal,45.8,Solar,Energias Endogenas de Portugal,93.95
Portugal,1.2,Hydro,Energias Endogenas de Portugal,3.59
Portugal,121.2,Wind,Energias Endogenas de Portugal,361.06
Portugal,11.5,Wind,Energias Endogenas de Portugal,28.16
Portugal,4.0,Wind,Energias Endogenas de Portugal,10.71
Portugal,3.1,Hydro,Energias Endogenas de Portugal,10.97
Portugal,36.0,Wind,Energias Endogenas de Portugal,85.06
Portugal,6.0,Wind,Energias Endogenas de Portugal,14.65
Portugal,1.0,Hydro,Energias Endogenas de Portugal,3.53
Portugal,14.0,Solar,Energias Endogenas de Portugal,37.04
Portugal,14.0,Wind,Energias Endogenas de Portugal,44.31
Portugal,24.3,Wind,Energias Endogenas de Portugal,65.48
Portugal,22.0,Wind,Energias Endogenas de Portugal,60.99
Portugal,6.3,Wind,Energias Endogenas de Portugal,19.16
Portugal,2.0,Hydro,Energias Endogenas de Portugal,7.54
Portugal,50.0,Wind,Energias Endogenas de Portugal,153.19
Portugal,100.8,Wind,Energias Endogenas de Portugal,260.69
Portugal,80.7,Hydro,Energias Endogenas de Portugal,267.93
Portugal,3.0,Wind,Energias Endogenas de Portugal,4.85
Portugal,7.0,Wind,Energias Endogenas de Portugal,24.6
Portugal,3.8,Hydro,Energias Endogenas de Portugal,13.0
Portugal,5.2,Wind,Energias Endogenas de Portugal,13.27
Portugal,24.0,Wind,Energias Endogenas de Portugal,70.55
Portugal,60.0,Wind,Energias Endogenas de Portugal,156.45
Portugal,2.0,Wind,Energias Endogenas de Portugal,4.55
Portugal,9.9,Hydro,Energias Endogenas de Portugal,24.63
Portugal,44.0,Hydro,Energias Endogenas de Portugal,132.83
Portugal,10.1,Hydro,Energias Endogenas de Portugal,31.38
Portugal,3.1,Hydro,Energias Endogenas de Portugal,9.95
Portugal,16.0,Wind,Energias Endogenas de Portugal,42.76
Portugal,1.6,Hydro,Energias Endogenas de Portugal,4.51
Portugal,1.4,Hydro,Energias Endogenas de Portugal,3.08
Portugal,2.4,Wind,Energias Endogenas de Portugal,5.57
Portugal,18.0,Wind,Energias Endogenas de Portugal,58.7
Portugal,11.7,Wind,Energias Endogenas de Portugal,33.43
Portugal,22.2,Wind,Energias Endogenas de Portugal,57.74
Portugal,31.2,Wind,Energias Endogenas de Portugal,87.01
Portugal,1.11,Wind,Energias Endogenas de Portugal,1.51
Portugal,20.2,Wind,Energias Endogenas de Portugal,71.57
Portugal,10.2,Wind,Energias Endogenas de Portugal,31.72
Portugal,1.2,Wind,Energias Endogenas de Portugal,3.36
Portugal,10.0,Wind,Energias Endogenas de Portugal,24.29
Portugal,40.0,Hydro,Energias Endogenas de Portugal,107.31
Portugal,4.7,Hydro,Energias Endogenas de Portugal,12.37
Portugal,40.0,Wind,Energias Endogenas de Portugal,112.11
Portugal,2.0,Hydro,Energias Endogenas de Portugal,7.44
Portugal,1.6,Hydro,Energias Endogenas de Portugal,4.82
Portugal,62.0,Hydro,Energias Endogenas de Portugal,166.33
Portugal,6.6,Solar,Energias Endogenas de Portugal,15.01
Portugal,90.0,Wind,Energias Endogenas de Portugal,256.59
Portugal,1.2,Wind,Energias Endogenas de Portugal,2.16
Portugal,5.5,Hydro,Energias Endogenas de Portugal,11.59
Portugal,20.7,Wind,Energias Endogenas de Portugal,56.38
Portugal,13.8,Wind,Energias Endogenas de Portugal,38.87
Portugal,2.0,Wind,Energias Endogenas de Portugal,4.75
Portugal,1.1,Hydro,Energias Endogenas de Portugal,2.79
Portugal,4.0,Wind,Energias Endogenas de Portugal,9.21
Portugal,1.3,Solar,Energias Endogenas de Portugal,3.02
Portugal,7.2,Hydro,Energias Endogenas de Portugal,18.31
Portugal,18.0,Wind,Energias Endogenas de Portugal,50.84
Portugal,2.0,Wind,Energias Endogenas de Portugal,3.96
Portugal,4.2,Hydro,Energias Endogenas de Portugal,10.02
Portugal,6.9,Wind,Energias Endogenas de Portugal,18.36
Portugal,4.0,Wind,Energias Endogenas de Portugal,7.92
Portugal,2.0,Wind,Energias Endogenas de Portugal,3.84
Portugal,80.5,Wind,Energias Endogenas de Portugal,198.41
Portugal,8.0,Wind,Energias Endogenas de Portugal,20.97
Portugal,41.8,Wind,Energias Endogenas de Portugal,130.03
Portugal,2.4,Solar,Energias Endogenas de Portugal,4.51
Portugal,2.4,Hydro,Energias Endogenas de Portugal,9.33
Portugal,10.0,Wind,Energias Endogenas de Portugal,26.25
Portugal,6.6,Hydro,Energias Endogenas de Portugal,15.46
Portugal,20.0,Wind,Energias Endogenas de Portugal,50.32
Portugal,13.2,Hydro,Energias Endogenas de Portugal,39.62
Portugal,2.6,Wind,Energias Endogenas de Portugal,5.67
Portugal,8.0,Wind,Energias Endogenas de Portugal,25.82
Portugal,10.0,Hydro,Energias Endogenas de Portugal,30.6
Portugal,8.5,Hydro,Energias Endogenas de Portugal,27.67
Portugal,7.0,Hydro,Energias Endogenas de Portugal,15.12
Portugal,6.0,Wind,Energias Endogenas de Portugal,13.37
Portugal,10.0,Wind,Energias Endogenas de Portugal,25.48
Portugal,1.0,Solar,Energias Endogenas de Portugal,1.98
Portugal,2.4,Hydro,Energias Endogenas de Portugal,8.77
Portugal,2.4,Hydro,Energias Endogenas de Portugal,7.42
Portugal,1.7,Hydro,Energias Endogenas de Portugal,5.31
Portugal,18.0,Wind,Energias Endogenas de Portugal,49.05
Portugal,36.0,Hydro,Energias Endogenas de Portugal,105.54
Portugal,8.0,Wind,Energias Endogenas de Portugal,17.83
Portugal,12.0,Solar,Energias Endogenas de Portugal,26.65
Portugal,10.0,Solar,Energias Endogenas de Portugal,20.02
Portugal,6.0,Solar,Energias Endogenas de Portugal,13.72
Portugal,1.5,Wind,Energias Endogenas de Portugal,3.81
Portugal,10.2,Wind,Energias Endogenas de Portugal,20.0
Portugal,10.0,Wind,Energias Endogenas de Portugal,27.44
Portugal,13.5,Wind,Energias Endogenas de Portugal,35.55
Portugal,8.06,Wind,Energias Endogenas de Portugal,13.75
Portugal,780.0,Hydro,WRI,2230.55
Portugal,7.0,Hydro,Energias Endogenas de Portugal,22.48
Portugal,4.6,Hydro,Energias Endogenas de Portugal,17.46
Portugal,18.4,Wind,Energias Endogenas de Portugal,53.68
Portugal,3.2,Hydro,Energias Endogenas de Portugal,10.75
Portugal,1.2,Hydro,Energias Endogenas de Portugal,3.6
Portugal,1.4,Hydro,Energias Endogenas de Portugal,4.76
Portugal,114.0,Wind,Energias Endogenas de Portugal,272.55
Portugal,6.4,Wind,Energias Endogenas de Portugal,14.3
Portugal,9.0,Wind,Energias Endogenas de Portugal,35.19
Portugal,2.2,Hydro,Energias Endogenas de Portugal,7.8
Portugal,8.0,Wind,Energias Endogenas de Portugal,19.21
Portugal,18.0,Wind,Energias Endogenas de Portugal,48.03
Portugal,4.0,Hydro,Energias Endogenas de Portugal,13.23
Portugal,2.5,Hydro,Energias Endogenas de Portugal,8.39
Portugal,7.2,Wind,Energias Endogenas de Portugal,16.96
Portugal,2.2,Solar,Energias Endogenas de Portugal,3.88
Portugal,7.3,Hydro,Energias Endogenas de Portugal,21.39
Portugal,7.9,Hydro,Energias Endogenas de Portugal,26.54
Portugal,26.0,Wind,Energias Endogenas de Portugal,76.08
Portugal,12.0,Wind,Energias Endogenas de Portugal,40.04
Portugal,34.0,Wind,Energias Endogenas de Portugal,107.24
Portugal,10.4,Wind,Energias Endogenas de Portugal,29.45
Portugal,16.1,Wind,Energias Endogenas de Portugal,44.39
Portugal,44.1,Hydro,Energias Endogenas de Portugal,130.71
Portugal,5.1,Wind,Energias Endogenas de Portugal,12.13
Portugal,7.2,Solar,Energias Endogenas de Portugal,15.3
Portugal,6.0,Wind,Energias Endogenas de Portugal,19.16
Portugal,13.0,Wind,Energias Endogenas de Portugal,46.45
Portugal,12.0,Wind,Energias Endogenas de Portugal,37.16
Portugal,21.1,Wind,Energias Endogenas de Portugal,65.95
Portugal,5.9,Solar,Wiki-Solar,12.52
Portugal,2.8,Hydro,Energias Endogenas de Portugal,10.88
Portugal,20.7,Wind,Energias Endogenas de Portugal,71.37
Portugal,35.0,Wind,Energias Endogenas de Portugal,86.28
Portugal,50.0,Wind,Energias Endogenas de Portugal,133.06
Portugal,6.0,Solar,Energias Endogenas de Portugal,12.92
Portugal,10.0,Wind,Energias Endogenas de Portugal,24.38
Portugal,4.2,Wind,Energias Endogenas de Portugal,11.89
Portugal,1.0,Solar,Energias Endogenas de Portugal,2.09
Portugal,9.0,Solar,Energias Endogenas de Portugal,19.98
Portugal,9.9,Wind,Energias Endogenas de Portugal,30.79
Portugal,12.0,Wind,Energias Endogenas de Portugal,28.78
Portugal,66.7,Wind,Energias Endogenas de Portugal,207.83
Portugal,6.5,Hydro,Energias Endogenas de Portugal,14.63
Portugal,6.1,Hydro,Energias Endogenas de Portugal,18.94
Portugal,6.0,Wind,Energias Endogenas de Portugal,14.55
Portugal,4.0,Wind,Energias Endogenas de Portugal,11.36
Portugal,12.0,Wind,Energias Endogenas de Portugal,32.57
Portugal,9.0,Wind,Energias Endogenas de Portugal,20.38
Portugal,5.7,Hydro,Energias Endogenas de Portugal,12.53
Portugal,9.0,Wind,Energias Endogenas de Portugal,22.2
Portugal,15.0,Wind,Energias Endogenas de Portugal,46.72
Portugal,6.0,Wind,Energias Endogenas de Portugal,16.61
Portugal,1.8,Wind,Energias Endogenas de Portugal,5.08
Portugal,2.6,Wind,Energias Endogenas de Portugal,7.08
Portugal,1.8,Wind,Energias Endogenas de Portugal,3.08
Portugal,3.6,Hydro,Energias Endogenas de Portugal,10.88
Portugal,1.4,Solar,Energias Endogenas de Portugal,2.65
Portugal,1.4,Hydro,Energias Endogenas de Portugal,3.18
Portugal,2.0,Wind,Energias Endogenas de Portugal,5.15
Portugal,13.3,Solar,Wiki-Solar,30.38
Portugal,8.0,Wind,Energias Endogenas de Portugal,19.46
Portugal,24.6,Wind,Energias Endogenas de Portugal,66.73
Portugal,9.1,Wind,Energias Endogenas de Portugal,21.31
Portugal,8.0,Wind,Energias Endogenas de Portugal,19.62
Portugal,38.0,Wind,Energias Endogenas de Portugal,96.55
Portugal,38.0,Wind,Energias Endogenas de Portugal,102.13
Portugal,22.3,Wind,Energias Endogenas de Portugal,61.0
Portugal,8.7,Hydro,Energias Endogenas de Portugal,23.47
Portugal,2.5,Hydro,Energias Endogenas de Portugal,6.96
Portugal,2.2,Solar,Energias Endogenas de Portugal,4.06
Portugal,13.4,Wind,Energias Endogenas de Portugal,33.07
Portugal,46.0,Solar,Wiki-Solar,111.3
Portugal,30.0,Wind,Energias Endogenas de Portugal,87.33
Portugal,5.6,Hydro,Energias Endogenas de Portugal,17.85
Portugal,7.5,Wind,Energias Endogenas de Portugal,18.37
Portugal,1.9,Hydro,Energias Endogenas de Portugal,6.88
Portugal,2.6,Hydro,Energias Endogenas de Portugal,10.26
Portugal,1.6,Solar,Energias Endogenas de Portugal,3.58
Portugal,114.0,Wind,Energias Endogenas de Portugal,273.53
Portugal,54.0,Hydro,Energias Endogenas de Portugal,144.87
Portugal,3.4,Hydro,Energias Endogenas de Portugal,7.8
Portugal,12.0,Wind,Energias Endogenas de Portugal,31.31
Portugal,2.0,Solar,Energias Endogenas de Portugal,3.99
Portugal,6.0,Wind,Energias Endogenas de Portugal,16.01
Portugal,3.3,Wind,Energias Endogenas de Portugal,7.94
Portugal,4.0,Hydro,Energias Endogenas de Portugal,13.58
Portugal,10.2,Wind,Energias Endogenas de Portugal,28.05
Portugal,10.0,Hydro,Energias Endogenas de Portugal,29.3
Portugal,2.0,Hydro,Energias Endogenas de Portugal,5.58
Portugal,16.0,Wind,Energias Endogenas de Portugal,39.69
Portugal,9.6,Hydro,Energias Endogenas de Portugal,29.9
Portugal,123.8,Wind,Energias Endogenas de Portugal,276.44
Portugal,13.0,Wind,Energias Endogenas de Portugal,37.77
Portugal,4.9,Hydro,Energias Endogenas de Portugal,15.65
Portugal,2.0,Wind,Energias Endogenas de Portugal,3.78
Portugal,5.2,Hydro,Energias Endogenas de Portugal,16.92
Portugal,6.0,Wind,Energias Endogenas de Portugal,13.58
Portugal,1.8,Wind,Energias Endogenas de Portugal,3.81
Portugal,2.0,Wind,Energias Endogenas de Portugal,4.93
Portugal,144.0,Wind,Energias Endogenas de Portugal,359.21
Portugal,21.6,Wind,Energias Endogenas de Portugal,80.31
Portugal,6.8,Hydro,Energias Endogenas de Portugal,23.04
Portugal,1.0,Hydro,Energias Endogenas de Portugal,3.97
Portugal,2.8,Hydro,Energias Endogenas de Portugal,9.89
Portugal,20.3,Hydro,Energias Endogenas de Portugal,57.8
Portugal,2.2,Hydro,Energias Endogenas de Portugal,7.75
Portugal,1.1,Wind,Energias Endogenas de Portugal,2.18
Portugal,6.0,Solar,Energias Endogenas de Portugal,13.44
Portugal,2.0,Solar,Energias Endogenas de Portugal,4.55
Portugal,2.0,Wind,Energias Endogenas de Portugal,3.43
Portugal,41.0,Hydro,Energias Endogenas de Portugal,106.47
Portugal,2.9,Hydro,Energias Endogenas de Portugal,8.07
Portugal,2.0,Wind,Energias Endogenas de Portugal,5.02
Portugal,9.1,Wind,Energias Endogenas de Portugal,20.56
Portugal,2.55,Wind,Energias Endogenas de Portugal,5.17
Portugal,1.1,Solar,Energias Endogenas de Portugal,2.07
Portugal,2.0,Wind,Energias Endogenas de Portugal,3.59
Portugal,128.8,Wind,Energias Endogenas de Portugal,348.43
Portugal,24.0,Hydro,Energias Endogenas de Portugal,73.55
Portugal,10.0,Hydro,Energias Endogenas de Portugal,24.88
Portugal,14.0,Wind,Energias Endogenas de Portugal,37.3
Portugal,6.0,Wind,Energias Endogenas de Portugal,15.12
Portugal,3.2,Hydro,Energias Endogenas de Portugal,8.18
Portugal,73.6,Hydro,Energias Endogenas de Portugal,199.6
Portugal,1.0,Hydro,Energias Endogenas de Portugal,3.63
Portugal,1.7,Hydro,Energias Endogenas de Portugal,4.58
Portugal,1.8,Hydro,Energias Endogenas de Portugal,5.45
Portugal,12.8,Hydro,Energias Endogenas de Portugal,38.48
Portugal,10.0,Hydro,Energias Endogenas de Portugal,30.2
Portugal,42.0,Hydro,Energias Endogenas de Portugal,112.67
Portugal,12.6,Wind,Energias Endogenas de Portugal,33.32
Portugal,4.0,Wind,Energias Endogenas de Portugal,7.61
Portugal,24.4,Hydro,Energias Endogenas de Portugal,69.55
Portugal,26.0,Wind,Energias Endogenas de Portugal,79.03
Portugal,10.4,Wind,Energias Endogenas de Portugal,27.11
Portugal,12.0,Wind,Energias Endogenas de Portugal,30.03
Portugal,10.0,Hydro,Energias Endogenas de Portugal,33.09
Portugal,1.2,Wind,Energias Endogenas de Portugal,2.03
Portugal,4.0,Wind,Energias Endogenas de Portugal,10.07
Portugal,8.8,Hydro,Energias Endogenas de Portugal,27.64
Portugal,3.8,Hydro,Energias Endogenas de Portugal,13.94
Portugal,8.0,Wind,Energias Endogenas de Portugal,19.57
Portugal,2.0,Wind,Energias Endogenas de Portugal,6.35
Portugal,11.0,Solar,Energias Endogenas de Portugal,22.18
Portugal,1.7,Hydro,Energias Endogenas de Portugal,4.79
Portugal,2.0,Wind,Energias Endogenas de Portugal,3.87
Portugal,21.71,Wind,Energias Endogenas de Portugal,65.74
Portugal,19.4,Wind,Energias Endogenas de Portugal,49.93
Portugal,6.0,Wind,Energias Endogenas de Portugal,13.62
Portugal,2.0,Wind,Energias Endogenas de Portugal,4.85
Portugal,8.0,Wind,Energias Endogenas de Portugal,21.71
Portugal,20.0,Wind,Energias Endogenas de Portugal,61.03
Portugal,10.0,Wind,Energias Endogenas de Portugal,25.65
Portugal,2.0,Wind,Energias Endogenas de Portugal,5.54
Portugal,4.5,Wind,Energias Endogenas de Portugal,9.83
Portugal,36.1,Wind,Energias Endogenas de Portugal,99.53
Portugal,10.0,Wind,Energias Endogenas de Portugal,25.38
Portugal,4.9,Hydro,Energias Endogenas de Portugal,12.9
Portugal,42.0,Wind,Energias Endogenas de Portugal,120.37
Portugal,18.0,Wind,Energias Endogenas de Portugal,55.1
Portugal,12.3,Wind,Energias Endogenas de Portugal,40.06
Portugal,22.9,Wind,Energias Endogenas de Portugal,74.52
Portugal,9.0,Wind,Energias Endogenas de Portugal,24.02
Portugal,30.7,Wind,Energias Endogenas de Portugal,84.79
Portugal,32.0,Wind,Energias Endogenas de Portugal,80.63
Portugal,111.0,Wind,Energias Endogenas de Portugal,264.42
Portugal,20.0,Wind,Energias Endogenas de Portugal,55.53
Portugal,4.0,Wind,Energias Endogenas de Portugal,7.79
Portugal,7.2,Hydro,Energias Endogenas de Portugal,18.21
Portugal,8.0,Wind,Energias Endogenas de Portugal,27.66
Portugal,14.0,Wind,Energias Endogenas de Portugal,38.15
Portugal,24.0,Hydro,Energias Endogenas de Portugal,72.17
Portugal,218.8,Solar,Wiki-Solar,530.17
Portugal,8.5,Hydro,Energias Endogenas de Portugal,32.03
Portugal,3.2,Hydro,Energias Endogenas de Portugal,7.17
Portugal,5.3,Wind,Energias Endogenas de Portugal,16.64
Portugal,21.71,Wind,Energias Endogenas de Portugal,54.31
Portugal,11.5,Wind,Energias Endogenas de Portugal,33.73
Portugal,23.0,Wind,Energias Endogenas de Portugal,78.03
Portugal,6.9,Wind,Energias Endogenas de Portugal,17.12
Portugal,10.0,Wind,Energias Endogenas de Portugal,22.77
Portugal,12.0,Wind,Energias Endogenas de Portugal,29.41
Portugal,9.6,Hydro,Energias Endogenas de Portugal,24.24
Portugal,11.1,Solar,Wiki-Solar,25.38
Portugal,5.2,Hydro,Energias Endogenas de Portugal,11.43
Portugal,14.0,Wind,Energias Endogenas de Portugal,39.95
Portugal,7.0,Hydro,Energias Endogenas de Portugal,15.75
Portugal,12.0,Wind,Energias Endogenas de Portugal,31.55
Portugal,104.0,Wind,Energias Endogenas de Portugal,317.63
Portugal,8.5,Hydro,Energias Endogenas de Portugal,22.23
Portugal,106.0,Wind,Energias Endogenas de Portugal,290.44
Portugal,2.4,Wind,Energias Endogenas de Portugal,5.59
Portugal,1.0,Wind,Energias Endogenas de Portugal,1.44
Portugal,24.0,Wind,Energias Endogenas de Portugal,63.87
Portugal,9.0,Wind,Energias Endogenas de Portugal,27.42
Portugal,8.5,Hydro,Energias Endogenas de Portugal,22.93
Portugal,102.0,Wind,Energias Endogenas de Portugal,263.88
Portugal,22.0,Hydro,Energias Endogenas de Portugal,71.6
Portugal,28.0,Wind,Energias Endogenas de Portugal,75.22
Portugal,18.2,Wind,Energias Endogenas de Portugal,48.18
Portugal,2.2,Hydro,Energias Endogenas de Portugal,6.12
Portugal,12.3,Wind,Energias Endogenas de Portugal,38.32
Portugal,7.2,Solar,Wiki-Solar,14.11
Portugal,4.4,Hydro,Energias Endogenas de Portugal,14.54
Portugal,27.8,Wind,Energias Endogenas de Portugal,102.14
Portugal,1.35,Hydro,Energias Endogenas de Portugal,5.34
Portugal,28.8,Solar,Wiki-Solar,66.46
Portugal,1.0,Hydro,Energias Endogenas de Portugal,3.4
Portugal,25.0,Hydro,Energias Endogenas de Portugal,69.69
Portugal,1.9,Hydro,Energias Endogenas de Portugal,7.63
Portugal,90.0,Hydro,Energias Endogenas de Portugal,252.15
Portugal,13.0,Wind,Energias Endogenas de Portugal,34.7
Portugal,6.0,Wind,Energias Endogenas de Portugal,13.59
Portugal,1.0,Wind,Energias Endogenas de Portugal,1.49
Portugal,23.4,Hydro,Energias Endogenas de Portugal,66.7
Portugal,12.6,Wind,Energias Endogenas de Portugal,38.06
Portugal,10.0,Wind,Energias Endogenas de Portugal,22.17
Portugal,26.0,Wind,Energias Endogenas de Portugal,64.74
Portugal,28.6,Wind,Energias Endogenas de Portugal,78.24
Portugal,4.0,Hydro,Energias Endogenas de Portugal,13.42
Portugal,2.0,Wind,Energias Endogenas de Portugal,4.23
Portugal,10.5,Wind,Energias Endogenas de Portugal,28.28
Portugal,58.0,Hydro,Energias Endogenas de Portugal,160.8
Portugal,2.0,Wind,Energias Endogenas de Portugal,4.25
Portugal,1.2,Wind,Energias Endogenas de Portugal,1.74
Portugal,2.0,Wind,Energias Endogenas de Portugal,4.86
Portugal,2.4,Hydro,Energias Endogenas de Portugal,6.68
Romania,27.0,Solar,Wiki-Solar,38.12
Romania,5.5,Solar,Wiki-Solar,8.52
Romania,5.0,Solar,Wiki-Solar,7.43
Romania,10.0,Solar,Wiki-Solar,14.69
Romania,9.0,Solar,Wiki-Solar,13.17
Romania,18.5,Solar,Wiki-Solar,29.79
Romania,7.1,Solar,Wiki-Solar,10.92
Romania,7.0,Solar,Wiki-Solar,11.58
Romania,5.0,Solar,Wiki-Solar,7.53
Romania,6.0,Solar,Wiki-Solar,8.82
Romania,6.5,Solar,Wiki-Solar,10.5
Romania,5.0,Solar,Wiki-Solar,8.15
Romania,5.0,Solar,Wiki-Solar,8.05
Romania,6.0,Solar,Wiki-Solar,8.98
Romania,5.9,Solar,Wiki-Solar,8.61
Romania,10.0,Solar,Wiki-Solar,16.58
Romania,7.4,Solar,Wiki-Solar,12.18
Romania,149.0,Hydro,GEODB,420.89
Romania,509.0,Hydro,GEODB,1461.23
Romania,219.0,Hydro,GEODB,558.8
Romania,1161.0,Hydro,GEODB,6914.64
Romania,245.0,Hydro,GEODB,1377.08
Romania,335.0,Hydro,GEODB,989.16
Romania,138.0,Hydro,GEODB,412.28
Romania,208.0,Hydro,GEODB,678.33
Romania,219.0,Hydro,GEODB,486.16
Romania,8.8,Solar,Wiki-Solar,14.8
Romania,5.1,Solar,Wiki-Solar,7.28
Romania,4.3,Solar,Wiki-Solar,6.93
Romania,10.0,Solar,Wiki-Solar,16.57
Romania,10.0,Solar,Wiki-Solar,16.09
Romania,8.0,Solar,Wiki-Solar,11.78
Romania,15.0,Solar,Wiki-Solar,22.04
Romania,25.0,Solar,Wiki-Solar,35.11
Romania,45.0,Solar,Wiki-Solar,70.14
Romania,56.0,Solar,Wiki-Solar,80.64
Romania,5.5,Solar,Wiki-Solar,9.15
Romania,70.0,Wind,WRI,194.26
Romania,14.0,Solar,Wiki-Solar,21.02
Romania,55.0,Solar,Wiki-Solar,73.43
Romania,6.0,Solar,Wiki-Solar,8.34
Romania,22.6,Solar,Wiki-Solar,35.31
Romania,7.2,Solar,Wiki-Solar,12.16
Romania,14.0,Solar,Wiki-Solar,21.7
Russia,1.8,Hydro,EnergyBase (RUS),5.45
Russia,60.0,Solar,Wiki-Solar,86.08
Russia,5.0,Solar,Wiki-Solar,7.65
Russia,10.0,Solar,Wiki-Solar,16.01
Russia,60.0,Hydro,EnergyBase (RUS),215.94
Russia,15.0,Solar,Wiki-Solar,23.39
Russia,27.0,Hydro,EnergyBase (RUS),98.28
Russia,10.0,Solar,Wiki-Solar,15.24
Russia,27.0,Hydro,EnergyBase (RUS),108.45
Russia,48.0,Hydro,EnergyBase (RUS),147.51
Russia,10.0,Solar,EnergyBase (RUS),15.24
Russia,2997.0,Hydro,GEODB,12762.9
Russia,56.0,Hydro,EnergyBase (RUS),240.38
Russia,4500.0,Hydro,WRI,19163.51
Russia,25.0,Solar,Wiki-Solar,37.25
Russia,2010.0,Hydro,WRI,8343.83
Russia,5.0,Solar,Wiki-Solar,8.35
Russia,1370.0,Hydro,GEODB,6712.92
Russia,1000.0,Hydro,EnergyBase (RUS),3472.51
Russia,72.0,Hydro,EnergyBase (RUS),290.03
Russia,9.0,Hydro,EnergyBase (RUS),41.02
Russia,1786.0,Hydro,WRI,5782.29
Russia,8.0,Hydro,EnergyBase (RUS),25.45
Russia,30.0,Hydro,EnergyBase (RUS),99.25
Russia,14.2,Hydro,EnergyBase (RUS),42.02
Russia,15.0,Solar,Wiki-Solar,23.06
Russia,15.0,Solar,Wiki-Solar,23.03
Russia,25.0,Solar,Wiki-Solar,36.95
Russia,15.0,Solar,Wiki-Solar,22.82
Russia,45.0,Hydro,EnergyBase (RUS),155.3
Russia,2.0,Hydro,EnergyBase (RUS),8.19
Russia,37.0,Hydro,EnergyBase (RUS),126.16
Russia,87.0,Hydro,EnergyBase (RUS),304.62
Russia,44.0,Hydro,EnergyBase (RUS),177.24
Russia,17.8,Hydro,EnergyBase (RUS),57.53
Russia,22.8,Hydro,EnergyBase (RUS),78.5
Russia,100.0,Hydro,EnergyBase (RUS),345.11
Russia,15.0,Hydro,EnergyBase (RUS),48.48
Russia,24.8,Hydro,EnergyBase (RUS),80.9
Russia,184.0,Hydro,EnergyBase (RUS),571.98
Russia,18.4,Hydro,EnergyBase (RUS),65.97
Russia,78.0,Hydro,EnergyBase (RUS),262.86
Russia,47.0,Hydro,EnergyBase (RUS),201.75
Russia,5.0,Solar,Wiki-Solar,7.59
Russia,662.4,Hydro,WRI,2875.76
Russia,96.0,Hydro,EnergyBase (RUS),398.69
Russia,400.0,Hydro,EnergyBase (RUS),1238.21
Russia,9.0,Solar,Wiki-Solar,13.78
Russia,11.2,Hydro,EnergyBase (RUS),57.25
Russia,543.0,Hydro,GEODB,2817.27
Russia,65.1,Hydro,EnergyBase (RUS),234.3
Russia,152.0,Hydro,EnergyBase (RUS),465.34
Russia,900.0,Hydro,WRI,2982.68
Russia,25.6,Hydro,EnergyBase (RUS),95.3
Russia,28.9,Hydro,EnergyBase (RUS),96.53
Russia,6000.0,Hydro,GEODB,26888.95
Russia,180.0,Hydro,EnergyBase (RUS),624.1
Russia,80.0,Hydro,EnergyBase (RUS),305.39
Russia,600.0,Hydro,EnergyBase (RUS),2456.54
Russia,118.0,Hydro,EnergyBase (RUS),517.28
Russia,4.8,Hydro,EnergyBase (RUS),20.67
Russia,4.0,Solar,Wiki-Solar,6.53
Russia,9.44,Hydro,EnergyBase (RUS),32.58
Russia,20.0,Solar,Wiki-Solar,31.41
Russia,321.0,Hydro,EnergyBase (RUS),915.26
Russia,86.0,Hydro,EnergyBase (RUS),327.26
Russia,63.0,Hydro,EnergyBase (RUS),253.52
Russia,220.0,Hydro,EnergyBase (RUS),798.43
Russia,15.0,Solar,Wiki-Solar,21.84
Russia,124.8,Hydro,EnergyBase (RUS),450.4
Russia,26.0,Hydro,EnergyBase (RUS),109.12
Russia,60.0,Hydro,EnergyBase (RUS),242.4
Russia,155.5,Hydro,EnergyBase (RUS),534.19
Russia,520.0,Hydro,GEODB,2863.38
Russia,99.0,Hydro,EnergyBase (RUS),404.07
Russia,1205.0,Hydro,EnergyBase (RUS),6520.89
Russia,52.7,Hydro,EnergyBase (RUS),232.15
Russia,480.0,Hydro,WRI,2211.28
Russia,3.68,Hydro,EnergyBase (RUS),10.84
Russia,15.0,Solar,Wiki-Solar,21.53
Russia,80.0,Hydro,EnergyBase (RUS),309.07
Russia,45.0,Solar,Wiki-Solar,64.76
Russia,60.0,Solar,Wiki-Solar,86.66
Russia,5.0,Solar,Wiki-Solar,6.99
Russia,25.0,Hydro,EnergyBase (RUS),95.2
Russia,2.62,Hydro,EnergyBase (RUS),11.01
Russia,166.4,Hydro,EnergyBase (RUS),615.45
Russia,48.0,Hydro,EnergyBase (RUS),184.8
Russia,15.0,Solar,Wiki-Solar,22.77
Russia,84.0,Hydro,EnergyBase (RUS),338.89
Russia,43.2,Hydro,EnergyBase (RUS),164.28
Russia,15.0,Solar,Wiki-Solar,22.86
Russia,15.0,Solar,Wiki-Solar,21.35
Russia,366.4,Hydro,EnergyBase (RUS),1891.35
Russia,1.0,Solar,EnergyBase (RUS),1.45
Russia,61.5,Solar,Wiki-Solar,91.13
Russia,15.0,Hydro,EnergyBase (RUS),44.39
Russia,204.9,Hydro,EnergyBase (RUS),674.57
Russia,150.0,Hydro,EnergyBase (RUS),499.13
Russia,28.0,Hydro,CARMA,102.2
Russia,122.0,Hydro,EnergyBase (RUS),534.81
Russia,11.76,Hydro,EnergyBase (RUS),36.15
Russia,2.04,Hydro,EnergyBase (RUS),7.44
Russia,30.0,Hydro,EnergyBase (RUS),132.13
Russia,15.0,Hydro,EnergyBase (RUS),55.68
Russia,15.9,Hydro,EnergyBase (RUS),48.58
Russia,2.0,Hydro,EnergyBase (RUS),8.06
Russia,211.5,Hydro,EnergyBase (RUS),723.04
Russia,2.2,Wind,EnergyBase (RUS),4.54
Russia,120.0,Hydro,EnergyBase (RUS),436.77
Russia,5.1,Wind,EnergyBase (RUS),10.08
Russia,3840.0,Hydro,GEODB,16352.86
Russia,5.0,Solar,EnergyBase (RUS),7.65
Russia,160.0,Hydro,EnergyBase (RUS),584.22
Russia,268.0,Hydro,EnergyBase (RUS),709.15
Russia,7.0,Hydro,EnergyBase (RUS),27.98
Russia,130.0,Hydro,EnergyBase (RUS),399.35
Russia,680.0,Hydro,EnergyBase (RUS),2591.88
Russia,86.0,Hydro,EnergyBase (RUS),347.36
Russia,15.0,Solar,Wiki-Solar,24.37
Russia,15.0,Solar,Wiki-Solar,24.46
Russia,1020.0,Hydro,GEODB,5531.27
Russia,40.0,Hydro,EnergyBase (RUS),160.67
Russia,45.0,Hydro,EnergyBase (RUS),166.9
Russia,18.0,Hydro,EnergyBase (RUS),85.34
Russia,1200.0,Hydro,WRI,3948.96
Russia,30.6,Hydro,EnergyBase (RUS),102.53
Russia,320.0,Hydro,EnergyBase (RUS),1002.89
Russia,1330.0,Hydro,WRI,7117.36
Russia,2467.0,Hydro,WRI,7850.23
Russia,30.5,Hydro,EnergyBase (RUS),127.03
Rwanda,12.0,Hydro,KTH,42.54
Rwanda,2.5,Hydro,KTH,8.49
Rwanda,11.5,Hydro,KTH,40.77
Rwanda,28.0,Hydro,KTH,111.77
Rwanda,29.8,Hydro,KTH,127.05
Rwanda,43.8,Hydro,KTH,187.06
Saint Lucia,3.0,Solar,Wiki-Solar,5.99
Saudi Arabia,20.0,Solar,Wiki-Solar,51.23
Saudi Arabia,10.5,Solar,WRI,24.93
Saudi Arabia,43.0,Solar,Wiki-Solar,116.44
Saudi Arabia,3.5,Solar,WRI,5.57
Saudi Arabia,10.0,Solar,Wiki-Solar,16.53
Saudi Arabia,50.0,Solar,Wiki-Solar,106.22
Senegal,15.7,Solar,Wiki-Solar,35.23
Senegal,21.2,Solar,Wiki-Solar,48.4
Senegal,34.4,Solar,Wiki-Solar,86.51
Senegal,120.0,Hydro,Power Africa,368.84
Senegal,34.4,Solar,Wiki-Solar,88.43
Serbia,420.0,Hydro,GEODB,1607.41
Serbia,1086.0,Hydro,GEODB,5220.93
Serbia,270.0,Hydro,GEODB,1398.53
Serbia,614.0,Hydro,GEODB,2345.66
Sierra Leone,50.0,Hydro,Power Africa,98.94
Slovakia,6.0,Solar,Wiki-Solar,8.29
Slovakia,735.0,Hydro,GEODB,2597.78
Slovakia,24.0,Hydro,GEODB,118.03
Slovakia,16.5,Hydro,GEODB,73.11
Slovakia,720.0,Hydro,GEODB,2544.76
Slovakia,25.5,Hydro,GEODB,109.94
Slovakia,31.5,Hydro,GEODB,129.73
Slovakia,15.0,Hydro,GEODB,66.47
Slovakia,45.06,Hydro,GEODB,162.84
Slovakia,24.75,Hydro,GEODB,107.48
Slovakia,18.0,Solar,Wiki-Solar,25.22
Slovakia,38.4,Hydro,GEODB,157.75
Slovakia,198.0,Hydro,GEODB,683.72
Slovakia,43.2,Hydro,GEODB,181.75
Slovakia,93.6,Hydro,GEODB,378.55
Slovakia,67.5,Hydro,GEODB,272.99
Slovakia,25.5,Hydro,GEODB,94.15
Slovakia,21.75,Hydro,GEODB,69.78
Slovakia,55.2,Hydro,GEODB,222.78
Slovakia,60.0,Hydro,GEODB,249.82
Slovakia,38.4,Hydro,GEODB,158.2
Slovakia,16.5,Hydro,GEODB,74.05
Slovenia,116.0,Hydro,GEODB,437.29
Slovenia,126.0,Hydro,GEODB,535.88
Slovenia,180.0,Hydro,GEODB,685.87
South Africa,82.5,Solar,Industry About,198.14
South Africa,7.0,Hydro,WRI,13.22
South Africa,73.8,Wind,WRI,190.47
South Africa,5.2,Wind,WRI,12.94
South Africa,48.0,Solar,Industry About,109.91
South Africa,1000.0,Hydro,WRI,2667.78
South Africa,360.0,Hydro,WRI,902.02
South Africa,10.0,Solar,WRI,21.18
South Africa,75.0,Solar,Industry About,166.59
South Africa,50.4,Solar,Wiki-Solar,111.92
South Africa,100.0,Solar,Wiki-Solar,239.3
South Africa,100.0,Solar,Industry About,239.3
South Africa,75.0,Solar,Industry About,169.4
South Africa,9.7,Solar,Industry About,20.57
South Africa,12.57,Hydro,WRI,29.19
South Africa,82.5,Solar,Industry About,172.56
South Africa,400.0,Hydro,WRI,601.79
South Africa,19.9,Solar,Industry About,47.65
South Africa,5.0,Solar,Industry About,9.87
South Africa,28.0,Solar,Industry About,66.64
South Africa,240.0,Hydro,WRI,583.03
South Africa,100.0,Solar,Wiki-Solar,227.14
South Korea,90.0,Hydro,WRI,193.61
South Korea,10.0,Solar,Wiki-Solar,16.12
South Korea,2.6,Hydro,WRI,8.97
South Korea,6.0,Solar,Wiki-Solar,8.86
South Korea,7.5,Hydro,WRI,21.98
South Korea,62.0,Hydro,WRI,195.15
South Korea,5.0,Hydro,WRI,15.44
South Korea,400.0,Hydro,WRI,1082.6
South Korea,600.0,Hydro,GEODB,1006.47
South Korea,3.0,Hydro,WRI,9.81
South Korea,400.0,Hydro,WRI,962.11
South Korea,90.0,Hydro,WRI,254.45
South Korea,2.86,Hydro,WRI,10.07
South Korea,24.0,Solar,WRI,44.97
South Korea,1.4,Solar,WRI,2.32
South Korea,5.0,Hydro,WRI,18.02
South Korea,3.0,Hydro,WRI,9.48
South Korea,98.0,Wind,WRI,219.15
South Korea,9.1,Solar,WRI,14.47
South Korea,9.3,Solar,WRI,14.98
South Korea,1.5,Solar,WRI,2.69
South Korea,15.0,Solar,WRI,29.29
South Korea,2.8,Hydro,CARMA,7.79
South Korea,3.0,Hydro,WRI,9.63
South Korea,3.0,Hydro,WRI,9.16
South Korea,5.0,Hydro,WRI,15.16
South Korea,100.0,Hydro,WRI,241.58
South Korea,108.0,Hydro,WRI,337.12
South Korea,1.0,Solar,WRI,1.75
South Korea,50.0,Hydro,WRI,109.89
South Korea,3.0,Hydro,WRI,10.73
South Korea,1.0,Hydro,WRI,3.24
South Korea,12.0,Solar,WRI,22.39
South Korea,600.0,Hydro,GEODB,1402.86
South Korea,120.0,Hydro,WRI,355.16
South Korea,600.0,Hydro,GEODB,1588.16
South Korea,2.0,Solar,WRI,3.71
South Korea,700.0,Hydro,GEODB,1804.13
South Korea,2.3,Hydro,WRI,7.48
South Korea,1.3,Solar,WRI,2.14
South Korea,34.0,Hydro,WRI,91.92
South Korea,200.0,Hydro,WRI,534.01
South Korea,2.0,Solar,WRI,3.39
South Korea,48.0,Hydro,WRI,159.24
South Korea,1000.0,Hydro,GEODB,2828.95
South Korea,800.0,Hydro,WRI,1640.18
South Korea,11.0,Solar,Wiki-Solar,21.11
South Korea,13.0,Solar,WRI,26.42
South Korea,38.9,Solar,Wiki-Solar,60.27
South Korea,3.0,Solar,WRI,5.4
Spain,360.6,Hydro,WRI,850.45
Spain,67.6,Hydro,CARMA,222.39
Spain,1226.43,Hydro,GEODB,4817.37
Spain,46.5,Wind,CARMA,127.05
Spain,18.0,Wind,CARMA,48.95
Spain,149.7,Solar,GEODB,388.84
Spain,56.04,Hydro,CARMA,181.29
Spain,67.52,Hydro,CARMA,175.76
Spain,99.8,Solar,GEODB,210.94
Spain,49.9,Solar,GEODB,111.79
Spain,198.01,Hydro,WRI,626.74
Spain,5.2,Solar,Wiki-Solar,10.42
Spain,23.0,Solar,Wiki-Solar,49.02
Spain,8.8,Solar,Wiki-Solar,14.32
Spain,6.0,Solar,Wiki-Solar,13.85
Spain,5.2,Solar,Wiki-Solar,11.32
Spain,11.3,Solar,Wiki-Solar,24.04
Spain,8.5,Solar,Wiki-Solar,16.44
Spain,10.0,Solar,Wiki-Solar,19.23
Spain,10.0,Solar,Wiki-Solar,19.06
Spain,7.2,Solar,Wiki-Solar,14.5
Spain,9.3,Solar,Wiki-Solar,18.61
Spain,10.0,Solar,Wiki-Solar,19.2
Spain,7.3,Solar,Wiki-Solar,14.41
Spain,7.2,Solar,Wiki-Solar,14.27
Spain,6.2,Solar,Wiki-Solar,12.36
Spain,10.6,Solar,Wiki-Solar,24.38
Spain,5.6,Solar,Wiki-Solar,11.26
Spain,6.3,Solar,Wiki-Solar,13.65
Spain,8.3,Solar,Wiki-Solar,16.04
Spain,22.1,Solar,Wiki-Solar,47.1
Spain,10.0,Solar,Wiki-Solar,19.43
Spain,9.6,Solar,Wiki-Solar,18.37
Spain,5.6,Solar,Wiki-Solar,9.28
Spain,5.7,Solar,Wiki-Solar,11.39
Spain,8.8,Solar,Wiki-Solar,13.89
Spain,7.3,Solar,Wiki-Solar,15.41
Spain,49.9,Solar,Wiki-Solar,133.28
Spain,50.0,Solar,Wiki-Solar,118.29
Spain,7.1,Solar,Wiki-Solar,11.64
Spain,6.6,Solar,Wiki-Solar,15.25
Spain,30.0,Solar,Wiki-Solar,50.23
Spain,50.0,Solar,Wiki-Solar,100.91
Spain,4.0,Solar,Wiki-Solar,6.48
Spain,5.7,Solar,Wiki-Solar,12.74
Spain,8.0,Solar,Wiki-Solar,15.97
Spain,82.7,Hydro,CARMA,274.01
Spain,61.15,Hydro,CARMA,185.2
Spain,15.88,Hydro,CARMA,56.11
Spain,331.01,Hydro,WRI,972.62
Spain,14.86,Hydro,CARMA,43.75
Spain,14.91,Hydro,CARMA,41.33
Spain,61.4,Hydro,CARMA,200.21
Spain,27.94,Hydro,CARMA,91.53
Spain,215.0,Hydro,WRI,464.64
Spain,54.45,Hydro,CARMA,139.77
Spain,61.95,Hydro,CARMA,180.63
Spain,10.1,Solar,Wiki-Solar,15.81
Spain,5.2,Solar,Wiki-Solar,10.16
Spain,10.9,Solar,Wiki-Solar,23.49
Spain,10.6,Solar,Wiki-Solar,25.87
Spain,20.0,Solar,Wiki-Solar,46.89
Spain,7.0,Solar,Wiki-Solar,13.76
Spain,5.7,Solar,Wiki-Solar,11.52
Spain,5.0,Solar,Wiki-Solar,9.97
Spain,10.0,Hydro,CARMA,32.41
Spain,15.89,Hydro,CARMA,44.22
Spain,70.17,Hydro,CARMA,184.54
Spain,24.774,Hydro,CARMA,83.83
Spain,20.216,Hydro,CARMA,53.04
Spain,32.48,Hydro,CARMA,106.66
Spain,58.65,Hydro,CARMA,198.74
Spain,15.2,Hydro,CARMA,51.38
Spain,18.7,Wind,CARMA,43.88
Spain,107.4,Hydro,WRI,356.58
Spain,80.73,Hydro,CARMA,264.48
Spain,135.59,Hydro,WRI,406.81
Spain,195.29,Hydro,WRI,611.3
Spain,495.18,Hydro,WRI,1399.24
Spain,20.4,Hydro,CARMA,67.67
Spain,49.9,Solar,GEODB,110.88
Spain,33.32,Hydro,CARMA,102.14
Spain,50.4,Hydro,WRI,142.08
Spain,51.7,Hydro,WRI,145.74
Spain,120.54,Hydro,CARMA,271.32
Spain,268.02,Hydro,WRI,757.41
Spain,49.9,Solar,GEODB,113.45
Spain,13.99,Hydro,CARMA,40.37
Spain,49.2,Wind,CARMA,141.19
Spain,130.66,Hydro,CARMA,425.86
Spain,20.0,Solar,Wiki-Solar,43.22
Spain,21.2,Solar,Wiki-Solar,39.46
Spain,10.0,Solar,Wiki-Solar,19.51
Spain,8.0,Solar,Wiki-Solar,15.74
Spain,4.8,Solar,Wiki-Solar,10.49
Spain,5.6,Solar,Wiki-Solar,10.03
Spain,5.7,Solar,Wiki-Solar,12.69
Spain,6.1,Solar,Wiki-Solar,11.65
Spain,7.1,Solar,Wiki-Solar,15.23
Spain,5.1,Solar,Wiki-Solar,10.36
Spain,7.0,Solar,Wiki-Solar,14.17
Spain,28.0,Solar,Wiki-Solar,50.77
Spain,11.3,Solar,Wiki-Solar,24.26
Spain,5.2,Solar,Wiki-Solar,8.56
Spain,6.0,Solar,Wiki-Solar,10.87
Spain,5.4,Solar,Wiki-Solar,10.92
Spain,23.11,Hydro,CARMA,75.3
Spain,5.9,Solar,Wiki-Solar,11.82
Spain,10.9,Solar,Wiki-Solar,18.72
Spain,10.0,Solar,Wiki-Solar,18.9
Spain,10.7,Solar,Wiki-Solar,22.96
Spain,61.94,Hydro,GEODB,200.38
Spain,12.56,Hydro,CARMA,37.52
Spain,5.0,Solar,Wiki-Solar,9.96
Spain,5.9,Solar,Wiki-Solar,12.45
Spain,5.9,Solar,Wiki-Solar,12.46
Spain,15.2,Solar,Wiki-Solar,32.94
Spain,175.0,Solar,Wiki-Solar,417.95
Spain,31.8,Solar,Wiki-Solar,58.79
Spain,18.0,Wind,CARMA,49.37
Spain,24.0,Wind,WRI,74.5
Spain,14.0,Hydro,CARMA,42.09
Spain,17.25,Wind,CARMA,35.41
Spain,40.8,Hydro,CARMA,99.81
Spain,87.6,Hydro,CARMA,234.97
Spain,35.85,Hydro,CARMA,114.43
Spain,54.4,Hydro,CARMA,172.5
Spain,149.8,Solar,GEODB,327.13
Spain,9.0,Solar,Wiki-Solar,20.82
Spain,20.0,Solar,Wiki-Solar,41.91
Spain,50.0,Solar,Wiki-Solar,103.9
Spain,16.6,Solar,Wiki-Solar,38.96
Spain,10.1,Solar,Wiki-Solar,20.6
Spain,10.2,Solar,Wiki-Solar,20.92
Spain,20.0,Solar,Wiki-Solar,48.03
Spain,4.7,Solar,Wiki-Solar,10.54
Spain,13.2,Solar,Wiki-Solar,29.28
Spain,11.5,Solar,Wiki-Solar,24.53
Spain,7.0,Solar,Wiki-Solar,12.4
Spain,4.7,Solar,Wiki-Solar,9.8
Spain,10.0,Solar,Wiki-Solar,19.25
Spain,52.52,Hydro,WRI,176.14
Spain,160.61,Hydro,WRI,617.47
Spain,8.8,Solar,Wiki-Solar,14.43
Spain,10.0,Solar,Wiki-Solar,16.96
Spain,9.9,Solar,Wiki-Solar,15.25
Spain,6.1,Solar,Wiki-Solar,12.28
Spain,27.9,Solar,Wiki-Solar,68.62
Spain,14.8,Solar,Wiki-Solar,35.81
Spain,8.9,Solar,Wiki-Solar,19.07
Spain,10.4,Solar,Wiki-Solar,24.28
Spain,4.5,Solar,Wiki-Solar,6.9
Spain,5.4,Solar,Wiki-Solar,8.95
Spain,110.4,Hydro,WRI,392.69
Spain,27.2,Wind,CARMA,63.1
Spain,25.71,Hydro,CARMA,90.24
Spain,15.2,Hydro,CARMA,55.52
Spain,52.21,Hydro,CARMA,180.75
Spain,207.99,Hydro,WRI,458.88
Spain,19.9,Solar,Wiki-Solar,42.66
Spain,11.8,Solar,Wiki-Solar,20.74
Spain,5.0,Solar,Wiki-Solar,10.01
Spain,12.3,Solar,Wiki-Solar,31.56
Spain,31.45,Wind,CARMA,75.77
Spain,99.8,Solar,GEODB,218.57
Spain,8.0,Solar,Wiki-Solar,16.07
Spain,5.5,Solar,Wiki-Solar,12.0
Spain,9.5,Solar,Wiki-Solar,18.61
Spain,12.0,Solar,Wiki-Solar,25.51
Spain,20.0,Solar,Wiki-Solar,42.83
Spain,88.85,Hydro,CARMA,292.3
Spain,76.71,Hydro,CARMA,265.95
Spain,50.0,Solar,Wiki-Solar,107.66
Spain,5.0,Solar,Wiki-Solar,9.88
Spain,8.4,Solar,Wiki-Solar,16.18
Spain,953.32,Hydro,WRI,2706.34
Spain,5.6,Solar,Wiki-Solar,12.53
Spain,7.0,Solar,Wiki-Solar,15.51
Spain,52.09,Hydro,CARMA,180.32
Spain,30.6,Wind,CARMA,87.24
Spain,49.9,Solar,GEODB,111.5
Spain,49.9,Solar,GEODB,111.51
Spain,49.6,Wind,CARMA,135.52
Spain,634.0,Hydro,WRI,1677.46
Spain,83.19,Hydro,CARMA,273.68
Spain,50.0,Solar,GEODB,111.27
Spain,24.0,Hydro,CARMA,79.06
Spain,22.0,Hydro,CARMA,69.3
Spain,41.8,Wind,CARMA,144.63
Spain,41.4,Hydro,CARMA,150.36
Spain,40.8,Hydro,CARMA,148.18
Spain,21.25,Wind,WRI,65.94
Spain,52.69,Hydro,CARMA,171.8
Spain,49.38,Hydro,CARMA,169.21
Spain,82.46,Hydro,CARMA,245.1
Spain,24.32,Hydro,CARMA,79.06
Spain,38.0,Wind,CARMA,106.71
Spain,11.93,Hydro,CARMA,42.22
Spain,36.63,Wind,CARMA,77.54
Spain,30.0,Wind,CARMA,77.31
Spain,52.4,Hydro,CARMA,181.41
Spain,26.4,Wind,CARMA,56.34
Spain,38.0,Wind,CARMA,118.78
Spain,181.02,Hydro,WRI,548.94
Spain,26.3,Solar,Wiki-Solar,55.33
Spain,7.2,Solar,Wiki-Solar,16.24
Spain,4.8,Solar,Wiki-Solar,10.12
Spain,20.0,Solar,Wiki-Solar,43.11
Spain,10.0,Solar,Wiki-Solar,19.49
Spain,877.95,Hydro,WRI,2492.37
Spain,6.0,Solar,Wiki-Solar,10.24
Spain,11.2,Solar,Wiki-Solar,20.08
Spain,9.8,Solar,Wiki-Solar,18.67
Spain,5.7,Solar,Wiki-Solar,11.48
Spain,6.6,Solar,Wiki-Solar,13.04
Spain,9.4,Solar,Wiki-Solar,18.28
Spain,5.7,Solar,Wiki-Solar,11.83
Spain,10.0,Solar,Wiki-Solar,21.98
Spain,18.0,Solar,Wiki-Solar,44.45
Spain,9.0,Solar,Wiki-Solar,14.95
Spain,4.0,Solar,Wiki-Solar,6.04
Spain,7.1,Solar,Wiki-Solar,15.24
Spain,12.7,Solar,Wiki-Solar,30.51
Spain,5.0,Solar,Wiki-Solar,10.09
Spain,6.6,Solar,Wiki-Solar,13.41
Spain,9.1,Solar,Wiki-Solar,17.91
Spain,7.4,Solar,Wiki-Solar,14.69
Spain,15.2,Solar,Wiki-Solar,39.67
Spain,49.9,Solar,GEODB,111.81
Spain,99.8,Solar,GEODB,210.06
Spain,25.6,Hydro,CARMA,81.56
Spain,66.97,Hydro,CARMA,226.45
Spain,27.716,Hydro,CARMA,88.28
Spain,322.36,Hydro,WRI,933.16
Spain,92.42,Hydro,WRI,312.08
Spain,44.29,Hydro,CARMA,141.4
Spain,13.6,Wind,CARMA,30.38
Spain,30.8,Wind,CARMA,76.63
Spain,219.14,Hydro,WRI,637.76
Spain,57.6,Wind,CARMA,220.51
Spain,8.8,Solar,Wiki-Solar,15.49
Spain,10.9,Solar,Wiki-Solar,23.54
Spain,6.3,Solar,Wiki-Solar,14.55
Spain,15.0,Solar,Wiki-Solar,31.65
Spain,8.0,Solar,Wiki-Solar,16.05
Spain,10.0,Solar,Wiki-Solar,19.5
Spain,6.0,Solar,Wiki-Solar,11.92
Spain,6.3,Solar,Wiki-Solar,13.66
Spain,5.2,Solar,Wiki-Solar,11.1
Spain,7.1,Solar,Wiki-Solar,11.95
Spain,7.0,Solar,Wiki-Solar,15.57
Spain,9.5,Solar,Wiki-Solar,15.28
Spain,4.8,Solar,Wiki-Solar,10.4
Spain,10.0,Solar,Wiki-Solar,19.63
Spain,8.7,Solar,Wiki-Solar,16.57
Spain,50.0,Solar,Wiki-Solar,117.74
Spain,37.62,Hydro,WRI,126.48
Spain,18.0,Solar,Wiki-Solar,38.58
Spain,7.6,Solar,Wiki-Solar,14.48
Spain,60.0,Solar,Wiki-Solar,124.4
Spain,10.0,Solar,Wiki-Solar,19.26
Spain,6.0,Solar,Wiki-Solar,11.94
Spain,26.4,Wind,CARMA,54.97
Spain,49.5,Wind,CARMA,123.28
Spain,39.75,Wind,CARMA,96.24
Spain,33.0,Wind,WRI,60.11
Spain,12.85,Wind,CARMA,36.87
Spain,10.0,Wind,CARMA,26.45
Spain,49.6,Wind,CARMA,130.96
Spain,24.75,Wind,WRI,60.47
Spain,12.0,Wind,CARMA,30.05
Spain,40.8,Wind,CARMA,113.23
Spain,49.5,Wind,CARMA,133.2
Spain,20.46,Wind,CARMA,47.08
Spain,21.6,Wind,CARMA,62.12
Spain,24.75,Wind,WRI,58.1
Spain,38.4,Wind,WRI,103.61
Spain,30.6,Wind,CARMA,76.47
Spain,25.5,Wind,CARMA,57.11
Spain,36.0,Wind,CARMA,92.08
Spain,47.2,Wind,CARMA,122.55
Spain,41.65,Wind,CARMA,112.48
Spain,31.02,Wind,CARMA,69.73
Spain,40.5,Wind,CARMA,110.68
Spain,33.0,Wind,CARMA,76.69
Spain,21.25,Wind,CARMA,52.12
Spain,28.5,Wind,CARMA,79.82
Spain,10.0,Wind,CARMA,24.39
Spain,28.0,Wind,CARMA,71.86
Spain,23.54,Wind,CARMA,62.08
Spain,34.0,Wind,CARMA,87.26
Spain,24.75,Wind,CARMA,60.51
Spain,29.8,Wind,CARMA,70.98
Spain,11.4,Wind,CARMA,23.88
Spain,16.2,Wind,CARMA,34.0
Spain,36.0,Wind,CARMA,100.83
Spain,40.8,Wind,CARMA,115.02
Spain,16.9,Wind,CARMA,39.03
Spain,36.0,Wind,CARMA,92.77
Spain,21.25,Wind,CARMA,48.78
Spain,57.52,Wind,WRI,139.8
Spain,36.96,Wind,CARMA,83.08
Spain,14.85,Wind,CARMA,33.76
Spain,12.75,Wind,CARMA,25.86
Spain,27.0,Wind,CARMA,53.98
Spain,40.3,Wind,CARMA,123.4
Spain,49.5,Wind,CARMA,124.84
Spain,31.35,Wind,CARMA,74.55
Spain,20.8,Wind,CARMA,50.35
Spain,14.52,Wind,WRI,32.94
Spain,24.0,Wind,CARMA,57.77
Spain,11.9,Wind,CARMA,29.92
Spain,14.0,Wind,CARMA,38.07
Spain,34.85,Wind,WRI,77.38
Spain,38.0,Wind,CARMA,104.89
Spain,19.8,Wind,WRI,55.22
Spain,28.0,Wind,CARMA,65.89
Spain,49.94,Wind,CARMA,134.01
Spain,24.42,Wind,CARMA,61.69
Spain,42.0,Wind,CARMA,119.7
Spain,40.0,Wind,CARMA,108.13
Spain,48.0,Wind,CARMA,121.86
Spain,36.0,Wind,CARMA,87.91
Spain,16.5,Wind,CARMA,36.54
Spain,29.9,Wind,CARMA,70.56
Spain,16.9,Wind,CARMA,43.84
Spain,99.0,Wind,CARMA,240.83
Spain,13.6,Wind,CARMA,32.94
Spain,18.0,Wind,CARMA,47.79
Spain,64.0,Wind,CARMA,165.68
Spain,40.0,Wind,CARMA,85.68
Spain,14.0,Wind,CARMA,38.34
Spain,24.6,Wind,CARMA,58.59
Spain,14.45,Wind,CARMA,39.62
Spain,24.0,Wind,CARMA,62.17
Spain,20.0,Wind,CARMA,44.24
Spain,49.5,Wind,WRI,133.75
Spain,64.5,Wind,WRI,160.7
Spain,46.0,Wind,CARMA,119.43
Spain,14.0,Wind,CARMA,34.32
Spain,28.8,Wind,CARMA,63.76
Spain,63.5,Wind,CARMA,153.43
Spain,18.0,Wind,CARMA,49.8
Spain,28.5,Wind,CARMA,72.61
Spain,49.5,Wind,CARMA,123.48
Spain,44.8,Wind,CARMA,113.42
Spain,11.9,Wind,CARMA,27.84
Spain,69.0,Wind,CARMA,181.73
Spain,38.25,Wind,CARMA,105.66
Spain,16.0,Wind,CARMA,39.22
Spain,49.5,Wind,CARMA,136.67
Spain,21.12,Wind,CARMA,51.1
Spain,30.0,Wind,CARMA,82.61
Spain,24.0,Wind,CARMA,57.7
Spain,50.0,Wind,CARMA,114.12
Spain,49.5,Wind,CARMA,125.75
Spain,49.5,Wind,CARMA,151.4
Spain,50.0,Wind,WRI,112.0
Spain,25.5,Wind,CARMA,63.76
Spain,36.8,Wind,WRI,87.41
Spain,40.5,Wind,CARMA,102.72
Spain,46.0,Wind,WRI,123.97
Spain,22.95,Wind,CARMA,62.58
Spain,14.4,Wind,CARMA,32.12
Spain,30.0,Wind,CARMA,70.59
Spain,24.42,Wind,CARMA,54.77
Spain,24.0,Wind,CARMA,57.0
Spain,40.3,Wind,CARMA,115.4
Spain,80.42,Wind,WRI,217.99
Spain,12.8,Wind,CARMA,32.42
Spain,89.6,Wind,CARMA,215.86
Spain,40.0,Wind,CARMA,94.69
Spain,20.0,Wind,CARMA,57.03
Spain,30.0,Wind,WRI,70.98
Spain,28.8,Wind,CARMA,68.6
Spain,30.6,Wind,CARMA,73.45
Spain,44.0,Wind,CARMA,116.97
Spain,18.48,Wind,CARMA,44.64
Spain,48.75,Wind,CARMA,128.09
Spain,99.0,Wind,CARMA,253.86
Spain,32.3,Wind,CARMA,94.26
Spain,30.0,Wind,CARMA,77.71
Spain,29.27,Wind,WRI,81.89
Spain,49.5,Wind,CARMA,134.47
Spain,12.8,Hydro,CARMA,38.24
Spain,19.5,Wind,CARMA,36.83
Spain,94.0,Wind,WRI,272.61
Spain,49.5,Wind,CARMA,125.3
Spain,34.5,Wind,CARMA,109.98
Spain,36.0,Wind,CARMA,94.56
Spain,31.5,Wind,CARMA,94.45
Spain,28.0,Wind,CARMA,71.72
Spain,18.3,Wind,CARMA,35.79
Spain,28.0,Wind,CARMA,72.53
Spain,13.6,Wind,CARMA,35.13
Spain,28.0,Wind,CARMA,72.77
Spain,18.0,Wind,CARMA,46.81
Spain,14.52,Wind,CARMA,32.94
Spain,24.6,Wind,CARMA,73.08
Spain,21.0,Wind,CARMA,56.94
Spain,40.0,Wind,CARMA,106.37
Spain,17.0,Wind,CARMA,41.18
Spain,19.8,Wind,WRI,43.25
Spain,19.8,Wind,CARMA,31.0
Spain,18.0,Wind,CARMA,25.34
Spain,13.2,Wind,CARMA,24.51
Spain,22.44,Wind,CARMA,50.94
Spain,27.2,Wind,CARMA,72.65
Spain,38.0,Wind,CARMA,104.29
Spain,44.2,Wind,CARMA,124.28
Spain,41.65,Wind,CARMA,116.44
Spain,17.4,Wind,CARMA,48.46
Spain,12.0,Wind,CARMA,32.86
Spain,50.0,Wind,CARMA,175.64
Spain,10.68,Wind,CARMA,15.2
Spain,18.0,Wind,CARMA,44.13
Spain,24.0,Wind,CARMA,66.09
Spain,24.42,Wind,CARMA,54.89
Spain,22.0,Wind,CARMA,57.06
Spain,14.52,Wind,CARMA,33.51
Spain,30.0,Wind,CARMA,85.07
Spain,64.5,Wind,CARMA,172.45
Spain,12.0,Wind,CARMA,34.43
Spain,19.14,Wind,CARMA,37.44
Spain,28.0,Wind,CARMA,78.28
Spain,14.52,Wind,CARMA,33.1
Spain,20.8,Hydro,CARMA,61.17
Spain,97.98,Wind,WRI,283.73
Spain,24.0,Wind,CARMA,46.11
Spain,100.0,Solar,WRI,221.68
Spain,19.903,Solar,GEODB,47.43
Spain,150.0,Solar,WRI,352.87
Spain,11.02,Solar,WRI,22.06
Spain,50.0,Solar,GEODB,112.01
Spain,46.14,Hydro,CARMA,155.65
Spain,25.77,Hydro,WRI,82.64
Spain,17.6,Hydro,CARMA,66.51
Spain,88.12,Hydro,CARMA,283.84
Spain,49.54,Hydro,CARMA,150.04
Spain,49.9,Solar,GEODB,125.67
Spain,49.9,Solar,GEODB,111.34
Spain,100.0,Solar,GEODB,223.93
Spain,312.41,Hydro,WRI,863.64
Spain,30.0,Solar,GEODB,67.29
Spain,55.2,Hydro,CARMA,158.92
Spain,100.0,Solar,Wiki-Solar,212.29
Spain,50.0,Solar,Wiki-Solar,106.68
Spain,9.9,Solar,Wiki-Solar,16.3
Spain,50.0,Solar,Wiki-Solar,107.29
Spain,4.9,Solar,Wiki-Solar,8.31
Spain,4.0,Solar,Wiki-Solar,6.14
Spain,4.5,Solar,Wiki-Solar,7.18
Spain,4.0,Solar,Wiki-Solar,7.6
Spain,5.1,Solar,Wiki-Solar,10.34
Spain,11.8,Solar,Wiki-Solar,22.24
Spain,47.6,Solar,Wiki-Solar,102.21
Spain,36.46,Hydro,CARMA,127.01
Spain,9.5,Solar,Wiki-Solar,18.84
Spain,28.64,Hydro,CARMA,90.79
Spain,261.28,Hydro,WRI,758.96
Spain,34.56,Hydro,CARMA,119.23
Spain,326.57,Hydro,WRI,1134.61
Spain,8.0,Solar,Wiki-Solar,15.98
Spain,12.0,Solar,Wiki-Solar,25.96
Spain,5.0,Solar,Wiki-Solar,11.24
Spain,52.82,Hydro,WRI,172.58
Spain,157.24,Hydro,WRI,490.41
Spain,62.88,Hydro,CARMA,208.88
Spain,88.125,Wind,CARMA,217.34
Spain,34.36,Hydro,CARMA,112.77
Spain,34.68,Hydro,WRI,106.53
Spain,53.15,Hydro,CARMA,168.54
Spain,55.56,Hydro,CARMA,186.87
Spain,516.39,Hydro,GEODB,1707.5
Spain,19.25,Hydro,CARMA,68.03
Spain,44.24,Hydro,WRI,147.39
Spain,75.0,Wind,WRI,172.45
Spain,40.5,Wind,CARMA,110.6
Spain,49.5,Wind,CARMA,122.99
Spain,81.54,Hydro,WRI,262.64
Spain,44.25,Hydro,WRI,154.47
Spain,27.78,Hydro,CARMA,56.07
Spain,200.0,Solar,GEODB,445.9
Spain,213.64,Hydro,WRI,621.76
Spain,30.0,Solar,Wiki-Solar,63.14
Spain,88.55,Hydro,WRI,287.52
Spain,11.3,Solar,Wiki-Solar,20.91
Spain,13.8,Solar,Wiki-Solar,25.3
Spain,5.2,Solar,Wiki-Solar,9.15
Spain,438.45,Hydro,WRI,1200.39
Spain,49.9,Solar,Wiki-Solar,134.1
Spain,20.0,Solar,Wiki-Solar,46.92
Spain,7.0,Solar,Wiki-Solar,14.72
Spain,4.0,Solar,Wiki-Solar,6.19
Spain,11.0,Solar,Wiki-Solar,23.13
Spain,50.0,Solar,Wiki-Solar,110.76
Spain,19.7,Solar,Wiki-Solar,54.98
Spain,13.0,Solar,Wiki-Solar,35.14
Spain,11.0,Solar,Wiki-Solar,29.26
Spain,376.88,Hydro,WRI,850.37
Spain,73.04,Hydro,WRI,248.59
Spain,124.17,Hydro,WRI,326.25
Spain,150.88,Hydro,CARMA,431.78
Spain,11.92,Hydro,CARMA,35.42
Spain,50.0,Solar,GEODB,112.34
Spain,24.29,Solar,WRI,50.16
Spain,32.32,Hydro,CARMA,110.67
Spain,13.12,Hydro,CARMA,39.14
Spain,130.36,Hydro,WRI,284.77
Spain,10.0,Solar,Wiki-Solar,19.62
Spain,10.0,Solar,Wiki-Solar,16.32
Spain,7.0,Solar,Wiki-Solar,15.49
Spain,4.0,Solar,Wiki-Solar,8.17
Spain,6.4,Solar,Wiki-Solar,14.22
Spain,6.8,Solar,Wiki-Solar,15.12
Spain,6.3,Solar,Wiki-Solar,13.38
Spain,7.0,Solar,Wiki-Solar,14.2
Spain,247.17,Hydro,WRI,781.49
Spain,65.1,Hydro,WRI,200.59
Spain,86.48,Hydro,WRI,284.47
Spain,21.86,Hydro,CARMA,74.0
Spain,215.81,Hydro,WRI,459.07
Spain,10.9,Hydro,GEODB,41.98
Spain,850.88,Hydro,WRI,3670.54
Spain,10.0,Solar,Wiki-Solar,19.59
Spain,5.1,Solar,Wiki-Solar,10.32
Spain,11.0,Solar,Wiki-Solar,27.03
Spain,12.4,Solar,Wiki-Solar,21.29
Spain,5.9,Solar,Wiki-Solar,9.62
Spain,5.5,Solar,Wiki-Solar,9.57
Spain,10.0,Solar,Wiki-Solar,21.82
Spain,5.5,Solar,Wiki-Solar,9.09
Spain,7.8,Solar,Wiki-Solar,12.64
Spain,4.1,Solar,Wiki-Solar,6.25
Spain,5.0,Solar,Wiki-Solar,8.0
Spain,5.2,Solar,Wiki-Solar,10.28
Spain,9.8,Solar,Wiki-Solar,16.71
Spain,5.0,Solar,Wiki-Solar,9.42
Spain,8.7,Solar,Wiki-Solar,14.63
Spain,7.6,Solar,Wiki-Solar,15.18
Spain,9.0,Solar,Wiki-Solar,14.97
Spain,7.6,Solar,Wiki-Solar,15.39
Spain,9.0,Solar,Wiki-Solar,14.98
Spain,9.9,Solar,Wiki-Solar,16.2
Spain,7.0,Solar,Wiki-Solar,14.28
Sri Lanka,40.0,Hydro,WRI,156.67
Sri Lanka,35.0,Hydro,WRI,143.58
Sri Lanka,60.0,Hydro,WRI,240.82
Sri Lanka,1.5,Hydro,WRI,6.86
Sri Lanka,20.0,Solar,WRI,36.77
Sri Lanka,14.4,Solar,Wiki-Solar,26.54
Sri Lanka,11.0,Hydro,WRI,48.08
Sri Lanka,201.0,Hydro,WRI,774.89
Sri Lanka,80.0,Hydro,WRI,323.43
Sri Lanka,2.0,Hydro,WRI,7.05
Sri Lanka,25.0,Hydro,WRI,100.7
Sri Lanka,100.0,Hydro,WRI,403.27
Sri Lanka,3.2,Hydro,WRI,11.89
Sri Lanka,75.0,Hydro,WRI,303.22
Sri Lanka,126.0,Hydro,WRI,493.28
Sri Lanka,52.0,Hydro,WRI,216.88
Sri Lanka,10.0,Solar,Wiki-Solar,17.84
Sri Lanka,124.0,Hydro,WRI,479.42
Sri Lanka,6.0,Hydro,WRI,23.91
Sri Lanka,40.0,Hydro,WRI,160.55
Sri Lanka,150.0,Hydro,WRI,581.36
Sri Lanka,210.0,Hydro,WRI,817.54
Sri Lanka,50.0,Hydro,WRI,205.48
Sudan,11.01,Hydro,Power Africa,53.52
Sudan,233.6,Hydro,Power Africa,1284.33
Sudan,15.0,Hydro,Power Africa,75.91
Suriname,5.0,Solar,Wiki-Solar,9.87
Swaziland,15.0,Hydro,Power Africa,35.68
Swaziland,20.8,Hydro,Power Africa,36.67
Swaziland,15.0,Hydro,Power Africa,35.12
Sweden,86.0,Hydro,WRI,324.51
Sweden,150.0,Hydro,GEODB,525.67
Sweden,32.0,Hydro,CARMA,106.91
Sweden,116.0,Hydro,GEODB,492.32
Sweden,7.0,Hydro,CARMA,31.53
Sweden,25.0,Hydro,CARMA,92.07
Sweden,27.0,Hydro,WRI,115.27
Sweden,22.0,Hydro,CARMA,101.77
Sweden,15.0,Hydro,CARMA,77.39
Sweden,24.0,Hydro,CARMA,111.02
Sweden,8.0,Hydro,CARMA,27.57
Sweden,107.0,Hydro,GEODB,423.48
Sweden,42.0,Hydro,CARMA,168.8
Sweden,166.0,Hydro,GEODB,599.09
Sweden,21.0,Hydro,CARMA,70.96
Sweden,16.2,Hydro,CARMA,55.72
Sweden,17.0,Hydro,CARMA,79.27
Sweden,78.0,Hydro,CARMA,298.89
Sweden,42.0,Hydro,CARMA,159.72
Sweden,15.0,Hydro,CARMA,71.69
Sweden,80.0,Hydro,GEODB,321.53
Sweden,5.0,Hydro,CARMA,14.77
Sweden,47.0,Hydro,CARMA,196.1
Sweden,20.0,Hydro,CARMA,83.46
Sweden,22.0,Hydro,CARMA,99.62
Sweden,2.0,Hydro,CARMA,6.01
Sweden,72.0,Hydro,WRI,305.97
Sweden,9.0,Hydro,CARMA,36.73
Sweden,3.0,Hydro,CARMA,12.8
Sweden,6.6,Hydro,CARMA,33.61
Sweden,24.0,Hydro,CARMA,82.64
Sweden,44.0,Hydro,CARMA,183.58
Sweden,158.0,Hydro,GEODB,553.56
Sweden,2.4,Hydro,CARMA,8.13
Sweden,4.7,Hydro,CARMA,19.83
Sweden,3.7,Hydro,CARMA,10.14
Sweden,22.0,Hydro,CARMA,100.78
Sweden,220.0,Hydro,GEODB,703.56
Sweden,78.0,Hydro,WRI,315.05
Sweden,60.0,Hydro,WRI,225.34
Sweden,66.0,Hydro,WRI,218.31
Sweden,12.0,Hydro,CARMA,55.01
Sweden,17.0,Hydro,CARMA,78.92
Sweden,14.0,Hydro,CARMA,48.35
Sweden,16.0,Hydro,CARMA,71.8
Sweden,108.0,Hydro,WRI,445.87
Sweden,24.0,Hydro,CARMA,90.19
Sweden,80.0,Hydro,CARMA,305.58
Sweden,223.0,Hydro,WRI,762.48
Sweden,871.0,Hydro,GEODB,2977.46
Sweden,12.0,Hydro,CARMA,56.78
Sweden,184.0,Hydro,GEODB,647.75
Sweden,151.0,Hydro,WRI,523.55
Sweden,6.5,Hydro,CARMA,28.02
Sweden,15.0,Hydro,CARMA,72.09
Sweden,10.7,Hydro,CARMA,37.16
Sweden,26.0,Hydro,CARMA,96.42
Sweden,127.8,Hydro,GEODB,416.38
Sweden,96.0,Hydro,CARMA,359.46
Sweden,26.0,Hydro,CARMA,109.62
Sweden,14.0,Hydro,CARMA,62.95
Sweden,1020.0,Hydro,GEODB,3405.62
Sweden,31.4,Hydro,CARMA,120.5
Sweden,296.0,Hydro,GEODB,942.99
Sweden,22.0,Hydro,CARMA,83.65
Sweden,103.0,Hydro,GEODB,404.44
Sweden,3.5,Hydro,CARMA,11.25
Sweden,250.2,Hydro,GEODB,821.12
Sweden,5.6,Hydro,CARMA,27.09
Sweden,28.0,Hydro,WRI,119.35
Sweden,30.0,Hydro,WRI,127.87
Sweden,140.0,Hydro,CARMA,475.18
Sweden,55.0,Hydro,CARMA,208.35
Sweden,57.0,Hydro,CARMA,218.7
Sweden,11.3,Hydro,CARMA,51.8
Sweden,11.2,Hydro,CARMA,33.66
Sweden,44.0,Hydro,CARMA,162.51
Sweden,98.0,Hydro,WRI,430.9
Sweden,5.5,Hydro,CARMA,24.76
Sweden,1.0,Hydro,CARMA,4.55
Sweden,165.0,Hydro,WRI,634.64
Sweden,222.0,Hydro,GEODB,782.15
Sweden,2.7,Hydro,CARMA,13.58
Sweden,9.0,Hydro,CARMA,41.05
Sweden,486.0,Hydro,GEODB,1545.45
Sweden,332.0,Hydro,GEODB,1073.12
Sweden,46.0,Hydro,WRI,185.58
Sweden,110.0,Wind,GEODB,321.33
Sweden,11.0,Hydro,CARMA,54.65
Sweden,13.6,Hydro,CARMA,72.12
Sweden,10.0,Hydro,CARMA,44.83
Sweden,21.0,Hydro,CARMA,90.99
Sweden,463.0,Hydro,GEODB,1496.55
Sweden,155.0,Hydro,GEODB,568.22
Sweden,135.0,Hydro,GEODB,472.09
Sweden,33.0,Hydro,CARMA,125.38
Sweden,115.0,Hydro,GEODB,459.81
Sweden,24.0,Hydro,CARMA,108.17
Sweden,10.2,Wind,CARMA,13.97
Sweden,70.0,Hydro,WRI,286.73
Sweden,16.0,Hydro,CARMA,77.58
Sweden,10.0,Hydro,CARMA,30.05
Sweden,3.0,Hydro,CARMA,11.83
Sweden,1.4,Hydro,CARMA,6.02
Sweden,104.0,Hydro,GEODB,428.56
Sweden,19.0,Hydro,CARMA,70.11
Sweden,35.0,Hydro,CARMA,136.85
Sweden,69.0,Hydro,WRI,277.33
Sweden,430.0,Hydro,GEODB,1389.89
Sweden,282.0,Hydro,GEODB,896.74
Sweden,304.0,Hydro,GEODB,808.09
Sweden,17.0,Hydro,CARMA,51.94
Sweden,45.0,Hydro,WRI,181.89
Sweden,214.0,Hydro,WRI,661.51
Sweden,61.0,Hydro,CARMA,227.89
Sweden,11.0,Hydro,CARMA,37.5
Sweden,46.0,Hydro,CARMA,182.65
Sweden,38.0,Hydro,CARMA,161.98
Sweden,13.6,Hydro,CARMA,46.77
Sweden,12.5,Hydro,CARMA,57.12
Sweden,20.0,Hydro,CARMA,92.79
Sweden,35.0,Hydro,CARMA,134.93
Sweden,142.0,Hydro,WRI,493.76
Sweden,130.0,Hydro,GEODB,391.31
Sweden,57.0,Hydro,WRI,243.78
Sweden,54.0,Hydro,WRI,218.26
Sweden,78.0,Wind,WRI,129.72
Sweden,112.0,Hydro,WRI,457.38
Sweden,599.0,Hydro,GEODB,1922.37
Sweden,47.0,Hydro,WRI,189.84
Sweden,80.0,Hydro,WRI,323.13
Sweden,36.0,Hydro,GEODB,142.79
Sweden,14.0,Hydro,CARMA,62.88
Sweden,2.8,Hydro,CARMA,13.16
Sweden,119.0,Hydro,WRI,408.57
Sweden,300.0,Hydro,GEODB,793.6
Sweden,118.0,Hydro,WRI,424.07
Sweden,100.0,Hydro,CARMA,404.2
Sweden,43.0,Hydro,CARMA,183.6
Sweden,10.5,Wind,CARMA,25.36
Sweden,134.0,Hydro,WRI,456.01
Sweden,35.0,Hydro,WRI,140.94
Sweden,325.0,Hydro,GEODB,1011.82
Sweden,10.0,Hydro,CARMA,46.65
Sweden,33.0,Hydro,GEODB,132.39
Sweden,20.0,Hydro,CARMA,88.74
Switzerland,16.93,Hydro,CARMA,72.57
Switzerland,15.2,Hydro,GEODB,58.66
Switzerland,29.2,Hydro,CARMA,79.41
Switzerland,60.0,Hydro,CARMA,154.02
Switzerland,84.9,Hydro,CARMA,228.66
Switzerland,28.4,Hydro,CARMA,73.33
Switzerland,3.56,Hydro,CARMA,11.94
Switzerland,120.0,Hydro,CARMA,271.51
Switzerland,1.73,Hydro,CARMA,5.74
Switzerland,52.0,Hydro,CARMA,156.72
Switzerland,13.0,Hydro,CARMA,36.19
Switzerland,35.0,Hydro,CARMA,87.23
Switzerland,28.5,Hydro,CARMA,88.53
Switzerland,1.03,Hydro,CARMA,2.41
Switzerland,140.0,Hydro,CARMA,342.15
Switzerland,19.5,Hydro,CARMA,88.46
Switzerland,6.2,Hydro,CARMA,27.47
Switzerland,324.0,Hydro,WRI,562.83
Switzerland,141.0,Hydro,CARMA,306.46
Switzerland,1285.0,Hydro,WRI,3818.03
Switzerland,340.0,Hydro,WRI,727.59
Switzerland,8.7,Hydro,CARMA,25.08
Switzerland,20.0,Hydro,CARMA,78.28
Switzerland,1.28,Hydro,CARMA,3.01
Switzerland,50.0,Hydro,CARMA,129.74
Switzerland,1.62,Hydro,CARMA,5.45
Switzerland,100.0,Hydro,CARMA,283.84
Switzerland,114.0,Hydro,CARMA,324.56
Switzerland,1.38,Hydro,CARMA,3.05
Switzerland,2.0,Hydro,CARMA,5.17
Switzerland,8.7,Hydro,CARMA,20.48
Switzerland,54.0,Hydro,GEODB,206.62
Switzerland,260.5,Hydro,GEODB,569.66
Switzerland,15.0,Solar,Wiki-Solar,20.96
Switzerland,66.0,Hydro,GEODB,205.32
Switzerland,18.24,Hydro,CARMA,57.49
Switzerland,2.94,Hydro,CARMA,12.08
Switzerland,46.9,Hydro,GEODB,116.51
Switzerland,135.0,Hydro,CARMA,326.61
Switzerland,1.45,Hydro,CARMA,4.71
Switzerland,11.5,Hydro,GEODB,44.93
Switzerland,64.0,Hydro,CARMA,175.5
Switzerland,65.0,Hydro,CARMA,184.49
Switzerland,306.0,Hydro,GEODB,741.16
Switzerland,140.0,Hydro,GEODB,397.54
Switzerland,10.3,Hydro,GEODB,23.41
Switzerland,11.33,Hydro,GEODB,27.26
Switzerland,1.9,Hydro,CARMA,7.03
Switzerland,8.94,Hydro,CARMA,29.08
Switzerland,46.0,Hydro,GEODB,121.61
Switzerland,132.5,Hydro,CARMA,303.02
Switzerland,32.5,Hydro,GEODB,83.42
Switzerland,35.3,Hydro,GEODB,90.61
Switzerland,348.0,Hydro,GEODB,780.38
Switzerland,37.5,Hydro,CARMA,96.8
Switzerland,6.6,Hydro,CARMA,19.03
Switzerland,1.2,Hydro,CARMA,2.82
Switzerland,12.7,Hydro,CARMA,28.69
Switzerland,100.0,Hydro,GEODB,268.05
Switzerland,55.0,Hydro,GEODB,141.18
Switzerland,8.8,Hydro,CARMA,21.88
Switzerland,2.0,Hydro,CARMA,6.72
Switzerland,49.5,Hydro,CARMA,112.41
Switzerland,62.0,Hydro,GEODB,159.15
Switzerland,12.0,Hydro,CARMA,37.25
Switzerland,8.3,Hydro,CARMA,31.82
Switzerland,19.0,Hydro,CARMA,45.35
Switzerland,1.03,Hydro,CARMA,2.54
Switzerland,1.5,Hydro,CARMA,3.52
Switzerland,1.18,Hydro,CARMA,3.24
Switzerland,42.6,Hydro,CARMA,123.78
Switzerland,1.3,Hydro,CARMA,3.59
Switzerland,28.0,Hydro,CARMA,70.74
Switzerland,5.6,Hydro,CARMA,11.23
Switzerland,24.0,Hydro,CARMA,78.67
Switzerland,5.1,Hydro,CARMA,13.76
Switzerland,110.0,Hydro,CARMA,295.0
Switzerland,90.0,Hydro,CARMA,277.52
Switzerland,2.6,Hydro,CARMA,9.81
Switzerland,1.6,Hydro,CARMA,4.42
Switzerland,8.56,Hydro,CARMA,20.15
Switzerland,5.0,Hydro,CARMA,17.56
Switzerland,1.0,Hydro,CARMA,3.53
Switzerland,1000.0,Hydro,GEODB,2453.38
Switzerland,34.4,Hydro,GEODB,89.04
Switzerland,1.42,Hydro,CARMA,4.18
Switzerland,25.0,Hydro,CARMA,63.16
Switzerland,3.5,Hydro,CARMA,11.28
Switzerland,22.0,Hydro,CARMA,62.06
Switzerland,84.0,Hydro,CARMA,243.36
Switzerland,7.2,Hydro,CARMA,16.83
Switzerland,1.16,Hydro,CARMA,3.72
Switzerland,3.3,Hydro,CARMA,6.76
Switzerland,31.0,Hydro,CARMA,78.32
Switzerland,15.5,Hydro,CARMA,34.94
Switzerland,9.8,Hydro,CARMA,29.89
Switzerland,1.6,Hydro,CARMA,4.52
Switzerland,392.0,Hydro,WRI,1051.37
Switzerland,5.2,Solar,Wiki-Solar,7.38
Switzerland,1.07,Hydro,CARMA,4.04
Switzerland,15.0,Hydro,GEODB,57.89
Switzerland,8.2,Hydro,CARMA,19.3
Switzerland,31.95,Hydro,CARMA,91.85
Switzerland,1.97,Hydro,CARMA,7.19
Switzerland,8.7,Hydro,CARMA,28.17
Switzerland,102.0,Hydro,CARMA,276.55
Switzerland,54.0,Hydro,CARMA,149.45
Switzerland,1.0,Hydro,CARMA,4.27
Switzerland,1.15,Hydro,CARMA,4.82
Switzerland,6.48,Hydro,CARMA,17.48
Switzerland,72.9,Hydro,CARMA,183.55
Switzerland,4.5,Hydro,CARMA,9.56
Switzerland,10.6,Hydro,CARMA,39.33
Switzerland,3.1,Hydro,CARMA,10.16
Switzerland,300.0,Hydro,WRI,700.73
Switzerland,5.0,Hydro,CARMA,14.28
Switzerland,26.0,Hydro,CARMA,67.13
Switzerland,39.5,Hydro,CARMA,103.85
Switzerland,19.06,Hydro,CARMA,42.97
Switzerland,66.24,Hydro,CARMA,173.87
Switzerland,258.0,Hydro,CARMA,691.97
Switzerland,4.5,Hydro,CARMA,15.03
Switzerland,44.0,Hydro,CARMA,112.95
Switzerland,90.0,Hydro,CARMA,242.4
Switzerland,9.3,Hydro,CARMA,23.12
Switzerland,2.9,Hydro,CARMA,7.51
Switzerland,20.8,Hydro,CARMA,57.71
Switzerland,28.9,Hydro,CARMA,110.89
Switzerland,6.1,Hydro,CARMA,19.42
Switzerland,150.0,Hydro,CARMA,293.31
Switzerland,1.93,Hydro,CARMA,4.99
Switzerland,8.7,Hydro,GEODB,40.32
Switzerland,51.52,Hydro,CARMA,129.79
Switzerland,83.0,Hydro,CARMA,218.92
Switzerland,18.66,Hydro,CARMA,60.88
Switzerland,185.0,Hydro,GEODB,482.62
Switzerland,1.27,Hydro,GEODB,4.25
Switzerland,14.0,Hydro,CARMA,32.34
Switzerland,5.0,Hydro,CARMA,16.05
Switzerland,4.3,Hydro,CARMA,10.04
Switzerland,1.22,Hydro,CARMA,3.44
Switzerland,10.61,Hydro,CARMA,39.08
Switzerland,4.25,Hydro,CARMA,9.32
Switzerland,4.6,Hydro,CARMA,14.99
Switzerland,2.9,Hydro,CARMA,10.56
Switzerland,69.5,Hydro,CARMA,183.86
Switzerland,1.8,Hydro,CARMA,4.7
Switzerland,1.0,Hydro,CARMA,4.26
Switzerland,23.9,Hydro,CARMA,60.82
Switzerland,54.0,Hydro,CARMA,172.91
Switzerland,12.0,Hydro,CARMA,41.73
Switzerland,1.2,Hydro,CARMA,3.38
Switzerland,119.0,Hydro,CARMA,315.28
Switzerland,102.8,Hydro,GEODB,407.47
Switzerland,92.0,Hydro,CARMA,283.69
Switzerland,50.0,Hydro,CARMA,130.65
Switzerland,20.4,Hydro,CARMA,55.25
Switzerland,25.35,Hydro,CARMA,86.26
Switzerland,2.1,Hydro,CARMA,8.76
Switzerland,1.59,Hydro,CARMA,5.38
Switzerland,6.6,Hydro,CARMA,21.37
Switzerland,12.0,Hydro,CARMA,50.2
Switzerland,74.0,Hydro,GEODB,204.98
Switzerland,22.0,Hydro,CARMA,57.27
Syrian Arab Republic,75.0,Hydro,GEODB,251.82
Syrian Arab Republic,800.0,Hydro,GEODB,2222.72
Syrian Arab Republic,630.0,Hydro,GEODB,1750.39
Taiwan,96.0,Wind,CARMA,250.29
Taiwan,100.0,Solar,Wiki-Solar,190.78
Taiwan,2.0,Hydro,CARMA,5.58
Taiwan,1000.0,Hydro,WRI,3056.04
Taiwan,14.0,Wind,CARMA,38.27
Taiwan,1.0,Hydro,CARMA,2.38
Taiwan,5.0,Solar,Wiki-Solar,9.71
Taiwan,6.0,Wind,CARMA,18.4
Taiwan,50.0,Wind,CARMA,140.14
Taiwan,1602.0,Hydro,GEODB,5091.07
Taiwan,9.3,Solar,Wiki-Solar,17.2
Taiwan,3.96,Wind,CARMA,9.87
Taiwan,13.0,Hydro,CARMA,50.66
Taiwan,9.5,Hydro,CARMA,34.01
Taiwan,180.0,Hydro,CARMA,427.98
Taiwan,18.0,Hydro,CARMA,50.96
Tajikistan,600.0,Hydro,GEODB,1795.17
Tajikistan,210.0,Hydro,GEODB,697.45
Tajikistan,126.0,Hydro,GEODB,354.34
Tajikistan,10.0,Hydro,CARMA,25.89
Tajikistan,3015.0,Hydro,GEODB,9436.64
Tajikistan,700.0,Hydro,GEODB,2094.36
Tajikistan,11.0,Hydro,GEODB,30.04
Tajikistan,14.4,Hydro,GEODB,44.96
Tanzania,21.0,Hydro,WRI,95.25
Tanzania,204.0,Hydro,WRI,754.04
Tanzania,180.0,Hydro,WRI,687.8
Tanzania,80.0,Hydro,WRI,301.25
Tanzania,8.0,Hydro,WRI,34.23
Tanzania,68.0,Hydro,WRI,284.24
Thailand,1.0,Solar,WRI,1.76
Thailand,24.0,Solar,Wiki-Solar,46.21
Thailand,1.2,Solar,WRI,2.08
Thailand,16.0,Solar,WRI,31.3
Thailand,22.5,Solar,WRI,43.29
Thailand,7.4,Solar,WRI,13.94
Thailand,7.0,Solar,WRI,13.22
Thailand,72.0,Hydro,GEODB,245.6
Thailand,1.7,Solar,WRI,3.13
Thailand,25.0,Solar,Wiki-Solar,48.7
Thailand,16.0,Solar,WRI,31.36
Thailand,744.0,Hydro,GEODB,3471.81
Thailand,8.3,Solar,Wiki-Solar,14.93
Thailand,7.4,Solar,WRI,13.85
Thailand,7.4,Solar,WRI,13.89
Thailand,7.4,Solar,WRI,13.84
Thailand,1.3,Solar,WRI,2.32
Thailand,5.7,Solar,Wiki-Solar,10.73
Thailand,5.4,Solar,Wiki-Solar,10.15
Thailand,9.5,Solar,WRI,17.93
Thailand,8.0,Solar,WRI,14.77
Thailand,40.0,Hydro,GEODB,142.16
Thailand,1.0,Solar,WRI,1.84
Thailand,8.0,Solar,Wiki-Solar,14.71
Thailand,7.6,Solar,WRI,14.24
Thailand,8.0,Solar,Wiki-Solar,14.73
Thailand,1.0,Solar,WRI,1.75
Thailand,12.0,Solar,Wiki-Solar,23.19
Thailand,5.0,Solar,WRI,9.41
Thailand,4.5,Solar,WRI,8.14
Thailand,10.0,Solar,WRI,17.39
Thailand,12.7,Solar,WRI,24.77
Thailand,6.1,Solar,WRI,11.53
Thailand,7.4,Solar,WRI,13.96
Thailand,7.4,Solar,WRI,13.91
Thailand,7.4,Solar,WRI,13.92
Thailand,7.4,Solar,WRI,13.98
Thailand,7.4,Solar,WRI,13.95
Thailand,7.4,Solar,WRI,13.97
Thailand,7.6,Solar,Wiki-Solar,14.15
Thailand,6.1,Solar,WRI,11.49
Thailand,6.1,Solar,WRI,11.45
Thailand,7.4,Solar,WRI,13.88
Thailand,6.1,Solar,WRI,11.47
Thailand,10.0,Solar,WRI,17.62
Thailand,1000.0,Hydro,GEODB,4024.18
Thailand,3.0,Wind,GEODB,9.16
Thailand,90.0,Solar,WRI,197.6
Thailand,6.1,Solar,WRI,11.44
Thailand,7.4,Solar,WRI,13.83
Thailand,3.7,Solar,WRI,6.55
Thailand,8.0,Solar,WRI,14.71
Thailand,2.0,Solar,WRI,3.69
Thailand,4.0,Solar,WRI,7.2
Thailand,55.0,Solar,WRI,108.6
Thailand,40.0,Solar,Wiki-Solar,79.73
Thailand,9.5,Solar,Wiki-Solar,17.84
Thailand,6.1,Solar,WRI,11.43
Thailand,7.4,Solar,WRI,13.86
Thailand,1.0,Solar,WRI,1.86
Thailand,90.0,Solar,WRI,179.43
Thailand,1.0,Solar,WRI,1.83
Thailand,5.6,Solar,WRI,10.54
Thailand,4.0,Solar,Wiki-Solar,7.15
Thailand,8.0,Solar,WRI,14.74
Thailand,8.0,Solar,WRI,14.65
Thailand,136.0,Hydro,GEODB,551.64
Thailand,2.1,Solar,WRI,3.79
Thailand,90.0,Solar,WRI,180.63
Thailand,1.0,Solar,WRI,1.93
Thailand,8.0,Solar,Wiki-Solar,14.41
Thailand,8.0,Solar,Wiki-Solar,14.15
Thailand,8.0,Solar,Wiki-Solar,14.21
Thailand,50.0,Solar,Wiki-Solar,95.49
Thailand,240.0,Hydro,GEODB,614.11
Thailand,8.0,Solar,WRI,14.48
Thailand,8.0,Solar,Wiki-Solar,14.59
Thailand,11.9,Solar,WRI,23.28
Thailand,35.9,Solar,WRI,71.98
Thailand,7.2,Solar,WRI,13.66
Thailand,7.0,Solar,WRI,13.25
Thailand,3.0,Solar,WRI,5.52
Thailand,6.1,Solar,WRI,11.56
Thailand,23.8,Solar,WRI,46.02
Thailand,9.7,Solar,WRI,17.33
Thailand,3.0,Solar,WRI,5.55
Thailand,7.6,Solar,WRI,14.23
Thailand,5.0,Solar,Wiki-Solar,9.36
Thailand,9.5,Solar,Wiki-Solar,17.37
Thailand,5.0,Solar,Wiki-Solar,9.47
Thailand,8.0,Solar,Wiki-Solar,14.72
Thailand,500.0,Hydro,GEODB,1662.96
Thailand,8.0,Solar,WRI,14.64
Thailand,8.0,Solar,WRI,14.72
Thailand,720.0,Hydro,GEODB,2826.35
Thailand,1.0,Solar,WRI,1.82
Thailand,7.4,Solar,WRI,13.18
Thailand,7.4,Solar,WRI,13.51
Thailand,7.4,Solar,WRI,13.19
Thailand,7.6,Solar,WRI,14.17
Thailand,7.6,Solar,WRI,14.19
Thailand,7.5,Solar,WRI,14.1
Thailand,5.5,Solar,Wiki-Solar,10.37
Thailand,8.0,Solar,WRI,14.05
Thailand,36.0,Hydro,GEODB,129.05
Thailand,5.0,Solar,WRI,9.48
Thailand,1.7,Solar,WRI,3.07
Thailand,6.0,Solar,WRI,11.25
Thailand,1.5,Solar,WRI,2.82
Thailand,300.0,Hydro,GEODB,906.67
Thailand,10.2,Solar,WRI,18.18
Thailand,6.0,Solar,Wiki-Solar,10.97
Thailand,4.0,Solar,Wiki-Solar,6.98
Togo,65.6,Hydro,Power Africa,159.64
Tunisia,4.8,Hydro,GEODB,10.98
Tunisia,1.2,Hydro,GEODB,3.01
Tunisia,1.2,Hydro,GEODB,2.72
Tunisia,1.0,Hydro,GEODB,2.4
Tunisia,13.0,Hydro,GEODB,20.44
Tunisia,33.0,Hydro,GEODB,48.58
Turkey,9.1,Solar,Wiki-Solar,17.5
Turkey,10.0,Solar,Wiki-Solar,18.71
Turkey,19.8,Solar,Wiki-Solar,40.87
Turkey,7.0,Solar,Wiki-Solar,13.69
Turkey,8.5,Solar,Wiki-Solar,17.18
Turkey,8.4,Solar,Wiki-Solar,14.61
Turkey,700.0,Hydro,WRI,2492.16
Turkey,6.6,Solar,Wiki-Solar,12.91
Turkey,5.9,Solar,Wiki-Solar,9.38
Turkey,138.0,Hydro,WRI,369.66
Turkey,2400.0,Hydro,WRI,8321.22
Turkey,50.0,Wind,WRI,162.39
Turkey,10.0,Solar,Wiki-Solar,19.62
Turkey,198.0,Hydro,WRI,529.66
Turkey,510.0,Hydro,WRI,1645.81
Turkey,672.0,Hydro,WRI,2255.52
Turkey,300.0,Hydro,WRI,779.11
Turkey,513.0,Hydro,WRI,1655.49
Turkey,10.0,Wind,WRI,20.59
Turkey,13.0,Wind,WRI,44.49
Turkey,8.3,Solar,Wiki-Solar,16.34
Turkey,4.8,Solar,Wiki-Solar,10.06
Turkey,15.0,Solar,Wiki-Solar,28.45
Turkey,7.0,Solar,Wiki-Solar,13.06
Turkey,12.0,Solar,Wiki-Solar,23.89
Turkey,12.3,Solar,Wiki-Solar,27.45
Turkey,9.4,Solar,Wiki-Solar,17.55
Turkey,18.5,Solar,Wiki-Solar,39.3
Turkey,6.6,Solar,Wiki-Solar,14.36
Turkey,9.0,Solar,Wiki-Solar,18.44
Turkey,7.4,Solar,Wiki-Solar,15.26
Turkey,14.0,Solar,Wiki-Solar,29.94
Turkey,670.0,Hydro,WRI,2007.02
Turkey,17.0,Solar,WRI,34.6
Turkey,29.0,Hydro,WRI,74.06
Turkey,110.0,Hydro,WRI,238.7
Turkey,10.0,Solar,Wiki-Solar,18.82
Turkey,35.0,Solar,Wiki-Solar,89.54
Turkey,7.6,Solar,Wiki-Solar,14.28
Turkey,11.0,Solar,Wiki-Solar,22.5
Turkey,4.8,Solar,Wiki-Solar,9.9
Turkey,25.0,Solar,Wiki-Solar,55.22
Turkey,159.0,Hydro,WRI,412.12
Turkey,278.0,Hydro,WRI,574.35
Turkey,7.0,Solar,Wiki-Solar,13.17
Turkey,500.0,Hydro,WRI,1213.0
Turkey,128.0,Hydro,WRI,331.28
Turkey,15.0,Solar,Wiki-Solar,30.54
Turkey,1200.0,Hydro,WRI,4282.17
Turkey,5.2,Solar,Wiki-Solar,10.59
Turkey,3.7,Solar,Wiki-Solar,6.84
Turkey,15.0,Solar,Wiki-Solar,29.93
Turkey,19.0,Solar,Wiki-Solar,41.77
Turkey,4.6,Solar,Wiki-Solar,8.9
Turkey,1800.0,Hydro,WRI,6151.93
Turkey,4.0,Solar,Wiki-Solar,7.53
Turkey,192.0,Hydro,WRI,643.29
Turkey,7.0,Solar,Wiki-Solar,13.45
Turkey,6.0,Solar,Wiki-Solar,11.4
Turkey,45.0,Solar,Wiki-Solar,90.32
Turkey,1330.0,Hydro,WRI,4545.59
Turkey,4.5,Solar,Wiki-Solar,8.95
Turkey,20.6,Solar,Wiki-Solar,42.76
Turkey,4.0,Solar,Wiki-Solar,7.18
Turkey,124.0,Hydro,WRI,326.73
Turkey,18.0,Solar,Wiki-Solar,34.0
Turkey,248.0,Hydro,WRI,830.42
Turkey,115.0,Hydro,WRI,363.72
Turkey,4.0,Solar,Wiki-Solar,6.79
Turkey,202.0,Hydro,WRI,542.61
Turkey,540.0,Hydro,WRI,884.7
Turkey,5.0,Solar,Wiki-Solar,10.35
Turkey,6.3,Solar,Wiki-Solar,11.23
Turkey,160.0,Hydro,WRI,345.09
Turkey,11.7,Solar,Wiki-Solar,25.32
Turkey,284.0,Hydro,WRI,915.32
Turkey,19.1,Solar,Wiki-Solar,35.5
Turkey,4.8,Solar,Wiki-Solar,10.12
Turkey,5.2,Solar,Wiki-Solar,10.81
Turkey,4.6,Solar,Wiki-Solar,8.99
Turkey,4.6,Solar,Wiki-Solar,9.12
Turkey,40.0,Wind,WRI,132.2
Turkey,4.8,Solar,Wiki-Solar,9.74
Turkey,10.0,Solar,Wiki-Solar,20.15
Turkey,4.3,Solar,Wiki-Solar,6.99
Turkey,5.0,Solar,Wiki-Solar,8.09
Turkey,8.0,Solar,Wiki-Solar,14.96
Turkey,30.0,Solar,Wiki-Solar,60.17
Turkey,7.4,Solar,Wiki-Solar,14.01
Turkey,6.6,Solar,Wiki-Solar,13.76
Turkey,5.9,Solar,Wiki-Solar,12.36
Turkey,5.0,Solar,Wiki-Solar,9.42
Turkey,6.2,Solar,Wiki-Solar,12.73
Turkey,169.0,Hydro,WRI,452.7
Turkey,170.0,Hydro,WRI,466.93
Turkey,5.0,Solar,Wiki-Solar,9.61
Turkey,8.0,Solar,Wiki-Solar,15.42
Turkey,5.5,Solar,Wiki-Solar,11.72
Uganda,11.0,Hydro,Power Africa,24.21
Uganda,250.0,Hydro,Power Africa,1009.13
Uganda,10.0,Hydro,Power Africa,21.67
Uganda,24.0,Solar,Wiki-Solar,54.59
Uganda,205.0,Hydro,Power Africa,887.82
Uganda,10.5,Hydro,Power Africa,23.11
Uganda,180.0,Hydro,Power Africa,777.16
Uganda,10.0,Solar,Wiki-Solar,20.44
Uganda,10.0,Solar,Wiki-Solar,20.32
Ukraine,34.1,Solar,Wiki-Solar,51.11
Ukraine,7.7,Solar,Wiki-Solar,11.42
Ukraine,1538.0,Hydro,WRI,8067.95
Ukraine,702.0,Hydro,GEODB,1572.49
Ukraine,648.0,Hydro,GEODB,1444.89
Ukraine,357.0,Hydro,GEODB,1957.82
Ukraine,43.2,Solar,Wiki-Solar,65.08
Ukraine,5.0,Solar,Wiki-Solar,7.22
Ukraine,343.0,Hydro,GEODB,1881.04
Ukraine,528.0,Hydro,GEODB,2891.96
Ukraine,440.0,Hydro,GEODB,2049.59
Ukraine,235.0,Hydro,GEODB,1108.27
Ukraine,625.0,Hydro,WRI,3423.25
Ukraine,9.5,Solar,Wiki-Solar,15.84
Ukraine,43.4,Solar,Wiki-Solar,65.38
Ukraine,31.6,Solar,Wiki-Solar,50.7
Ukraine,69.8,Solar,Wiki-Solar,109.28
Ukraine,10.7,Solar,Wiki-Solar,16.1
Ukraine,76.0,Solar,Wiki-Solar,122.33
Ukraine,86.6,Solar,Wiki-Solar,137.19
Ukraine,20.0,Solar,Wiki-Solar,33.55
Ukraine,25.6,Solar,Wiki-Solar,40.56
Ukraine,4.5,Solar,Wiki-Solar,6.41
Ukraine,54.8,Solar,Wiki-Solar,88.44
Ukraine,7.6,Solar,Wiki-Solar,12.58
Ukraine,7.0,Solar,Wiki-Solar,9.52
Ukraine,8.0,Solar,Wiki-Solar,11.18
Ukraine,43.0,Solar,Wiki-Solar,62.75
Ukraine,4.9,Solar,Wiki-Solar,6.56
Ukraine,313.0,Hydro,GEODB,643.44
Ukraine,16.0,Solar,Wiki-Solar,24.55
Ukraine,13.5,Solar,Wiki-Solar,20.5
Ukraine,29.3,Solar,Wiki-Solar,41.97
Ukraine,4.0,Solar,Wiki-Solar,5.89
United Arab Emirates,220.0,Solar,Wiki-Solar,477.9
United Arab Emirates,200.0,Solar,Wiki-Solar,424.11
United Arab Emirates,300.0,Solar,Wiki-Solar,634.26
United Kingdom,5.9,Solar,UK Renewable Energy Planning Database,8.85
United Kingdom,4.965,Solar,UK Renewable Energy Planning Database,7.09
United Kingdom,6.0,Solar,UK Renewable Energy Planning Database,8.98
United Kingdom,9.0,Solar,UK Renewable Energy Planning Database,13.49
United Kingdom,5.3,Solar,UK Renewable Energy Planning Database,7.92
United Kingdom,7.0,Solar,UK Renewable Energy Planning Database,10.41
United Kingdom,24.66717,Solar,UK Renewable Energy Planning Database,35.46
United Kingdom,3.9,Solar,UK Renewable Energy Planning Database,5.76
United Kingdom,7.68222,Solar,UK Renewable Energy Planning Database,11.56
United Kingdom,1.5,Solar,UK Renewable Energy Planning Database,2.13
United Kingdom,2.0,Hydro,UK Renewable Energy Planning Database,6.54
United Kingdom,3.0,Hydro,UK Renewable Energy Planning Database,12.27
United Kingdom,4.0,Solar,UK Renewable Energy Planning Database,5.89
United Kingdom,20.0,Hydro,UK Renewable Energy Planning Database,69.75
United Kingdom,5.0,Solar,UK Renewable Energy Planning Database,7.64
United Kingdom,1.2,Solar,UK Renewable Energy Planning Database,1.67
United Kingdom,15.8,Solar,UK Renewable Energy Planning Database,22.91
United Kingdom,1.5,Solar,UK Renewable Energy Planning Database,2.14
United Kingdom,1.3,Solar,UK Renewable Energy Planning Database,1.89
United Kingdom,1.2,Solar,UK Renewable Energy Planning Database,1.54
United Kingdom,1.2,Solar,UK Renewable Energy Planning Database,1.61
United Kingdom,5.0,Solar,UK Renewable Energy Planning Database,7.47
United Kingdom,1.3,Hydro,UK Renewable Energy Planning Database,3.76
United Kingdom,2.1,Hydro,UK Renewable Energy Planning Database,9.62
United Kingdom,1.5,Hydro,UK Renewable Energy Planning Database,4.08
United Kingdom,1.3,Hydro,UK Renewable Energy Planning Database,5.69
United Kingdom,1.7,Solar,UK Renewable Energy Planning Database,2.35
United Kingdom,5.0,Solar,UK Renewable Energy Planning Database,7.57
United Kingdom,4.7,Solar,UK Renewable Energy Planning Database,7.49
United Kingdom,1.5,Hydro,UK Renewable Energy Planning Database,6.21
United Kingdom,8.0,Solar,UK Renewable Energy Planning Database,11.3
United Kingdom,6.2,Solar,UK Renewable Energy Planning Database,8.82
United Kingdom,4.0,Solar,Wiki-Solar,5.92
United Kingdom,3.8,Solar,Wiki-Solar,5.43
United Kingdom,4.954,Solar,UK Renewable Energy Planning Database,7.21
United Kingdom,6.8,Solar,UK Renewable Energy Planning Database,9.97
United Kingdom,4.9737,Solar,UK Renewable Energy Planning Database,7.08
United Kingdom,19.0,Solar,UK Renewable Energy Planning Database,26.61
United Kingdom,5.0,Solar,UK Renewable Energy Planning Database,7.12
United Kingdom,20.0,Solar,UK Renewable Energy Planning Database,29.24
United Kingdom,14.7,Solar,UK Renewable Energy Planning Database,21.66
United Kingdom,7.3,Solar,UK Renewable Energy Planning Database,10.98
United Kingdom,5.0,Solar,UK Renewable Energy Planning Database,7.14
United Kingdom,5.0,Solar,Wiki-Solar,7.29
United Kingdom,2.5,Solar,UK Renewable Energy Planning Database,3.66
United Kingdom,2.0,Solar,UK Renewable Energy Planning Database,2.82
United Kingdom,4.5,Solar,UK Renewable Energy Planning Database,6.67
United Kingdom,3.0,Solar,UK Renewable Energy Planning Database,4.49
United Kingdom,2.8,Solar,UK Renewable Energy Planning Database,4.12
United Kingdom,1.5,Hydro,UK Renewable Energy Planning Database,6.92
United Kingdom,4.99928,Solar,UK Renewable Energy Planning Database,7.6
United Kingdom,12.0,Solar,UK Renewable Energy Planning Database,18.03
United Kingdom,5.0,Solar,UK Renewable Energy Planning Database,7.59
United Kingdom,13.5,Solar,UK Renewable Energy Planning Database,20.35
United Kingdom,7.0,Solar,UK Renewable Energy Planning Database,10.36
United Kingdom,8.7,Solar,UK Renewable Energy Planning Database,13.25
United Kingdom,6.0,Solar,UK Renewable Energy Planning Database,9.01
United Kingdom,13.0,Solar,UK Renewable Energy Planning Database,19.75
United Kingdom,18.0,Solar,UK Renewable Energy Planning Database,27.63
United Kingdom,25.0,Solar,UK Renewable Energy Planning Database,36.31
United Kingdom,5.4,Solar,UK Renewable Energy Planning Database,8.05
United Kingdom,4.2,Solar,UK Renewable Energy Planning Database,6.18
United Kingdom,4.0,Solar,UK Renewable Energy Planning Database,5.65
United Kingdom,1.88496,Solar,UK Renewable Energy Planning Database,2.48
United Kingdom,4.61032,Solar,UK Renewable Energy Planning Database,7.09
United Kingdom,1.2,Solar,UK Renewable Energy Planning Database,1.69
United Kingdom,5.0,Solar,UK Renewable Energy Planning Database,7.07
United Kingdom,5.0,Solar,UK Renewable Energy Planning Database,7.6
United Kingdom,5.0,Solar,UK Renewable Energy Planning Database,7.22
United Kingdom,14.4,Solar,UK Renewable Energy Planning Database,21.91
United Kingdom,11.0,Solar,UK Renewable Energy Planning Database,16.83
United Kingdom,8.1,Solar,UK Renewable Energy Planning Database,12.24
United Kingdom,5.2,Solar,UK Renewable Energy Planning Database,7.78
United Kingdom,1.7,Solar,UK Renewable Energy Planning Database,2.36
United Kingdom,4.991,Solar,UK Renewable Energy Planning Database,7.47
United Kingdom,4.0,Solar,UK Renewable Energy Planning Database,5.86
United Kingdom,1.7,Hydro,UK Renewable Energy Planning Database,7.4
United Kingdom,1.1,Hydro,UK Renewable Energy Planning Database,5.37
United Kingdom,1.3,Hydro,UK Renewable Energy Planning Database,5.89
United Kingdom,1.73901,Solar,UK Renewable Energy Planning Database,2.44
United Kingdom,5.0,Solar,UK Renewable Energy Planning Database,7.08
United Kingdom,8.0,Solar,UK Renewable Energy Planning Database,12.05
United Kingdom,4.7819,Solar,UK Renewable Energy Planning Database,7.84
United Kingdom,4.99608,Solar,UK Renewable Energy Planning Database,7.08
United Kingdom,4.2,Solar,UK Renewable Energy Planning Database,6.21
United Kingdom,5.0,Solar,UK Renewable Energy Planning Database,7.66
United Kingdom,8.2,Solar,UK Renewable Energy Planning Database,11.83
United Kingdom,5.0,Solar,UK Renewable Energy Planning Database,7.46
United Kingdom,5.0,Solar,UK Renewable Energy Planning Database,7.63
United Kingdom,14.5,Solar,UK Renewable Energy Planning Database,21.76
United Kingdom,5.7408,Solar,UK Renewable Energy Planning Database,8.31
United Kingdom,5.0,Solar,UK Renewable Energy Planning Database,7.3
United Kingdom,4.9979,Solar,UK Renewable Energy Planning Database,7.48
United Kingdom,5.6,Solar,UK Renewable Energy Planning Database,8.5
United Kingdom,12.0,Solar,UK Renewable Energy Planning Database,18.06
United Kingdom,12.0,Solar,UK Renewable Energy Planning Database,18.02
United Kingdom,3.5,Solar,UK Renewable Energy Planning Database,5.03
United Kingdom,2.7,Solar,UK Renewable Energy Planning Database,3.96
United Kingdom,31.8,Solar,UK Renewable Energy Planning Database,46.41
United Kingdom,3.5,Hydro,UK Renewable Energy Planning Database,9.71
United Kingdom,3.0,Solar,UK Renewable Energy Planning Database,4.51
United Kingdom,5.0,Solar,UK Renewable Energy Planning Database,7.25
United Kingdom,1.8,Solar,UK Renewable Energy Planning Database,2.35
United Kingdom,1.41246,Solar,UK Renewable Energy Planning Database,1.99
United Kingdom,6.0788,Solar,UK Renewable Energy Planning Database,9.15
United Kingdom,4.98,Solar,UK Renewable Energy Planning Database,7.11
United Kingdom,10.5,Solar,UK Renewable Energy Planning Database,16.04
United Kingdom,11.3,Solar,UK Renewable Energy Planning Database,17.18
United Kingdom,5.0,Solar,Wiki-Solar,10.13
United Kingdom,4.97684,Solar,UK Renewable Energy Planning Database,7.59
United Kingdom,12.6,Solar,UK Renewable Energy Planning Database,18.97
United Kingdom,5.5,Solar,UK Renewable Energy Planning Database,8.35
United Kingdom,4.9979,Solar,UK Renewable Energy Planning Database,7.14
United Kingdom,3.8,Solar,UK Renewable Energy Planning Database,5.68
United Kingdom,5.0,Solar,UK Renewable Energy Planning Database,7.56
United Kingdom,12.3,Solar,UK Renewable Energy Planning Database,18.74
United Kingdom,10.0,Solar,UK Renewable Energy Planning Database,15.2
United Kingdom,2.4,Solar,UK Renewable Energy Planning Database,3.47
United Kingdom,5.0,Solar,UK Renewable Energy Planning Database,7.48
United Kingdom,4.9896,Solar,UK Renewable Energy Planning Database,7.59
United Kingdom,8.3,Solar,UK Renewable Energy Planning Database,12.13
United Kingdom,18.8,Solar,UK Renewable Energy Planning Database,28.8
United Kingdom,5.3,Solar,UK Renewable Energy Planning Database,8.03
United Kingdom,2.2,Hydro,UK Renewable Energy Planning Database,7.18
United Kingdom,5.0,Solar,UK Renewable Energy Planning Database,7.29
United Kingdom,18.9,Solar,UK Renewable Energy Planning Database,27.82
United Kingdom,8.7,Solar,UK Renewable Energy Planning Database,13.21
United Kingdom,1.9,Solar,UK Renewable Energy Planning Database,2.62
United Kingdom,4.1,Solar,UK Renewable Energy Planning Database,5.83
United Kingdom,1.1,Solar,UK Renewable Energy Planning Database,1.54
United Kingdom,4.2,Solar,Wiki-Solar,5.97
United Kingdom,3.0,Solar,UK Renewable Energy Planning Database,4.29
United Kingdom,8.91036,Solar,UK Renewable Energy Planning Database,13.04
United Kingdom,4.7,Solar,UK Renewable Energy Planning Database,7.52
United Kingdom,3.63,Solar,UK Renewable Energy Planning Database,5.33
United Kingdom,31.59,Solar,UK Renewable Energy Planning Database,45.44
United Kingdom,1.1,Hydro,UK Renewable Energy Planning Database,3.33
United Kingdom,1.9,Hydro,UK Renewable Energy Planning Database,7.87
United Kingdom,15.0,Solar,UK Renewable Energy Planning Database,22.55
United Kingdom,14.78664,Solar,UK Renewable Energy Planning Database,22.23
United Kingdom,8.0,Solar,Wiki-Solar,12.09
United Kingdom,5.51304,Solar,UK Renewable Energy Planning Database,8.23
United Kingdom,4.1,Solar,Wiki-Solar,6.13
United Kingdom,11.5,Solar,UK Renewable Energy Planning Database,17.57
United Kingdom,13.08042,Solar,UK Renewable Energy Planning Database,19.87
United Kingdom,4.4,Solar,UK Renewable Energy Planning Database,6.3
United Kingdom,8.99162,Solar,UK Renewable Energy Planning Database,13.07
United Kingdom,22.21587,Solar,UK Renewable Energy Planning Database,32.86
United Kingdom,3.3,Solar,UK Renewable Energy Planning Database,4.73
United Kingdom,4.1,Solar,UK Renewable Energy Planning Database,6.07
United Kingdom,1.8,Solar,UK Renewable Energy Planning Database,2.5
United Kingdom,6.7,Solar,UK Renewable Energy Planning Database,9.92
United Kingdom,3.0,Solar,UK Renewable Energy Planning Database,4.44
United Kingdom,5.0,Solar,UK Renewable Energy Planning Database,7.53
United Kingdom,3.01602,Solar,UK Renewable Energy Planning Database,4.48
United Kingdom,3.9,Solar,Wiki-Solar,5.74
United Kingdom,18.0,Solar,UK Renewable Energy Planning Database,27.24
United Kingdom,3.8,Solar,UK Renewable Energy Planning Database,5.61
United Kingdom,2.4,Solar,UK Renewable Energy Planning Database,3.41
United Kingdom,3.8,Solar,UK Renewable Energy Planning Database,5.47
United Kingdom,1.2,Solar,UK Renewable Energy Planning Database,1.62
United Kingdom,5.0,Solar,UK Renewable Energy Planning Database,7.62
United Kingdom,6.4,Solar,UK Renewable Energy Planning Database,9.4
United Kingdom,8.3,Solar,UK Renewable Energy Planning Database,12.03
United Kingdom,41.0,Solar,UK Renewable Energy Planning Database,58.79
United Kingdom,6.6,Solar,UK Renewable Energy Planning Database,9.73
United Kingdom,1.0,Solar,UK Renewable Energy Planning Database,1.52
United Kingdom,8.3,Solar,UK Renewable Energy Planning Database,12.26
United Kingdom,7.0,Solar,UK Renewable Energy Planning Database,10.48
United Kingdom,1.35,Hydro,UK Renewable Energy Planning Database,6.28
United Kingdom,12.0,Hydro,CARMA,48.99
United Kingdom,2.5,Solar,UK Renewable Energy Planning Database,3.61
United Kingdom,11.0,Hydro,UK Renewable Energy Planning Database,32.4
United Kingdom,10.0,Hydro,UK Renewable Energy Planning Database,40.16
United Kingdom,15.32736,Solar,UK Renewable Energy Planning Database,23.46
United Kingdom,17.8,Solar,UK Renewable Energy Planning Database,27.22
United Kingdom,6.7,Solar,UK Renewable Energy Planning Database,9.83
United Kingdom,5.0,Solar,UK Renewable Energy Planning Database,7.61
United Kingdom,20.0,Hydro,UK Renewable Energy Planning Database,76.2
United Kingdom,9.0,Solar,UK Renewable Energy Planning Database,13.65
United Kingdom,6.3,Solar,UK Renewable Energy Planning Database,9.29
United Kingdom,21.34044,Solar,UK Renewable Energy Planning Database,32.54
United Kingdom,1.2,Solar,UK Renewable Energy Planning Database,1.68
United Kingdom,11.9,Solar,UK Renewable Energy Planning Database,18.13
United Kingdom,8.0,Solar,UK Renewable Energy Planning Database,12.12
United Kingdom,20.0,Solar,UK Renewable Energy Planning Database,30.09
United Kingdom,36.0,Solar,UK Renewable Energy Planning Database,51.42
United Kingdom,3.0,Solar,UK Renewable Energy Planning Database,4.46
United Kingdom,14.402485,Solar,UK Renewable Energy Planning Database,20.81
United Kingdom,3.2,Solar,UK Renewable Energy Planning Database,4.8
United Kingdom,12.3,Solar,UK Renewable Energy Planning Database,18.84
United Kingdom,16.0,Solar,UK Renewable Energy Planning Database,23.55
United Kingdom,3.5,Solar,UK Renewable Energy Planning Database,5.07
United Kingdom,22.1,Solar,Wiki-Solar,31.66
United Kingdom,19.5,Solar,UK Renewable Energy Planning Database,28.99
United Kingdom,1.0,Solar,UK Renewable Energy Planning Database,1.4
United Kingdom,5.0,Solar,UK Renewable Energy Planning Database,7.58
United Kingdom,4.997,Solar,UK Renewable Energy Planning Database,7.6
United Kingdom,10.1,Solar,Wiki-Solar,15.08
United Kingdom,13.0,Solar,UK Renewable Energy Planning Database,19.7
United Kingdom,4.9934,Solar,UK Renewable Energy Planning Database,7.56
United Kingdom,2.0,Hydro,UK Renewable Energy Planning Database,6.36
United Kingdom,18.0,Solar,UK Renewable Energy Planning Database,27.22
United Kingdom,4.9848,Solar,UK Renewable Energy Planning Database,7.51
United Kingdom,2.9,Solar,UK Renewable Energy Planning Database,4.27
United Kingdom,3.0,Hydro,UK Renewable Energy Planning Database,8.16
United Kingdom,40.0,Hydro,CARMA,132.58
United Kingdom,1.4,Solar,UK Renewable Energy Planning Database,1.99
United Kingdom,7.5,Solar,UK Renewable Energy Planning Database,11.08
United Kingdom,13.521,Solar,UK Renewable Energy Planning Database,20.66
United Kingdom,10.0,Solar,UK Renewable Energy Planning Database,14.93
United Kingdom,7.9,Solar,UK Renewable Energy Planning Database,11.95
United Kingdom,2.0,Solar,UK Renewable Energy Planning Database,2.89
United Kingdom,4.56435,Solar,UK Renewable Energy Planning Database,6.96
United Kingdom,1.3,Solar,UK Renewable Energy Planning Database,1.74
United Kingdom,3.2,Solar,UK Renewable Energy Planning Database,4.62
United Kingdom,61.2,Hydro,CARMA,221.29
United Kingdom,4.0,Solar,UK Renewable Energy Planning Database,5.99
United Kingdom,20.0,Solar,UK Renewable Energy Planning Database,30.66
United Kingdom,4.5,Solar,UK Renewable Energy Planning Database,6.57
United Kingdom,33.682,Solar,UK Renewable Energy Planning Database,49.13
United Kingdom,14.0,Solar,UK Renewable Energy Planning Database,20.18
United Kingdom,4.99,Solar,UK Renewable Energy Planning Database,7.6
United Kingdom,10.2,Solar,UK Renewable Energy Planning Database,14.35
United Kingdom,12.3,Solar,UK Renewable Energy Planning Database,17.7
United Kingdom,7.1,Solar,UK Renewable Energy Planning Database,10.57
United Kingdom,8.0,Solar,UK Renewable Energy Planning Database,12.08
United Kingdom,8.0,Solar,UK Renewable Energy Planning Database,12.07
United Kingdom,30.0,Solar,UK Renewable Energy Planning Database,41.86
United Kingdom,3.4,Solar,UK Renewable Energy Planning Database,5.08
United Kingdom,4.9833,Solar,UK Renewable Energy Planning Database,7.28
United Kingdom,2.7,Solar,UK Renewable Energy Planning Database,3.89
United Kingdom,15.0,Solar,UK Renewable Energy Planning Database,22.95
United Kingdom,8.5,Solar,UK Renewable Energy Planning Database,12.48
United Kingdom,40.0,Solar,UK Renewable Energy Planning Database,56.98
United Kingdom,2.6,Solar,UK Renewable Energy Planning Database,3.77
United Kingdom,12.5,Solar,UK Renewable Energy Planning Database,18.8
United Kingdom,5.4,Solar,UK Renewable Energy Planning Database,8.17
United Kingdom,7.3,Solar,UK Renewable Energy Planning Database,11.0
United Kingdom,1.8,Solar,UK Renewable Energy Planning Database,2.51
United Kingdom,1.3,Solar,UK Renewable Energy Planning Database,1.83
United Kingdom,4.83184,Solar,UK Renewable Energy Planning Database,7.86
United Kingdom,5.0,Solar,UK Renewable Energy Planning Database,7.55
United Kingdom,1.50371,Solar,UK Renewable Energy Planning Database,2.14
United Kingdom,4.8,Solar,UK Renewable Energy Planning Database,7.46
United Kingdom,6.0,Solar,UK Renewable Energy Planning Database,8.56
United Kingdom,16.5,Solar,UK Renewable Energy Planning Database,25.12
United Kingdom,440.0,Hydro,GEODB,888.52
United Kingdom,440.0,Hydro,UK Renewable Energy Planning Database,888.52
United Kingdom,16.057,Solar,UK Renewable Energy Planning Database,24.38
United Kingdom,6.4,Solar,UK Renewable Energy Planning Database,9.52
United Kingdom,5.9,Solar,UK Renewable Energy Planning Database,8.83
United Kingdom,2.5,Hydro,UK Renewable Energy Planning Database,8.16
United Kingdom,7.5,Solar,UK Renewable Energy Planning Database,11.25
United Kingdom,3.3,Hydro,UK Renewable Energy Planning Database,8.68
United Kingdom,17.0,Hydro,CARMA,62.32
United Kingdom,2.1,Hydro,CARMA,8.93
United Kingdom,3.63639,Solar,UK Renewable Energy Planning Database,5.26
United Kingdom,10.0,Solar,UK Renewable Energy Planning Database,15.14
United Kingdom,4.99252,Solar,UK Renewable Energy Planning Database,7.61
United Kingdom,1.0,Solar,UK Renewable Energy Planning Database,1.35
United Kingdom,4.0,Hydro,UK Renewable Energy Planning Database,17.1
United Kingdom,4.9,Solar,UK Renewable Energy Planning Database,6.93
United Kingdom,3.3,Solar,UK Renewable Energy Planning Database,4.7
United Kingdom,10.5,Solar,UK Renewable Energy Planning Database,15.31
United Kingdom,38.0,Hydro,CARMA,123.9
United Kingdom,6.0,Solar,UK Renewable Energy Planning Database,8.84
United Kingdom,8.0,Solar,UK Renewable Energy Planning Database,11.47
United Kingdom,1.0,Solar,UK Renewable Energy Planning Database,1.49
United Kingdom,11.8,Solar,UK Renewable Energy Planning Database,17.73
United Kingdom,1.9,Hydro,UK Renewable Energy Planning Database,8.36
United Kingdom,5.4,Solar,Wiki-Solar,8.03
United Kingdom,1800.0,Hydro,GEODB,6890.49
United Kingdom,1728.0,Hydro,UK Renewable Energy Planning Database,6614.87
United Kingdom,32.0,Hydro,UK Renewable Energy Planning Database,92.6
United Kingdom,5.0,Solar,UK Renewable Energy Planning Database,7.49
United Kingdom,1.4,Hydro,UK Renewable Energy Planning Database,6.53
United Kingdom,3.0,Hydro,UK Renewable Energy Planning Database,9.11
United Kingdom,25.0,Solar,UK Renewable Energy Planning Database,35.17
United Kingdom,2.0,Hydro,CARMA,9.2
United Kingdom,5.0,Solar,Wiki-Solar,7.5
United Kingdom,2.00056,Solar,UK Renewable Energy Planning Database,2.88
United Kingdom,1.4,Solar,UK Renewable Energy Planning Database,1.96
United Kingdom,11.9,Solar,UK Renewable Energy Planning Database,17.49
United Kingdom,14.0,Hydro,CARMA,57.97
United Kingdom,1.5,Hydro,UK Renewable Energy Planning Database,6.8
United Kingdom,5.0,Solar,Wiki-Solar,7.08
United Kingdom,4.98,Solar,UK Renewable Energy Planning Database,6.82
United Kingdom,3.9,Solar,Wiki-Solar,5.76
United Kingdom,6.979,Solar,UK Renewable Energy Planning Database,10.48
United Kingdom,6.84288,Solar,UK Renewable Energy Planning Database,10.25
United Kingdom,6.6,Solar,UK Renewable Energy Planning Database,9.72
United Kingdom,6.1,Solar,UK Renewable Energy Planning Database,8.58
United Kingdom,3.577,Solar,UK Renewable Energy Planning Database,5.23
United Kingdom,4.9,Solar,UK Renewable Energy Planning Database,7.18
United Kingdom,2.9,Solar,UK Renewable Energy Planning Database,4.2
United Kingdom,1.9,Hydro,UK Renewable Energy Planning Database,6.26
United Kingdom,14.2,Solar,UK Renewable Energy Planning Database,20.75
United Kingdom,2.9,Hydro,UK Renewable Energy Planning Database,9.46
United Kingdom,1.4,Solar,UK Renewable Energy Planning Database,1.95
United Kingdom,14.88322,Solar,UK Renewable Energy Planning Database,22.53
United Kingdom,4.99,Solar,UK Renewable Energy Planning Database,7.54
United Kingdom,29.0,Solar,UK Renewable Energy Planning Database,41.75
United Kingdom,13.0,Solar,Wiki-Solar,18.91
United Kingdom,8.988,Solar,UK Renewable Energy Planning Database,13.0
United Kingdom,32.5,Solar,UK Renewable Energy Planning Database,45.91
United Kingdom,4.1,Solar,UK Renewable Energy Planning Database,6.08
United Kingdom,13.0,Solar,UK Renewable Energy Planning Database,19.5
United Kingdom,49.328,Solar,UK Renewable Energy Planning Database,69.82
United Kingdom,30.276,Solar,UK Renewable Energy Planning Database,43.64
United Kingdom,13.2,Solar,UK Renewable Energy Planning Database,19.44
United Kingdom,4.7,Solar,Wiki-Solar,7.44
United Kingdom,12.19689,Solar,UK Renewable Energy Planning Database,18.58
United Kingdom,4.942,Solar,UK Renewable Energy Planning Database,6.97
United Kingdom,7.5,Hydro,UK Renewable Energy Planning Database,22.54
United Kingdom,4.258,Solar,UK Renewable Energy Planning Database,5.92
United Kingdom,2.9,Solar,UK Renewable Energy Planning Database,4.15
United Kingdom,1.441,Solar,UK Renewable Energy Planning Database,2.01
United Kingdom,18.4,Solar,Wiki-Solar,28.2
United Kingdom,31.3,Solar,UK Renewable Energy Planning Database,45.16
United Kingdom,4.4,Solar,UK Renewable Energy Planning Database,6.44
United Kingdom,360.0,Hydro,GEODB,997.27
United Kingdom,4.9968,Solar,UK Renewable Energy Planning Database,7.48
United Kingdom,7.0,Solar,UK Renewable Energy Planning Database,10.32
United Kingdom,4.997475,Solar,UK Renewable Energy Planning Database,7.1
United Kingdom,10.6,Solar,UK Renewable Energy Planning Database,16.3
United Kingdom,16.5,Hydro,CARMA,65.86
United Kingdom,13.04248,Solar,UK Renewable Energy Planning Database,19.02
United Kingdom,4.8,Solar,Wiki-Solar,7.87
United Kingdom,1.3,Solar,UK Renewable Energy Planning Database,1.8
United Kingdom,2.0,Solar,UK Renewable Energy Planning Database,2.85
United Kingdom,13.1,Solar,UK Renewable Energy Planning Database,19.75
United Kingdom,10.0,Solar,UK Renewable Energy Planning Database,14.85
United Kingdom,25.7,Solar,UK Renewable Energy Planning Database,36.21
United Kingdom,7.5,Solar,UK Renewable Energy Planning Database,11.07
United Kingdom,13.6,Solar,Wiki-Solar,19.82
United Kingdom,6.3,Solar,Wiki-Solar,9.5
United Kingdom,6.3,Solar,UK Renewable Energy Planning Database,9.5
United Kingdom,1.5,Solar,UK Renewable Energy Planning Database,2.15
United Kingdom,8.0,Solar,UK Renewable Energy Planning Database,12.04
United Kingdom,300.0,Hydro,GEO,641.53
United Kingdom,5.0,Hydro,UK Renewable Energy Planning Database,18.49
United Kingdom,4.224,Solar,UK Renewable Energy Planning Database,6.17
United Kingdom,4.1,Solar,Wiki-Solar,6.0
United Kingdom,4.2,Solar,UK Renewable Energy Planning Database,6.14
United Kingdom,6.1,Solar,UK Renewable Energy Planning Database,8.78
United Kingdom,2.0,Hydro,UK Renewable Energy Planning Database,8.52
United Kingdom,7.4,Solar,UK Renewable Energy Planning Database,11.12
United Kingdom,2.4,Hydro,UK Renewable Energy Planning Database,10.3
United Kingdom,7.0,Solar,UK Renewable Energy Planning Database,10.59
United Kingdom,20.5,Solar,UK Renewable Energy Planning Database,30.4
United Kingdom,7.9,Hydro,UK Renewable Energy Planning Database,32.76
United Kingdom,9.2,Solar,UK Renewable Energy Planning Database,13.37
United Kingdom,5.7408,Solar,UK Renewable Energy Planning Database,8.24
United Kingdom,3.596985,Solar,UK Renewable Energy Planning Database,5.29
United Kingdom,24.2,Solar,UK Renewable Energy Planning Database,34.79
United Kingdom,1.3,Solar,UK Renewable Energy Planning Database,1.79
United Kingdom,26.0,Solar,Wiki-Solar,36.63
United Kingdom,15.0,Solar,UK Renewable Energy Planning Database,22.11
United Kingdom,1.0,Hydro,UK Renewable Energy Planning Database,3.32
United Kingdom,100.0,Hydro,UK Renewable Energy Planning Database,303.9
United Kingdom,24.0,Hydro,CARMA,86.93
United Kingdom,37.0,Hydro,CARMA,129.21
United Kingdom,3.0,Solar,UK Renewable Energy Planning Database,4.23
United Kingdom,6.2,Solar,UK Renewable Energy Planning Database,9.21
United Kingdom,2.0,Solar,UK Renewable Energy Planning Database,2.88
United Kingdom,1.5,Solar,UK Renewable Energy Planning Database,2.04
United Kingdom,4.51,Solar,UK Renewable Energy Planning Database,6.83
United Kingdom,14.1,Solar,Wiki-Solar,21.53
United Kingdom,7.0,Solar,UK Renewable Energy Planning Database,10.52
United Kingdom,12.6,Solar,UK Renewable Energy Planning Database,18.87
United Kingdom,8.0,Solar,UK Renewable Energy Planning Database,12.21
United Kingdom,5.80219,Solar,UK Renewable Energy Planning Database,8.73
United Kingdom,6.0,Solar,UK Renewable Energy Planning Database,9.0
United Kingdom,21.0,Solar,UK Renewable Energy Planning Database,31.37
United Kingdom,12.7,Solar,UK Renewable Energy Planning Database,19.29
United Kingdom,4.9,Solar,UK Renewable Energy Planning Database,7.26
United Kingdom,4.6,Solar,UK Renewable Energy Planning Database,6.8
United Kingdom,4.87872,Solar,UK Renewable Energy Planning Database,6.88
United Kingdom,5.0,Solar,UK Renewable Energy Planning Database,7.11
United Kingdom,5.0,Solar,UK Renewable Energy Planning Database,7.67
United Kingdom,36.0,Hydro,UK Renewable Energy Planning Database,125.72
United Kingdom,10.0,Solar,UK Renewable Energy Planning Database,14.81
United Kingdom,2.915,Solar,UK Renewable Energy Planning Database,4.3
United Kingdom,38.1,Solar,UK Renewable Energy Planning Database,55.34
United Kingdom,5.0,Solar,UK Renewable Energy Planning Database,6.85
United Kingdom,5.0,Solar,UK Renewable Energy Planning Database,6.9
United Kingdom,3.5,Solar,UK Renewable Energy Planning Database,5.16
United Kingdom,11.0,Solar,UK Renewable Energy Planning Database,16.55
United Kingdom,1.2,Solar,UK Renewable Energy Planning Database,1.72
United Kingdom,4.99698,Solar,UK Renewable Energy Planning Database,7.09
United Kingdom,17.0,Solar,UK Renewable Energy Planning Database,25.84
United Kingdom,18.92176,Solar,UK Renewable Energy Planning Database,28.45
United Kingdom,14.0,Solar,UK Renewable Energy Planning Database,21.3
United Kingdom,12.23156,Solar,UK Renewable Energy Planning Database,18.4
United Kingdom,5.1,Solar,UK Renewable Energy Planning Database,7.44
United Kingdom,10.2,Solar,UK Renewable Energy Planning Database,15.37
United Kingdom,5.0,Solar,UK Renewable Energy Planning Database,7.26
United Kingdom,8.2,Solar,UK Renewable Energy Planning Database,12.02
United Kingdom,15.0,Solar,UK Renewable Energy Planning Database,22.49
United Kingdom,4.2,Solar,Wiki-Solar,6.13
United Kingdom,14.8,Solar,UK Renewable Energy Planning Database,22.69
United Kingdom,5.2,Solar,UK Renewable Energy Planning Database,7.94
United Kingdom,5.2,Solar,UK Renewable Energy Planning Database,7.88
United Kingdom,2.5,Solar,UK Renewable Energy Planning Database,3.64
United Kingdom,9.5,Solar,UK Renewable Energy Planning Database,14.3
United Kingdom,3.1,Solar,UK Renewable Energy Planning Database,4.54
United Kingdom,8.9,Solar,UK Renewable Energy Planning Database,12.54
United Kingdom,8.2,Solar,UK Renewable Energy Planning Database,11.14
United Kingdom,6.4,Solar,UK Renewable Energy Planning Database,9.57
United Kingdom,5.0,Solar,Wiki-Solar,6.95
United Kingdom,3.684,Solar,UK Renewable Energy Planning Database,5.42
United Kingdom,13.4,Solar,UK Renewable Energy Planning Database,20.44
United Kingdom,11.6,Solar,UK Renewable Energy Planning Database,17.43
United Kingdom,6.5,Solar,UK Renewable Energy Planning Database,9.06
United Kingdom,4.2,Solar,Wiki-Solar,5.82
United Kingdom,6.5,Solar,UK Renewable Energy Planning Database,9.74
United Kingdom,9.6,Solar,UK Renewable Energy Planning Database,14.51
United Kingdom,4.0,Solar,Wiki-Solar,5.84
United Kingdom,6.79059,Solar,UK Renewable Energy Planning Database,10.05
United Kingdom,3.5,Solar,UK Renewable Energy Planning Database,5.19
United Kingdom,4.9864,Solar,UK Renewable Energy Planning Database,7.54
United Kingdom,1.2,Solar,UK Renewable Energy Planning Database,1.7
United Kingdom,5.0,Solar,UK Renewable Energy Planning Database,7.92
United Kingdom,2.8,Solar,UK Renewable Energy Planning Database,4.14
United Kingdom,12.2,Solar,UK Renewable Energy Planning Database,18.67
United Kingdom,2.8,Solar,UK Renewable Energy Planning Database,4.1
United Kingdom,10.2,Solar,UK Renewable Energy Planning Database,15.27
United Kingdom,14.8,Solar,UK Renewable Energy Planning Database,22.65
United Kingdom,4.99896,Solar,UK Renewable Energy Planning Database,7.61
United Kingdom,28.5,Solar,UK Renewable Energy Planning Database,41.06
United Kingdom,25.2,Solar,UK Renewable Energy Planning Database,35.72
United Kingdom,13.1,Solar,UK Renewable Energy Planning Database,19.99
United Kingdom,11.0,Solar,UK Renewable Energy Planning Database,16.84
United Kingdom,6.7,Solar,UK Renewable Energy Planning Database,10.02
United Kingdom,18.3,Solar,UK Renewable Energy Planning Database,27.27
United Kingdom,13.2,Solar,UK Renewable Energy Planning Database,19.8
United Kingdom,3.9536,Solar,UK Renewable Energy Planning Database,5.83
United Kingdom,10.7,Solar,UK Renewable Energy Planning Database,16.43
United Kingdom,13.6,Solar,UK Renewable Energy Planning Database,20.73
United Kingdom,15.3,Solar,UK Renewable Energy Planning Database,23.28
United Kingdom,7.3,Solar,UK Renewable Energy Planning Database,11.46
United Kingdom,10.0,Solar,UK Renewable Energy Planning Database,15.13
United Kingdom,1.3,Solar,UK Renewable Energy Planning Database,1.82
United Kingdom,8.11512,Solar,UK Renewable Energy Planning Database,11.72
United Kingdom,6.4,Solar,UK Renewable Energy Planning Database,9.42
United Kingdom,4.99968,Solar,UK Renewable Energy Planning Database,7.6
United Kingdom,1.0,Solar,UK Renewable Energy Planning Database,1.34
United Kingdom,8.0,Solar,UK Renewable Energy Planning Database,11.26
United Kingdom,4.474,Solar,UK Renewable Energy Planning Database,6.7
United Kingdom,2.3,Solar,UK Renewable Energy Planning Database,3.34
United Kingdom,9.3,Solar,UK Renewable Energy Planning Database,13.87
United Kingdom,4.4,Solar,UK Renewable Energy Planning Database,6.6
United Kingdom,7.2,Solar,UK Renewable Energy Planning Database,10.13
United Kingdom,5.5,Solar,UK Renewable Energy Planning Database,8.27
United Kingdom,10.0,Solar,UK Renewable Energy Planning Database,14.86
United Kingdom,10.8,Solar,UK Renewable Energy Planning Database,16.29
United Kingdom,8.3,Solar,Wiki-Solar,12.23
United Kingdom,1.7,Solar,UK Renewable Energy Planning Database,2.26
United Kingdom,1.4,Hydro,UK Renewable Energy Planning Database,6.08
United Kingdom,1.0,Hydro,UK Renewable Energy Planning Database,3.0
United Kingdom,2.0,Hydro,UK Renewable Energy Planning Database,7.16
United Kingdom,25.0,Hydro,CARMA,92.98
United Kingdom,4.0,Hydro,UK Renewable Energy Planning Database,16.24
United Kingdom,20.0,Hydro,UK Renewable Energy Planning Database,72.0
United Kingdom,2.5,Hydro,UK Renewable Energy Planning Database,12.41
United Kingdom,1.2,Hydro,UK Renewable Energy Planning Database,5.21
United Kingdom,8.0,Solar,UK Renewable Energy Planning Database,12.13
United Kingdom,5.1,Solar,Wiki-Solar,7.28
United Kingdom,12.0,Solar,UK Renewable Energy Planning Database,18.32
United Kingdom,2.0,Hydro,UK Renewable Energy Planning Database,8.67
United Kingdom,7.0,Solar,UK Renewable Energy Planning Database,10.31
United Kingdom,37.0,Solar,UK Renewable Energy Planning Database,52.06
United Kingdom,24.0,Hydro,CARMA,78.93
United Kingdom,7.99986,Solar,UK Renewable Energy Planning Database,12.1
United Kingdom,9.6,Solar,UK Renewable Energy Planning Database,14.62
United Kingdom,1.25,Hydro,CARMA,4.0
United Kingdom,9.04046,Solar,UK Renewable Energy Planning Database,13.12
United Kingdom,3.0855,Solar,UK Renewable Energy Planning Database,4.49
United Kingdom,1.8,Solar,UK Renewable Energy Planning Database,2.48
United Kingdom,1.0,Solar,UK Renewable Energy Planning Database,1.43
United Kingdom,2.08,Hydro,UK Renewable Energy Planning Database,9.65
United Kingdom,4.0,Solar,Wiki-Solar,5.59
United Kingdom,3.5,Hydro,UK Renewable Energy Planning Database,11.13
United Kingdom,5.0,Solar,UK Renewable Energy Planning Database,6.95
United Kingdom,5.0,Solar,UK Renewable Energy Planning Database,7.1
United Kingdom,19.5,Hydro,UK Renewable Energy Planning Database,56.79
United Kingdom,3.2,Solar,UK Renewable Energy Planning Database,4.75
United Kingdom,6.5,Solar,UK Renewable Energy Planning Database,9.58
United Kingdom,4.6452,Solar,UK Renewable Energy Planning Database,7.16
United Kingdom,2.4,Solar,UK Renewable Energy Planning Database,3.44
United Kingdom,11.541,Solar,UK Renewable Energy Planning Database,17.33
United Kingdom,5.3,Solar,UK Renewable Energy Planning Database,8.39
United Kingdom,27.1,Solar,UK Renewable Energy Planning Database,38.81
United Kingdom,20.9,Solar,UK Renewable Energy Planning Database,31.87
United Kingdom,3.0,Solar,UK Renewable Energy Planning Database,4.25
United Kingdom,4.0,Hydro,UK Renewable Energy Planning Database,18.53
United Kingdom,2.3,Solar,UK Renewable Energy Planning Database,3.33
United Kingdom,2.2,Solar,UK Renewable Energy Planning Database,3.19
United Kingdom,10.0,Solar,UK Renewable Energy Planning Database,14.84
United Kingdom,6.9,Solar,UK Renewable Energy Planning Database,9.84
United Kingdom,6.8,Solar,UK Renewable Energy Planning Database,9.67
United Kingdom,4.6,Solar,UK Renewable Energy Planning Database,7.08
United Kingdom,8.5,Solar,UK Renewable Energy Planning Database,12.22
United Kingdom,3.6,Solar,UK Renewable Energy Planning Database,5.1
United Kingdom,5.0,Solar,UK Renewable Energy Planning Database,7.09
United Kingdom,2.1,Solar,UK Renewable Energy Planning Database,3.04
United Kingdom,10.0,Solar,UK Renewable Energy Planning Database,14.37
United Kingdom,4.2,Solar,UK Renewable Energy Planning Database,6.02
United Kingdom,1.7,Solar,UK Renewable Energy Planning Database,2.29
United Kingdom,4.0,Solar,UK Renewable Energy Planning Database,5.9
United Kingdom,3.4,Solar,UK Renewable Energy Planning Database,4.74
United Kingdom,3.8,Solar,UK Renewable Energy Planning Database,5.35
United Kingdom,4.5,Solar,UK Renewable Energy Planning Database,6.48
United Kingdom,4.2,Solar,UK Renewable Energy Planning Database,6.17
United Kingdom,2.5,Solar,UK Renewable Energy Planning Database,3.69
United Kingdom,3.5,Solar,UK Renewable Energy Planning Database,5.26
United Kingdom,4.6,Solar,UK Renewable Energy Planning Database,7.15
United Kingdom,2.2,Solar,UK Renewable Energy Planning Database,3.22
United Kingdom,2.6,Solar,UK Renewable Energy Planning Database,3.79
United Kingdom,4.7,Solar,UK Renewable Energy Planning Database,7.03
United Kingdom,8.4,Solar,UK Renewable Energy Planning Database,11.5
United Kingdom,4.5,Solar,UK Renewable Energy Planning Database,6.33
United Kingdom,5.0,Solar,UK Renewable Energy Planning Database,7.51
United Kingdom,6.8,Solar,UK Renewable Energy Planning Database,10.2
United Kingdom,1.5,Solar,UK Renewable Energy Planning Database,2.05
United Kingdom,5.0,Solar,UK Renewable Energy Planning Database,6.92
United Kingdom,6.4,Solar,UK Renewable Energy Planning Database,8.69
United Kingdom,6.2,Solar,UK Renewable Energy Planning Database,9.12
United Kingdom,5.8,Solar,UK Renewable Energy Planning Database,8.1
United Kingdom,4.7,Solar,UK Renewable Energy Planning Database,7.48
United Kingdom,11.0,Solar,UK Renewable Energy Planning Database,16.53
United Kingdom,6.8,Solar,UK Renewable Energy Planning Database,9.72
United Kingdom,3.5,Solar,UK Renewable Energy Planning Database,5.08
United Kingdom,4.4,Solar,UK Renewable Energy Planning Database,6.0
United Kingdom,46.0,Solar,UK Renewable Energy Planning Database,66.26
United Kingdom,10.0,Solar,UK Renewable Energy Planning Database,14.5
United Kingdom,21.3,Solar,UK Renewable Energy Planning Database,32.41
United Kingdom,13.1835,Solar,UK Renewable Energy Planning Database,20.03
United Kingdom,2.1,Solar,UK Renewable Energy Planning Database,3.06
United Kingdom,2.4,Solar,UK Renewable Energy Planning Database,3.5
United Kingdom,2.024,Solar,UK Renewable Energy Planning Database,2.92
United Kingdom,4.3472,Solar,UK Renewable Energy Planning Database,6.32
United Kingdom,6.174,Solar,UK Renewable Energy Planning Database,9.26
United Kingdom,1.2,Hydro,UK Renewable Energy Planning Database,3.84
United Kingdom,2.5,Solar,UK Renewable Energy Planning Database,3.59
United Kingdom,8.5,Solar,UK Renewable Energy Planning Database,12.06
United Kingdom,3.5,Solar,UK Renewable Energy Planning Database,5.05
United Kingdom,3.0,Hydro,UK Renewable Energy Planning Database,12.39
United Kingdom,4.9873,Solar,UK Renewable Energy Planning Database,7.55
United Kingdom,12.0,Solar,UK Renewable Energy Planning Database,18.28
United Kingdom,5.0,Solar,UK Renewable Energy Planning Database,7.52
United Kingdom,1.594,Solar,UK Renewable Energy Planning Database,2.29
United Kingdom,5.7551,Solar,UK Renewable Energy Planning Database,8.25
United Kingdom,11.4,Solar,UK Renewable Energy Planning Database,17.34
United Kingdom,4.67896,Solar,UK Renewable Energy Planning Database,7.19
United Kingdom,14.3,Solar,UK Renewable Energy Planning Database,20.78
United Kingdom,5.1,Solar,Wiki-Solar,7.72
United Kingdom,1.3,Solar,UK Renewable Energy Planning Database,1.84
United Kingdom,17.0,Solar,UK Renewable Energy Planning Database,25.33
United Kingdom,12.1,Solar,UK Renewable Energy Planning Database,18.2
United Kingdom,14.0,Solar,UK Renewable Energy Planning Database,21.04
United Kingdom,4.8,Solar,UK Renewable Energy Planning Database,7.94
United Kingdom,17.0,Hydro,UK Renewable Energy Planning Database,70.14
United Kingdom,3.9,Solar,UK Renewable Energy Planning Database,5.82
United Kingdom,4.4,Hydro,UK Renewable Energy Planning Database,11.91
United Kingdom,4.5,Hydro,UK Renewable Energy Planning Database,12.18
United Kingdom,1.0,Hydro,UK Renewable Energy Planning Database,2.86
United Kingdom,1.2,Hydro,CARMA,5.08
United Kingdom,6.0,Hydro,UK Renewable Energy Planning Database,18.27
United Kingdom,46.0,Hydro,CARMA,159.24
United Kingdom,2.0,Hydro,CARMA,7.16
United Kingdom,2.4,Solar,UK Renewable Energy Planning Database,3.48
United Kingdom,14.5,Solar,UK Renewable Energy Planning Database,22.19
United Kingdom,12.4,Solar,UK Renewable Energy Planning Database,18.05
United Kingdom,4.1,Solar,UK Renewable Energy Planning Database,6.05
United Kingdom,2.8,Solar,UK Renewable Energy Planning Database,4.06
United Kingdom,4.5,Solar,UK Renewable Energy Planning Database,6.6
United Kingdom,10.5,Solar,UK Renewable Energy Planning Database,16.09
United Kingdom,4.9,Solar,UK Renewable Energy Planning Database,7.29
United Kingdom,8.22,Solar,UK Renewable Energy Planning Database,12.03
United Kingdom,2.7,Solar,UK Renewable Energy Planning Database,3.99
United Kingdom,10.8,Solar,UK Renewable Energy Planning Database,16.3
United Kingdom,4.0,Solar,UK Renewable Energy Planning Database,5.74
United Kingdom,1.1,Solar,UK Renewable Energy Planning Database,1.53
United Kingdom,1.8,Solar,UK Renewable Energy Planning Database,2.37
United Kingdom,4.0,Hydro,UK Renewable Energy Planning Database,11.46
United Kingdom,13.0,Solar,UK Renewable Energy Planning Database,19.45
United Kingdom,1.9,Solar,UK Renewable Energy Planning Database,2.66
United Kingdom,2.4,Hydro,UK Renewable Energy Planning Database,8.57
United Kingdom,27.0,Solar,UK Renewable Energy Planning Database,38.92
United Kingdom,3.8,Solar,UK Renewable Energy Planning Database,5.34
United Kingdom,69.8,Solar,UK Renewable Energy Planning Database,101.24
United Kingdom,1.8,Solar,UK Renewable Energy Planning Database,2.27
United Kingdom,35.3,Hydro,CARMA,111.93
United Kingdom,4.5594,Solar,UK Renewable Energy Planning Database,7.04
United Kingdom,7.5,Solar,UK Renewable Energy Planning Database,11.18
United Kingdom,4.0,Hydro,UK Renewable Energy Planning Database,11.1
United Kingdom,4.1,Solar,UK Renewable Energy Planning Database,6.12
United Kingdom,5.0,Solar,UK Renewable Energy Planning Database,7.5
United Kingdom,6.3,Solar,UK Renewable Energy Planning Database,9.48
United Kingdom,15.0,Solar,UK Renewable Energy Planning Database,22.17
United Kingdom,4.992,Solar,UK Renewable Energy Planning Database,7.51
United Kingdom,9.831,Solar,UK Renewable Energy Planning Database,14.6
United Kingdom,9.2,Solar,UK Renewable Energy Planning Database,13.73
United Kingdom,4.3,Solar,UK Renewable Energy Planning Database,5.98
United Kingdom,3.366,Solar,UK Renewable Energy Planning Database,4.96
United Kingdom,6.3,Solar,UK Renewable Energy Planning Database,9.44
United Kingdom,14.0,Solar,UK Renewable Energy Planning Database,21.38
United Kingdom,9.1,Solar,UK Renewable Energy Planning Database,13.8
United Kingdom,5.5,Solar,UK Renewable Energy Planning Database,8.18
United Kingdom,1.8,Solar,UK Renewable Energy Planning Database,2.47
United Kingdom,4.51136,Solar,UK Renewable Energy Planning Database,6.5
United Kingdom,4.998,Solar,UK Renewable Energy Planning Database,7.64
United Kingdom,2.64,Solar,UK Renewable Energy Planning Database,3.84
United Kingdom,4.999,Solar,UK Renewable Energy Planning Database,7.48
United Kingdom,4.8,Solar,UK Renewable Energy Planning Database,7.91
United Kingdom,7.21088,Solar,UK Renewable Energy Planning Database,10.69
United Kingdom,19.3,Solar,UK Renewable Energy Planning Database,29.39
United Kingdom,18.0,Solar,UK Renewable Energy Planning Database,27.19
United Kingdom,10.7,Solar,UK Renewable Energy Planning Database,16.35
United Kingdom,4.61032,Solar,UK Renewable Energy Planning Database,7.19
United Kingdom,6.2,Solar,UK Renewable Energy Planning Database,8.67
United Kingdom,4.8,Solar,UK Renewable Energy Planning Database,7.58
United Kingdom,5.8,Solar,UK Renewable Energy Planning Database,7.81
United Kingdom,22.0,Solar,UK Renewable Energy Planning Database,31.79
United Kingdom,1.75,Hydro,UK Renewable Energy Planning Database,7.13
United Kingdom,2.4,Hydro,UK Renewable Energy Planning Database,10.44
United Kingdom,31.6,Solar,UK Renewable Energy Planning Database,45.96
United Kingdom,5.39904,Solar,UK Renewable Energy Planning Database,7.9
United Kingdom,5.93712,Solar,UK Renewable Energy Planning Database,8.73
United Kingdom,6.0,Solar,UK Renewable Energy Planning Database,9.41
United Kingdom,15.0,Hydro,CARMA,49.66
United Kingdom,7.7,Solar,UK Renewable Energy Planning Database,11.68
United Kingdom,4.7,Solar,UK Renewable Energy Planning Database,7.67
United Kingdom,5.0,Solar,UK Renewable Energy Planning Database,7.65
United Kingdom,8.9,Solar,UK Renewable Energy Planning Database,13.26
United Kingdom,1.0,Solar,UK Renewable Energy Planning Database,1.36
United Kingdom,4.92154,Solar,UK Renewable Energy Planning Database,7.21
United Kingdom,3.1,Solar,UK Renewable Energy Planning Database,4.61
United Kingdom,19.7,Solar,UK Renewable Energy Planning Database,29.19
United Kingdom,1.1,Hydro,UK Renewable Energy Planning Database,4.68
United Kingdom,3.98784,Solar,UK Renewable Energy Planning Database,5.56
United Kingdom,4.8,Solar,UK Renewable Energy Planning Database,7.93
United Kingdom,12.5,Solar,UK Renewable Energy Planning Database,18.41
United Kingdom,4.99928,Solar,UK Renewable Energy Planning Database,7.48
United Kingdom,7.176,Solar,UK Renewable Energy Planning Database,10.81
United Kingdom,4.9,Solar,UK Renewable Energy Planning Database,7.28
United Kingdom,19.501,Solar,UK Renewable Energy Planning Database,29.74
United Kingdom,1.5,Solar,UK Renewable Energy Planning Database,2.17
United Kingdom,2.5,Solar,UK Renewable Energy Planning Database,3.6
United Kingdom,4.8,Solar,UK Renewable Energy Planning Database,7.55
United Kingdom,11.145,Solar,UK Renewable Energy Planning Database,17.05
United Kingdom,20.0,Solar,UK Renewable Energy Planning Database,30.44
United Kingdom,5.9,Solar,UK Renewable Energy Planning Database,8.22
United Kingdom,11.6,Solar,UK Renewable Energy Planning Database,17.44
United Kingdom,11.0,Solar,UK Renewable Energy Planning Database,16.82
United Kingdom,2.2,Solar,UK Renewable Energy Planning Database,3.17
United Kingdom,13.9,Solar,UK Renewable Energy Planning Database,20.99
United Kingdom,8.1,Solar,UK Renewable Energy Planning Database,12.12
United Kingdom,4.8672,Solar,UK Renewable Energy Planning Database,7.21
United Kingdom,5.7,Solar,UK Renewable Energy Planning Database,8.64
United Kingdom,1.7,Solar,UK Renewable Energy Planning Database,2.25
United Kingdom,4.639,Solar,UK Renewable Energy Planning Database,7.26
United Kingdom,6.9,Solar,UK Renewable Energy Planning Database,10.16
United Kingdom,16.8,Solar,UK Renewable Energy Planning Database,25.13
United Kingdom,7.2,Solar,UK Renewable Energy Planning Database,10.63
United Kingdom,8.0,Solar,UK Renewable Energy Planning Database,11.97
United Kingdom,10.0,Solar,UK Renewable Energy Planning Database,15.06
United Kingdom,18.0,Hydro,UK Renewable Energy Planning Database,53.91
United Kingdom,4.0,Solar,UK Renewable Energy Planning Database,5.72
United Kingdom,3.75232,Solar,UK Renewable Energy Planning Database,5.54
United Kingdom,51.9376,Solar,UK Renewable Energy Planning Database,73.65
United Kingdom,10.00465,Solar,UK Renewable Energy Planning Database,14.98
United Kingdom,4.189,Solar,UK Renewable Energy Planning Database,5.85
United Kingdom,13.9,Solar,UK Renewable Energy Planning Database,20.43
United Kingdom,9.2,Solar,UK Renewable Energy Planning Database,13.71
United Kingdom,6.8,Solar,UK Renewable Energy Planning Database,10.23
United Kingdom,17.5,Solar,UK Renewable Energy Planning Database,26.71
United Kingdom,6.6,Solar,UK Renewable Energy Planning Database,9.88
United Kingdom,4.6,Solar,UK Renewable Energy Planning Database,7.1
United Kingdom,6.5,Solar,UK Renewable Energy Planning Database,9.57
United Kingdom,10.6,Solar,UK Renewable Energy Planning Database,15.95
United Kingdom,11.5,Solar,UK Renewable Energy Planning Database,17.27
United Kingdom,4.748005,Solar,UK Renewable Energy Planning Database,7.6
United Kingdom,6.76227,Solar,UK Renewable Energy Planning Database,10.14
United Kingdom,6.0,Solar,Wiki-Solar,9.03
United Kingdom,11.0,Solar,UK Renewable Energy Planning Database,16.97
United Kingdom,8.145,Solar,UK Renewable Energy Planning Database,12.65
United Kingdom,1.2,Solar,UK Renewable Energy Planning Database,1.75
United Kingdom,8.5,Solar,UK Renewable Energy Planning Database,12.5
United Kingdom,5.5,Solar,UK Renewable Energy Planning Database,8.32
United Kingdom,19.0,Solar,UK Renewable Energy Planning Database,28.99
United Kingdom,1.74,Solar,UK Renewable Energy Planning Database,2.43
United Kingdom,15.8,Solar,UK Renewable Energy Planning Database,24.11
United Kingdom,3.4,Solar,UK Renewable Energy Planning Database,4.86
United Kingdom,15.0,Hydro,UK Renewable Energy Planning Database,64.03
United Kingdom,18.0,Solar,UK Renewable Energy Planning Database,27.58
United Kingdom,4.9,Solar,UK Renewable Energy Planning Database,7.25
United Kingdom,8.6295,Solar,UK Renewable Energy Planning Database,12.98
United Kingdom,3.60354,Solar,UK Renewable Energy Planning Database,5.39
United Kingdom,1.5443,Solar,UK Renewable Energy Planning Database,2.19
United Kingdom,4.5,Solar,UK Renewable Energy Planning Database,6.73
United Kingdom,15.852,Solar,UK Renewable Energy Planning Database,23.04
United Kingdom,1.0,Solar,UK Renewable Energy Planning Database,1.31
United Kingdom,4.3452,Solar,UK Renewable Energy Planning Database,6.4
United Kingdom,7.6,Solar,UK Renewable Energy Planning Database,11.22
United Kingdom,1.648525,Solar,UK Renewable Energy Planning Database,2.34
United Kingdom,4.5677,Solar,UK Renewable Energy Planning Database,7.03
United Kingdom,11.4,Solar,UK Renewable Energy Planning Database,17.25
United Kingdom,6.33765,Solar,UK Renewable Energy Planning Database,9.52
United Kingdom,5.3,Solar,UK Renewable Energy Planning Database,7.82
United Kingdom,6.1,Solar,UK Renewable Energy Planning Database,9.17
United Kingdom,4.1574,Solar,UK Renewable Energy Planning Database,5.96
United Kingdom,4.6452,Solar,UK Renewable Energy Planning Database,7.17
United Kingdom,4.7907,Solar,UK Renewable Energy Planning Database,7.57
United Kingdom,45.0,Hydro,CARMA,137.33
United Kingdom,5.0,Solar,UK Renewable Energy Planning Database,7.04
United Kingdom,38.0,Solar,UK Renewable Energy Planning Database,53.15
United Kingdom,6.1,Solar,UK Renewable Energy Planning Database,9.18
United Kingdom,9.0,Solar,UK Renewable Energy Planning Database,13.43
United Kingdom,4.8,Solar,UK Renewable Energy Planning Database,7.84
United Kingdom,6.4,Solar,Wiki-Solar,9.64
United Kingdom,3.3,Solar,UK Renewable Energy Planning Database,4.88
United Kingdom,6.2,Solar,UK Renewable Energy Planning Database,9.22
United Kingdom,6.1,Solar,UK Renewable Energy Planning Database,9.22
United Kingdom,2.0,Solar,UK Renewable Energy Planning Database,2.91
United Kingdom,3.9,Solar,UK Renewable Energy Planning Database,5.7
United Kingdom,55.975,Hydro,UK Renewable Energy Planning Database,167.03
United Kingdom,6.0,Solar,UK Renewable Energy Planning Database,9.03
United Kingdom,3.0,Hydro,UK Renewable Energy Planning Database,11.28
United Kingdom,2.0,Hydro,UK Renewable Energy Planning Database,9.18
United Kingdom,2.0,Hydro,UK Renewable Energy Planning Database,8.54
United Kingdom,1.4,Hydro,UK Renewable Energy Planning Database,3.63
United Kingdom,7.6,Solar,UK Renewable Energy Planning Database,11.45
United Kingdom,18.7,Solar,UK Renewable Energy Planning Database,27.3
United Kingdom,3.8,Solar,UK Renewable Energy Planning Database,5.56
United Kingdom,30.0,Solar,UK Renewable Energy Planning Database,42.93
United Kingdom,8.9,Solar,UK Renewable Energy Planning Database,14.24
United Kingdom,9.0,Solar,UK Renewable Energy Planning Database,13.03
United Kingdom,13.5,Solar,UK Renewable Energy Planning Database,20.59
United Kingdom,12.7,Solar,UK Renewable Energy Planning Database,19.42
United Kingdom,13.0,Solar,UK Renewable Energy Planning Database,19.14
United Kingdom,10.8,Solar,UK Renewable Energy Planning Database,16.52
United Kingdom,1.01886,Solar,UK Renewable Energy Planning Database,1.46
United Kingdom,4.8,Solar,UK Renewable Energy Planning Database,7.95
United Kingdom,14.9147,Solar,UK Renewable Energy Planning Database,22.67
United Kingdom,9.49544,Solar,UK Renewable Energy Planning Database,14.29
United Kingdom,6.24,Solar,UK Renewable Energy Planning Database,9.38
United Kingdom,4.997475,Solar,UK Renewable Energy Planning Database,7.08
United Kingdom,5.46156,Solar,UK Renewable Energy Planning Database,8.15
United Kingdom,1.6,Solar,UK Renewable Energy Planning Database,2.17
United Kingdom,2.2,Solar,UK Renewable Energy Planning Database,3.16
United Kingdom,2.9,Solar,UK Renewable Energy Planning Database,4.28
United Kingdom,6.33258,Solar,UK Renewable Energy Planning Database,9.52
United Kingdom,19.807,Solar,UK Renewable Energy Planning Database,30.08
United Kingdom,40.3,Solar,Wiki-Solar,58.09
United Kingdom,15.0,Solar,Wiki-Solar,23.0
United Kingdom,17.2,Solar,Wiki-Solar,26.33
United Kingdom,20.0,Solar,Wiki-Solar,30.71
United Kingdom,2.5,Solar,UK Renewable Energy Planning Database,3.57
United Kingdom,4.0,Solar,Wiki-Solar,5.65
United Kingdom,9.3,Solar,UK Renewable Energy Planning Database,14.1
United Kingdom,2.8,Solar,UK Renewable Energy Planning Database,4.11
United Kingdom,8.0,Solar,UK Renewable Energy Planning Database,12.0
United Kingdom,5.06331,Solar,UK Renewable Energy Planning Database,7.38
United Kingdom,18.6,Hydro,CARMA,80.03
United Kingdom,12.1,Solar,UK Renewable Energy Planning Database,18.46
United Kingdom,7.0,Solar,UK Renewable Energy Planning Database,10.49
United Kingdom,72.209,Solar,UK Renewable Energy Planning Database,102.11
United Kingdom,4.0,Solar,Wiki-Solar,5.87
United Kingdom,5.0,Solar,UK Renewable Energy Planning Database,7.27
United Kingdom,18.7,Solar,UK Renewable Energy Planning Database,27.89
United Kingdom,10.684,Solar,UK Renewable Energy Planning Database,16.38
United Kingdom,4.93885,Solar,UK Renewable Energy Planning Database,7.35
United Kingdom,152.5,Hydro,GEODB,436.89
United Kingdom,49.6,Solar,UK Renewable Energy Planning Database,71.78
United Kingdom,2.7,Solar,UK Renewable Energy Planning Database,3.95
United Kingdom,6.4,Solar,UK Renewable Energy Planning Database,8.92
United Kingdom,2.6,Solar,UK Renewable Energy Planning Database,3.69
United Kingdom,8.7,Solar,UK Renewable Energy Planning Database,13.08
United Kingdom,26.001155,Solar,UK Renewable Energy Planning Database,37.42
United Kingdom,11.0,Solar,UK Renewable Energy Planning Database,16.68
United Kingdom,11.3,Solar,UK Renewable Energy Planning Database,17.28
United Kingdom,9.0,Solar,UK Renewable Energy Planning Database,13.42
United Kingdom,9.7614,Solar,UK Renewable Energy Planning Database,14.68
United Kingdom,4.5,Solar,UK Renewable Energy Planning Database,6.47
United Kingdom,48.0,Solar,UK Renewable Energy Planning Database,67.65
United Kingdom,4.32531,Solar,UK Renewable Energy Planning Database,6.31
United Kingdom,1.966,Solar,UK Renewable Energy Planning Database,2.85
United Kingdom,4.9,Solar,UK Renewable Energy Planning Database,6.95
United Kingdom,10.03917,Solar,UK Renewable Energy Planning Database,15.16
United Kingdom,4.9,Solar,UK Renewable Energy Planning Database,6.8
United Kingdom,16.6,Solar,UK Renewable Energy Planning Database,25.23
United Kingdom,2.6,Solar,UK Renewable Energy Planning Database,3.76
United Kingdom,8.0,Solar,UK Renewable Energy Planning Database,11.88
United Kingdom,6.0,Hydro,CARMA,25.14
United Kingdom,2.4,Hydro,CARMA,8.94
United Kingdom,24.0,Solar,UK Renewable Energy Planning Database,34.58
United Kingdom,10.0,Solar,UK Renewable Energy Planning Database,15.0
United Kingdom,4.99928,Solar,UK Renewable Energy Planning Database,7.3
United Kingdom,11.6,Solar,UK Renewable Energy Planning Database,17.66
United Kingdom,8.0,Hydro,UK Renewable Energy Planning Database,33.71
United Kingdom,1.1,Solar,UK Renewable Energy Planning Database,1.57
United Kingdom,18.226,Solar,UK Renewable Energy Planning Database,26.53
United Kingdom,7.5,Solar,UK Renewable Energy Planning Database,11.27
United Kingdom,20.0,Solar,UK Renewable Energy Planning Database,30.05
United Kingdom,1.4,Solar,UK Renewable Energy Planning Database,1.88
United Kingdom,4.99928,Solar,UK Renewable Energy Planning Database,7.25
United Kingdom,5.9,Solar,UK Renewable Energy Planning Database,8.87
United Kingdom,5.3,Solar,UK Renewable Energy Planning Database,7.93
United Kingdom,4.89398,Solar,UK Renewable Energy Planning Database,6.79
United Kingdom,3.0,Solar,UK Renewable Energy Planning Database,4.45
United Kingdom,9.3,Solar,Wiki-Solar,14.12
United Kingdom,4.3,Solar,UK Renewable Energy Planning Database,6.42
United Kingdom,10.4,Solar,UK Renewable Energy Planning Database,15.25
United Kingdom,10.5,Solar,UK Renewable Energy Planning Database,15.53
United Kingdom,8.0,Solar,UK Renewable Energy Planning Database,11.96
United Kingdom,4.9929,Solar,UK Renewable Energy Planning Database,7.49
United Kingdom,5.0,Solar,Wiki-Solar,7.23
United Kingdom,6.2,Solar,UK Renewable Energy Planning Database,9.14
United Kingdom,2.7,Solar,UK Renewable Energy Planning Database,3.94
United Kingdom,10.5,Solar,UK Renewable Energy Planning Database,15.15
United Kingdom,24.0,Solar,UK Renewable Energy Planning Database,34.57
United Kingdom,10.0,Solar,UK Renewable Energy Planning Database,14.83
United Kingdom,1.7,Solar,UK Renewable Energy Planning Database,2.27
United Kingdom,8.0,Solar,UK Renewable Energy Planning Database,11.45
United Kingdom,12.5,Solar,UK Renewable Energy Planning Database,19.12
United Kingdom,4.3,Solar,UK Renewable Energy Planning Database,6.12
United Kingdom,22.0,Solar,UK Renewable Energy Planning Database,32.52
United Kingdom,33.0,Hydro,CARMA,103.54
United Kingdom,5.3,Solar,UK Renewable Energy Planning Database,8.1
United Kingdom,15.0,Hydro,UK Renewable Energy Planning Database,59.68
United Kingdom,8.1,Solar,UK Renewable Energy Planning Database,12.28
United Kingdom,7.2,Solar,UK Renewable Energy Planning Database,10.73
United Kingdom,3.8,Solar,UK Renewable Energy Planning Database,5.5
United Kingdom,4.6,Solar,UK Renewable Energy Planning Database,6.69
United Kingdom,5.8,Solar,UK Renewable Energy Planning Database,8.76
United Kingdom,4.40363,Solar,UK Renewable Energy Planning Database,6.41
United Kingdom,6.0,Solar,UK Renewable Energy Planning Database,8.97
United Kingdom,3.736465,Solar,UK Renewable Energy Planning Database,5.56
United Kingdom,1.6,Solar,UK Renewable Energy Planning Database,2.26
United Kingdom,7.2,Solar,UK Renewable Energy Planning Database,10.15
United Kingdom,3.6,Solar,UK Renewable Energy Planning Database,5.19
United Kingdom,10.988,Solar,UK Renewable Energy Planning Database,16.77
United Kingdom,6.5,Solar,UK Renewable Energy Planning Database,9.8
United Kingdom,4.8,Solar,UK Renewable Energy Planning Database,7.9
United Kingdom,1.6999,Solar,UK Renewable Energy Planning Database,2.35
United Kingdom,10.0,Solar,UK Renewable Energy Planning Database,15.1
United Kingdom,4.63197,Solar,UK Renewable Energy Planning Database,7.22
United Kingdom,7.0,Solar,UK Renewable Energy Planning Database,10.56
United Kingdom,30.0,Solar,UK Renewable Energy Planning Database,41.82
United Kingdom,5.1,Solar,Wiki-Solar,7.79
United Kingdom,34.0,Hydro,CARMA,103.51
United Kingdom,1.9,Hydro,UK Renewable Energy Planning Database,8.38
United Kingdom,16.7,Solar,UK Renewable Energy Planning Database,24.44
United Kingdom,10.0,Solar,UK Renewable Energy Planning Database,14.06
United Kingdom,1.0,Solar,UK Renewable Energy Planning Database,1.42
United Kingdom,11.929,Solar,UK Renewable Energy Planning Database,17.13
United Kingdom,4.7492,Solar,UK Renewable Energy Planning Database,7.48
United Kingdom,7.7,Solar,UK Renewable Energy Planning Database,11.6
United Kingdom,10.7,Solar,UK Renewable Energy Planning Database,15.49
United Kingdom,4.8,Solar,UK Renewable Energy Planning Database,7.97
United Kingdom,20.4,Solar,UK Renewable Energy Planning Database,30.7
United Kingdom,45.0,Solar,UK Renewable Energy Planning Database,64.84
United Kingdom,27.0,Solar,UK Renewable Energy Planning Database,37.47
United Kingdom,4.0,Solar,UK Renewable Energy Planning Database,5.73
United Kingdom,1.8,Solar,UK Renewable Energy Planning Database,2.36
United Kingdom,1.78633,Solar,UK Renewable Energy Planning Database,2.46
United Kingdom,4.1,Solar,UK Renewable Energy Planning Database,6.01
United Kingdom,5.3,Solar,UK Renewable Energy Planning Database,7.53
United Kingdom,10.2,Solar,UK Renewable Energy Planning Database,15.23
United Kingdom,34.8,Solar,UK Renewable Energy Planning Database,50.47
United Kingdom,14.6,Solar,UK Renewable Energy Planning Database,22.26
United Kingdom,17.0,Solar,Wiki-Solar,24.58
United Kingdom,2.1,Solar,UK Renewable Energy Planning Database,3.03
United Kingdom,13.0,Solar,UK Renewable Energy Planning Database,19.52
United Kingdom,3.3,Solar,UK Renewable Energy Planning Database,4.83
United Kingdom,11.2608,Solar,UK Renewable Energy Planning Database,16.4
United Kingdom,9.6,Solar,UK Renewable Energy Planning Database,13.62
United Kingdom,8.5316,Solar,UK Renewable Energy Planning Database,11.98
United Kingdom,1.029,Solar,UK Renewable Energy Planning Database,1.48
United Kingdom,7.63,Solar,UK Renewable Energy Planning Database,11.49
United Kingdom,7.0,Solar,UK Renewable Energy Planning Database,10.53
United Kingdom,2.4,Solar,UK Renewable Energy Planning Database,3.46
United Kingdom,7.3,Solar,UK Renewable Energy Planning Database,10.75
United Kingdom,1.6,Solar,UK Renewable Energy Planning Database,2.32
United Kingdom,49.9,Solar,UK Renewable Energy Planning Database,72.42
United Kingdom,5.0,Solar,UK Renewable Energy Planning Database,6.99
United Kingdom,3.5,Solar,UK Renewable Energy Planning Database,5.27
United Kingdom,12.5,Solar,UK Renewable Energy Planning Database,18.37
United Kingdom,9.181,Solar,UK Renewable Energy Planning Database,13.23
United Kingdom,7.0,Solar,UK Renewable Energy Planning Database,10.5
United Kingdom,3.5,Solar,UK Renewable Energy Planning Database,5.28
United Kingdom,1.42,Solar,UK Renewable Energy Planning Database,2.11
United Kingdom,4.0,Solar,UK Renewable Energy Planning Database,5.61
United Kingdom,6.52,Solar,UK Renewable Energy Planning Database,9.78
United Kingdom,7.5702,Solar,UK Renewable Energy Planning Database,11.29
United Kingdom,6.0,Solar,UK Renewable Energy Planning Database,8.99
United Kingdom,14.6,Solar,UK Renewable Energy Planning Database,22.33
United Kingdom,6.8,Solar,UK Renewable Energy Planning Database,10.09
United Kingdom,4.99,Solar,UK Renewable Energy Planning Database,7.55
United Kingdom,4.20464,Solar,UK Renewable Energy Planning Database,5.89
United Kingdom,3.2,Solar,UK Renewable Energy Planning Database,4.71
United Kingdom,9.484,Solar,UK Renewable Energy Planning Database,14.42
United Kingdom,3.5,Solar,Wiki-Solar,5.05
United Kingdom,3.40472,Solar,UK Renewable Energy Planning Database,5.03
United Kingdom,9.3,Solar,UK Renewable Energy Planning Database,14.05
United Kingdom,18.7,Solar,UK Renewable Energy Planning Database,28.69
United Kingdom,4.992,Solar,UK Renewable Energy Planning Database,7.62
United Kingdom,5.3,Solar,UK Renewable Energy Planning Database,8.02
United Kingdom,9.0,Solar,UK Renewable Energy Planning Database,13.67
United Kingdom,4.9,Solar,UK Renewable Energy Planning Database,7.27
United Kingdom,2.719,Solar,UK Renewable Energy Planning Database,3.97
United Kingdom,3.7,Solar,Wiki-Solar,5.2
United Kingdom,4.0,Solar,UK Renewable Energy Planning Database,5.76
United Kingdom,4.8,Solar,UK Renewable Energy Planning Database,7.78
United Kingdom,5.4,Solar,UK Renewable Energy Planning Database,7.68
United Kingdom,50.0,Solar,UK Renewable Energy Planning Database,72.07
United Kingdom,4.8384,Solar,UK Renewable Energy Planning Database,7.93
United Kingdom,34.0,Solar,UK Renewable Energy Planning Database,48.25
United Kingdom,8.0861,Solar,UK Renewable Energy Planning Database,12.1
United Kingdom,6.1,Solar,UK Renewable Energy Planning Database,9.19
United States of America,1.9,Solar,U.S. Energy Information Administration,2.92
United States of America,2.0,Solar,U.S. Energy Information Administration,3.01
United States of America,1.3,Solar,U.S. Energy Information Administration,2.45
United States of America,3.8,Solar,U.S. Energy Information Administration,5.84
United States of America,1.3,Solar,U.S. Energy Information Administration,1.69
United States of America,1.9,Solar,U.S. Energy Information Administration,2.91
United States of America,1.0,Solar,U.S. Energy Information Administration,1.83
United States of America,1.8,Solar,U.S. Energy Information Administration,2.71
United States of America,1.8,Solar,U.S. Energy Information Administration,2.77
United States of America,2.5,Solar,U.S. Energy Information Administration,3.8
United States of America,3.0,Hydro,U.S. Energy Information Administration,6.48
United States of America,1.0,Solar,U.S. Energy Information Administration,1.51
United States of America,14.1,Wind,U.S. Energy Information Administration,18.01
United States of America,21.2,Wind,U.S. Energy Information Administration,21.49
United States of America,12.0,Hydro,U.S. Energy Information Administration,63.32
United States of America,12.8,Hydro,U.S. Energy Information Administration,43.91
United States of America,24.0,Solar,WRI,51.78
United States of America,5.5,Solar,U.S. Energy Information Administration,9.59
United States of America,3.5,Solar,U.S. Energy Information Administration,4.38
United States of America,1.0,Solar,U.S. Energy Information Administration,1.43
United States of America,2.8,Hydro,U.S. Energy Information Administration,9.0
United States of America,15.6,Hydro,U.S. Energy Information Administration,45.72
United States of America,3.0,Solar,U.S. Energy Information Administration,6.28
United States of America,4.7,Solar,U.S. Energy Information Administration,7.68
United States of America,1.0,Solar,U.S. Energy Information Administration,1.62
United States of America,1.4,Hydro,U.S. Energy Information Administration,4.98
United States of America,174.8,Wind,U.S. Energy Information Administration,596.75
United States of America,3.1,Solar,U.S. Energy Information Administration,4.89
United States of America,23.3,Wind,U.S. Energy Information Administration,71.49
United States of America,20.0,Wind,U.S. Energy Information Administration,76.24
United States of America,10.0,Solar,U.S. Energy Information Administration,21.3
United States of America,3.0,Wind,U.S. Energy Information Administration,8.65
United States of America,3.0,Solar,U.S. Energy Information Administration,6.35
United States of America,2.7,Solar,U.S. Energy Information Administration,5.66
United States of America,1.9,Wind,U.S. Energy Information Administration,5.02
United States of America,1.5,Solar,U.S. Energy Information Administration,2.05
United States of America,8.4,Wind,U.S. Energy Information Administration,19.56
United States of America,59.4,Wind,U.S. Energy Information Administration,194.01
United States of America,1.5,Solar,U.S. Energy Information Administration,2.79
United States of America,19.6,Hydro,U.S. Energy Information Administration,50.91
United States of America,5.0,Solar,U.S. Energy Information Administration,10.36
United States of America,42.0,Hydro,U.S. Energy Information Administration,187.54
United States of America,2.0,Solar,U.S. Energy Information Administration,4.14
United States of America,8.0,Hydro,U.S. Energy Information Administration,31.77
United States of America,41.4,Hydro,U.S. Energy Information Administration,129.46
United States of America,50.0,Hydro,U.S. Energy Information Administration,146.11
United States of America,2.8,Solar,U.S. Energy Information Administration,4.35
United States of America,4.2,Hydro,U.S. Energy Information Administration,16.04
United States of America,2.1,Hydro,U.S. Energy Information Administration,7.17
United States of America,86.6,Hydro,U.S. Energy Information Administration,310.0
United States of America,2.6,Hydro,U.S. Energy Information Administration,10.18
United States of America,13.6,Hydro,U.S. Energy Information Administration,59.37
United States of America,17.8,Hydro,U.S. Energy Information Administration,77.57
United States of America,9.2,Hydro,U.S. Energy Information Administration,43.5
United States of America,9.2,Hydro,U.S. Energy Information Administration,32.88
United States of America,80.0,Wind,U.S. Energy Information Administration,251.27
United States of America,3.8,Wind,U.S. Energy Information Administration,10.39
United States of America,4.0,Hydro,U.S. Energy Information Administration,8.97
United States of America,6.5,Hydro,U.S. Energy Information Administration,17.22
United States of America,1.0,Hydro,U.S. Energy Information Administration,2.21
United States of America,150.0,Wind,U.S. Energy Information Administration,439.46
United States of America,150.0,Wind,U.S. Energy Information Administration,464.99
United States of America,102.0,Wind,U.S. Energy Information Administration,318.18
United States of America,168.0,Wind,U.S. Energy Information Administration,478.49
United States of America,150.0,Wind,U.S. Energy Information Administration,422.63
United States of America,25.1,Wind,U.S. Energy Information Administration,35.31
United States of America,4.2,Solar,U.S. Energy Information Administration,6.49
United States of America,92.4,Hydro,U.S. Energy Information Administration,337.93
United States of America,3.6,Hydro,U.S. Energy Information Administration,11.45
United States of America,66.0,Hydro,U.S. Energy Information Administration,257.97
United States of America,16.0,Hydro,U.S. Energy Information Administration,61.78
United States of America,6.0,Wind,U.S. Energy Information Administration,19.9
United States of America,40.0,Hydro,U.S. Energy Information Administration,115.98
United States of America,3.6,Hydro,U.S. Energy Information Administration,15.9
United States of America,1.4,Hydro,U.S. Energy Information Administration,3.03
United States of America,4.0,Hydro,U.S. Energy Information Administration,16.77
United States of America,29.0,Hydro,U.S. Energy Information Administration,111.59
United States of America,93.6,Hydro,U.S. Energy Information Administration,336.64
United States of America,20.0,Solar,U.S. Energy Information Administration,43.65
United States of America,2.4,Hydro,U.S. Energy Information Administration,7.33
United States of America,2.2,Hydro,U.S. Energy Information Administration,9.04
United States of America,1.0,Solar,U.S. Energy Information Administration,1.54
United States of America,90.0,Wind,U.S. Energy Information Administration,297.93
United States of America,3.5,Solar,U.S. Energy Information Administration,5.42
United States of America,4.7,Solar,U.S. Energy Information Administration,8.36
United States of America,1.3,Hydro,U.S. Energy Information Administration,2.91
United States of America,103.0,Wind,U.S. Energy Information Administration,273.96
United States of America,100.5,Wind,U.S. Energy Information Administration,319.98
United States of America,5.0,Solar,U.S. Energy Information Administration,8.1
United States of America,1.4,Hydro,U.S. Energy Information Administration,5.95
United States of America,15.0,Hydro,U.S. Energy Information Administration,53.45
United States of America,1.9,Solar,U.S. Energy Information Administration,4.0
United States of America,4.6,Hydro,U.S. Energy Information Administration,15.38
United States of America,48.0,Wind,U.S. Energy Information Administration,152.19
United States of America,120.0,Wind,U.S. Energy Information Administration,382.76
United States of America,62.4,Wind,U.S. Energy Information Administration,220.21
United States of America,6.7,Hydro,U.S. Energy Information Administration,21.86
United States of America,2.0,Solar,U.S. Energy Information Administration,3.08
United States of America,2.2,Solar,U.S. Energy Information Administration,3.41
United States of America,3.6,Hydro,U.S. Energy Information Administration,13.08
United States of America,18.0,Hydro,U.S. Energy Information Administration,47.56
United States of America,1.9,Wind,U.S. Energy Information Administration,5.56
United States of America,1.2,Hydro,U.S. Energy Information Administration,3.56
United States of America,6.0,Solar,U.S. Energy Information Administration,12.91
United States of America,2.0,Solar,U.S. Energy Information Administration,2.32
United States of America,8.4,Hydro,U.S. Energy Information Administration,27.92
United States of America,6.7,Hydro,U.S. Energy Information Administration,15.09
United States of America,3.0,Hydro,U.S. Energy Information Administration,6.22
United States of America,2.0,Wind,U.S. Energy Information Administration,6.55
United States of America,1.0,Solar,U.S. Energy Information Administration,1.55
United States of America,4.0,Wind,U.S. Energy Information Administration,13.29
United States of America,1296.0,Hydro,U.S. Energy Information Administration,3476.26
United States of America,1.5,Hydro,U.S. Energy Information Administration,4.89
United States of America,1.1,Solar,U.S. Energy Information Administration,2.09
United States of America,31.0,Hydro,U.S. Energy Information Administration,76.22
United States of America,97.2,Hydro,U.S. Energy Information Administration,239.05
United States of America,1.7,Solar,U.S. Energy Information Administration,1.86
United States of America,102.4,Wind,U.S. Energy Information Administration,369.61
United States of America,2.4,Hydro,U.S. Energy Information Administration,7.8
United States of America,53.9,Hydro,U.S. Energy Information Administration,205.92
United States of America,4.0,Hydro,U.S. Energy Information Administration,15.51
United States of America,4.1,Hydro,U.S. Energy Information Administration,14.76
United States of America,1.5,Hydro,U.S. Energy Information Administration,5.92
United States of America,130.0,Hydro,U.S. Energy Information Administration,512.63
United States of America,1.0,Hydro,U.S. Energy Information Administration,2.52
United States of America,173.0,Hydro,U.S. Energy Information Administration,541.79
United States of America,120.0,Wind,U.S. Energy Information Administration,338.66
United States of America,160.0,Wind,U.S. Energy Information Administration,563.18
United States of America,5.0,Hydro,U.S. Energy Information Administration,15.49
United States of America,2862.0,Hydro,U.S. Energy Information Administration,7163.85
United States of America,1.8,Wind,U.S. Energy Information Administration,4.23
United States of America,1.5,Wind,U.S. Energy Information Administration,3.91
United States of America,3.2,Hydro,U.S. Energy Information Administration,6.65
United States of America,9.0,Hydro,U.S. Energy Information Administration,23.58
United States of America,600.0,Hydro,U.S. Energy Information Administration,1296.59
United States of America,1.4,Hydro,U.S. Energy Information Administration,2.83
United States of America,20.0,Hydro,U.S. Energy Information Administration,63.06
United States of America,10.0,Hydro,U.S. Energy Information Administration,33.84
United States of America,112.0,Hydro,U.S. Energy Information Administration,355.57
United States of America,5.4,Hydro,U.S. Energy Information Administration,23.1
United States of America,4.5,Wind,U.S. Energy Information Administration,13.4
United States of America,1.2,Hydro,U.S. Energy Information Administration,3.85
United States of America,1.8,Solar,U.S. Energy Information Administration,2.76
United States of America,9.0,Hydro,U.S. Energy Information Administration,41.0
United States of America,100.5,Wind,U.S. Energy Information Administration,260.55
United States of America,117.9,Hydro,U.S. Energy Information Administration,359.77
United States of America,5.7,Hydro,U.S. Energy Information Administration,18.32
United States of America,2.0,Hydro,U.S. Energy Information Administration,8.46
United States of America,42.0,Hydro,U.S. Energy Information Administration,176.58
United States of America,1.6,Solar,U.S. Energy Information Administration,2.24
United States of America,40.8,Hydro,U.S. Energy Information Administration,150.45
United States of America,1.1,Hydro,U.S. Energy Information Administration,4.45
United States of America,1.4,Solar,U.S. Energy Information Administration,1.94
United States of America,21.0,Wind,U.S. Energy Information Administration,64.03
United States of America,36.0,Hydro,U.S. Energy Information Administration,103.89
United States of America,201.3,Wind,U.S. Energy Information Administration,793.9
United States of America,130.5,Wind,U.S. Energy Information Administration,359.19
United States of America,4.2,Hydro,U.S. Energy Information Administration,15.53
United States of America,1.2,Solar,U.S. Energy Information Administration,2.35
United States of America,1.8,Solar,U.S. Energy Information Administration,2.29
United States of America,19.6,Wind,U.S. Energy Information Administration,42.37
United States of America,30.3,Hydro,U.S. Energy Information Administration,104.82
United States of America,7.2,Hydro,U.S. Energy Information Administration,25.34
United States of America,1.8,Hydro,U.S. Energy Information Administration,5.93
United States of America,538.3,Hydro,U.S. Energy Information Administration,1501.56
United States of America,18.0,Hydro,U.S. Energy Information Administration,61.56
United States of America,88.4,Hydro,U.S. Energy Information Administration,261.83
United States of America,66.6,Hydro,U.S. Energy Information Administration,197.26
United States of America,110.0,Hydro,U.S. Energy Information Administration,333.91
United States of America,174.5,Hydro,U.S. Energy Information Administration,527.73
United States of America,100.0,Hydro,U.S. Energy Information Administration,325.75
United States of America,75.0,Hydro,U.S. Energy Information Administration,228.63
United States of America,5.0,Hydro,U.S. Energy Information Administration,16.17
United States of America,7.7,Hydro,U.S. Energy Information Administration,27.77
United States of America,4.1,Hydro,U.S. Energy Information Administration,16.38
United States of America,50.0,Wind,U.S. Energy Information Administration,145.62
United States of America,199.0,Wind,U.S. Energy Information Administration,500.45
United States of America,3.2,Hydro,U.S. Energy Information Administration,7.9
United States of America,4.4,Hydro,U.S. Energy Information Administration,17.63
United States of America,16.0,Hydro,U.S. Energy Information Administration,62.27
United States of America,240.0,Wind,U.S. Energy Information Administration,784.7
United States of America,34.3,Wind,U.S. Energy Information Administration,98.17
United States of America,4.5,Hydro,U.S. Energy Information Administration,11.34
United States of America,1.7,Wind,U.S. Energy Information Administration,3.9
United States of America,449.7,Wind,U.S. Energy Information Administration,1169.81
United States of America,1.5,Solar,U.S. Energy Information Administration,2.47
United States of America,2.6,Hydro,U.S. Energy Information Administration,7.07
United States of America,5.6,Hydro,U.S. Energy Information Administration,21.93
United States of America,7.3,Hydro,U.S. Energy Information Administration,19.23
United States of America,8.4,Hydro,U.S. Energy Information Administration,22.12
United States of America,8.2,Hydro,U.S. Energy Information Administration,21.6
United States of America,4.5,Hydro,U.S. Energy Information Administration,11.48
United States of America,1.6,Hydro,U.S. Energy Information Administration,4.85
United States of America,200.0,Wind,U.S. Energy Information Administration,670.1
United States of America,81.0,Wind,U.S. Energy Information Administration,284.95
United States of America,81.8,Wind,U.S. Energy Information Administration,330.43
United States of America,2.0,Wind,U.S. Energy Information Administration,6.26
United States of America,4.5,Hydro,U.S. Energy Information Administration,19.82
United States of America,6.1,Hydro,U.S. Energy Information Administration,19.44
United States of America,10.2,Hydro,U.S. Energy Information Administration,41.73
United States of America,2.0,Solar,U.S. Energy Information Administration,3.53
United States of America,3.7,Hydro,U.S. Energy Information Administration,12.94
United States of America,24.0,Hydro,U.S. Energy Information Administration,102.45
United States of America,6.0,Hydro,U.S. Energy Information Administration,27.07
United States of America,5.7,Hydro,U.S. Energy Information Administration,18.44
United States of America,2.5,Solar,U.S. Energy Information Administration,3.83
United States of America,200.0,Wind,U.S. Energy Information Administration,605.26
United States of America,102.0,Wind,U.S. Energy Information Administration,302.08
United States of America,1.6,Hydro,U.S. Energy Information Administration,4.37
United States of America,15.0,Hydro,U.S. Energy Information Administration,64.61
United States of America,75.0,Hydro,U.S. Energy Information Administration,244.74
United States of America,18.0,Hydro,U.S. Energy Information Administration,74.83
United States of America,1000.0,Hydro,U.S. Energy Information Administration,2252.62
United States of America,1.3,Hydro,U.S. Energy Information Administration,3.71
United States of America,75.0,Hydro,U.S. Energy Information Administration,272.79
United States of America,1.3,Wind,U.S. Energy Information Administration,2.77
United States of America,74.3,Wind,U.S. Energy Information Administration,279.08
United States of America,151.0,Wind,U.S. Energy Information Administration,516.91
United States of America,99.0,Wind,U.S. Energy Information Administration,374.15
United States of America,100.0,Wind,U.S. Energy Information Administration,387.7
United States of America,302.0,Wind,U.S. Energy Information Administration,1000.35
United States of America,15.9,Hydro,U.S. Energy Information Administration,41.19
United States of America,86.4,Hydro,U.S. Energy Information Administration,275.74
United States of America,23.5,Hydro,U.S. Energy Information Administration,67.88
United States of America,145.2,Wind,U.S. Energy Information Administration,476.07
United States of America,1.3,Solar,U.S. Energy Information Administration,2.67
United States of America,13.9,Solar,U.S. Energy Information Administration,28.76
United States of America,56.7,Wind,U.S. Energy Information Administration,166.42
United States of America,3.1,Hydro,U.S. Energy Information Administration,11.65
United States of America,2.0,Wind,U.S. Energy Information Administration,6.04
United States of America,3.3,Hydro,U.S. Energy Information Administration,11.2
United States of America,1.2,Solar,U.S. Energy Information Administration,1.96
United States of America,8.8,Hydro,U.S. Energy Information Administration,33.96
United States of America,1.1,Hydro,U.S. Energy Information Administration,2.46
United States of America,1162.0,Hydro,U.S. Energy Information Administration,5094.37
United States of America,7.2,Hydro,U.S. Energy Information Administration,27.78
United States of America,105.9,Hydro,U.S. Energy Information Administration,382.27
United States of America,22.9,Hydro,U.S. Energy Information Administration,80.05
United States of America,12.0,Hydro,U.S. Energy Information Administration,32.32
United States of America,4.2,Hydro,U.S. Energy Information Administration,9.73
United States of America,5.0,Hydro,U.S. Energy Information Administration,10.46
United States of America,3.0,Hydro,U.S. Energy Information Administration,6.57
United States of America,3.5,Hydro,U.S. Energy Information Administration,7.79
United States of America,3.3,Hydro,U.S. Energy Information Administration,7.23
United States of America,1118.6,Hydro,U.S. Energy Information Administration,4449.95
United States of America,7.2,Wind,U.S. Energy Information Administration,16.77
United States of America,3.6,Hydro,U.S. Energy Information Administration,8.02
United States of America,90.0,Hydro,U.S. Energy Information Administration,408.54
United States of America,5.0,Hydro,U.S. Energy Information Administration,12.29
United States of America,1.4,Hydro,U.S. Energy Information Administration,5.07
United States of America,15.0,Hydro,U.S. Energy Information Administration,51.33
United States of America,126.0,Hydro,U.S. Energy Information Administration,387.03
United States of America,2.9,Hydro,U.S. Energy Information Administration,11.46
United States of America,2.9,Hydro,U.S. Energy Information Administration,10.19
United States of America,3.6,Hydro,U.S. Energy Information Administration,14.49
United States of America,160.0,Wind,U.S. Energy Information Administration,498.17
United States of America,1.0,Solar,U.S. Energy Information Administration,1.59
United States of America,1.2,Solar,U.S. Energy Information Administration,1.77
United States of America,27.7,Hydro,U.S. Energy Information Administration,79.49
United States of America,1.8,Hydro,U.S. Energy Information Administration,4.75
United States of America,10.0,Wind,U.S. Energy Information Administration,31.56
United States of America,9.7,Hydro,U.S. Energy Information Administration,40.89
United States of America,100.0,Hydro,U.S. Energy Information Administration,325.41
United States of America,11.8,Hydro,U.S. Energy Information Administration,51.48
United States of America,102.0,Wind,U.S. Energy Information Administration,327.77
United States of America,1.5,Wind,U.S. Energy Information Administration,4.56
United States of America,675.0,Hydro,U.S. Energy Information Administration,1794.91
United States of America,16.0,Hydro,U.S. Energy Information Administration,54.79
United States of America,5.3,Hydro,U.S. Energy Information Administration,16.92
United States of America,19.6,Hydro,U.S. Energy Information Administration,91.59
United States of America,2.1,Solar,U.S. Energy Information Administration,2.68
United States of America,4.4,Hydro,U.S. Energy Information Administration,14.92
United States of America,54.9,Hydro,U.S. Energy Information Administration,142.99
United States of America,8.4,Hydro,U.S. Energy Information Administration,34.33
United States of America,3.3,Solar,U.S. Energy Information Administration,6.64
United States of America,66.0,Hydro,U.S. Energy Information Administration,232.28
United States of America,38.0,Wind,U.S. Energy Information Administration,108.23
United States of America,18.9,Wind,U.S. Energy Information Administration,62.62
United States of America,18.0,Hydro,U.S. Energy Information Administration,62.77
United States of America,1.5,Wind,U.S. Energy Information Administration,5.65
United States of America,232.5,Wind,U.S. Energy Information Administration,712.6
United States of America,170.2,Wind,U.S. Energy Information Administration,544.42
United States of America,120.6,Wind,U.S. Energy Information Administration,364.25
United States of America,1.8,Wind,U.S. Energy Information Administration,2.37
United States of America,27.0,Wind,U.S. Energy Information Administration,45.1
United States of America,50.4,Wind,U.S. Energy Information Administration,178.72
United States of America,210.0,Wind,U.S. Energy Information Administration,792.92
United States of America,131.2,Hydro,U.S. Energy Information Administration,392.34
United States of America,180.0,Wind,U.S. Energy Information Administration,614.18
United States of America,34.5,Wind,U.S. Energy Information Administration,106.59
United States of America,340.0,Hydro,U.S. Energy Information Administration,946.9
United States of America,1.5,Wind,U.S. Energy Information Administration,5.59
United States of America,7.2,Hydro,U.S. Energy Information Administration,24.18
United States of America,21.3,Wind,U.S. Energy Information Administration,69.3
United States of America,3.0,Hydro,U.S. Energy Information Administration,6.24
United States of America,6.0,Hydro,U.S. Energy Information Administration,20.49
United States of America,29.0,Wind,U.S. Energy Information Administration,100.5
United States of America,1.2,Solar,U.S. Energy Information Administration,2.08
United States of America,54.0,Wind,U.S. Energy Information Administration,171.17
United States of America,40.0,Hydro,U.S. Energy Information Administration,117.31
United States of America,3.5,Solar,U.S. Energy Information Administration,6.97
United States of America,5.0,Wind,U.S. Energy Information Administration,12.82
United States of America,15.0,Hydro,U.S. Energy Information Administration,54.46
United States of America,2.5,Hydro,U.S. Energy Information Administration,8.21
United States of America,21.6,Hydro,U.S. Energy Information Administration,83.62
United States of America,9.9,Hydro,U.S. Energy Information Administration,26.28
United States of America,82.8,Hydro,U.S. Energy Information Administration,301.16
United States of America,20.1,Hydro,U.S. Energy Information Administration,77.25
United States of America,1.1,Hydro,U.S. Energy Information Administration,3.18
United States of America,1.3,Solar,U.S. Energy Information Administration,1.91
United States of America,1.5,Solar,U.S. Energy Information Administration,2.39
United States of America,2.0,Wind,U.S. Energy Information Administration,6.8
United States of America,10.0,Solar,U.S. Energy Information Administration,19.0
United States of America,48.0,Solar,U.S. Energy Information Administration,100.92
United States of America,1.0,Solar,U.S. Energy Information Administration,1.6
United States of America,1.0,Solar,U.S. Energy Information Administration,1.61
United States of America,1.0,Solar,U.S. Energy Information Administration,1.79
United States of America,4.6,Wind,U.S. Energy Information Administration,12.14
United States of America,41.0,Wind,U.S. Energy Information Administration,159.28
United States of America,300.0,Hydro,U.S. Energy Information Administration,739.23
United States of America,265.2,Hydro,U.S. Energy Information Administration,1055.93
United States of America,61.8,Hydro,U.S. Energy Information Administration,225.09
United States of America,2.6,Hydro,U.S. Energy Information Administration,10.23
United States of America,1.6,Hydro,U.S. Energy Information Administration,4.22
United States of America,5.5,Hydro,U.S. Energy Information Administration,20.76
United States of America,5.0,Solar,U.S. Energy Information Administration,10.75
United States of America,156.6,Hydro,U.S. Energy Information Administration,578.65
United States of America,6.4,Hydro,U.S. Energy Information Administration,15.82
United States of America,249.8,Solar,U.S. Energy Information Administration,581.55
United States of America,114.0,Wind,U.S. Energy Information Administration,334.79
United States of America,6.0,Hydro,U.S. Energy Information Administration,20.71
United States of America,4.1,Solar,U.S. Energy Information Administration,6.12
United States of America,10.8,Hydro,U.S. Energy Information Administration,31.92
United States of America,1.5,Wind,U.S. Energy Information Administration,4.3
United States of America,59.6,Wind,U.S. Energy Information Administration,145.06
United States of America,157.8,Hydro,U.S. Energy Information Administration,369.48
United States of America,7.2,Hydro,U.S. Energy Information Administration,18.22
United States of America,150.0,Wind,U.S. Energy Information Administration,438.75
United States of America,22.5,Wind,U.S. Energy Information Administration,67.49
United States of America,99.0,Wind,U.S. Energy Information Administration,404.05
United States of America,1.1,Hydro,U.S. Energy Information Administration,4.29
United States of America,200.0,Wind,U.S. Energy Information Administration,778.88
United States of America,87.9,Hydro,U.S. Energy Information Administration,362.29
United States of America,20.0,Solar,U.S. Energy Information Administration,43.08
United States of America,6.0,Hydro,U.S. Energy Information Administration,16.76
United States of America,49.8,Hydro,U.S. Energy Information Administration,182.49
United States of America,18.0,Hydro,WRI,46.63
United States of America,3.6,Hydro,WRI,8.0
United States of America,662.5,Wind,U.S. Energy Information Administration,2319.01
United States of America,80.0,Wind,U.S. Energy Information Administration,237.5
United States of America,73.8,Hydro,U.S. Energy Information Administration,245.49
United States of America,117.9,Hydro,U.S. Energy Information Administration,339.87
United States of America,10.0,Hydro,WRI,30.14
United States of America,114.3,Hydro,U.S. Energy Information Administration,326.23
United States of America,56.0,Hydro,U.S. Energy Information Administration,206.5
United States of America,1.5,Solar,U.S. Energy Information Administration,2.22
United States of America,159.1,Wind,U.S. Energy Information Administration,528.49
United States of America,2.0,Solar,U.S. Energy Information Administration,2.94
United States of America,1.7,Wind,U.S. Energy Information Administration,5.54
United States of America,2.6,Hydro,U.S. Energy Information Administration,8.15
United States of America,500.0,Hydro,U.S. Energy Information Administration,995.28
United States of America,1.9,Hydro,U.S. Energy Information Administration,5.46
United States of America,1.6,Hydro,U.S. Energy Information Administration,5.69
United States of America,12.4,Hydro,U.S. Energy Information Administration,43.68
United States of America,5.0,Wind,U.S. Energy Information Administration,16.1
United States of America,17.0,Wind,U.S. Energy Information Administration,62.59
United States of America,34.5,Wind,U.S. Energy Information Administration,113.91
United States of America,18.9,Wind,U.S. Energy Information Administration,55.91
United States of America,10.5,Wind,U.S. Energy Information Administration,28.94
United States of America,1682.0,Hydro,U.S. Energy Information Administration,4695.86
United States of America,15.0,Hydro,U.S. Energy Information Administration,77.31
United States of America,1.0,Solar,U.S. Energy Information Administration,2.07
United States of America,2.0,Hydro,U.S. Energy Information Administration,6.79
United States of America,6.6,Hydro,U.S. Energy Information Administration,26.52
United States of America,2.1,Hydro,U.S. Energy Information Administration,6.02
United States of America,1.7,Hydro,U.S. Energy Information Administration,5.54
United States of America,6.4,Hydro,U.S. Energy Information Administration,14.87
United States of America,45.0,Hydro,U.S. Energy Information Administration,162.31
United States of America,248.3,Wind,U.S. Energy Information Administration,837.5
United States of America,300.5,Wind,U.S. Energy Information Administration,812.51
United States of America,30.0,Hydro,U.S. Energy Information Administration,87.66
United States of America,6.0,Hydro,U.S. Energy Information Administration,22.2
United States of America,19.5,Wind,U.S. Energy Information Administration,78.6
United States of America,252.0,Wind,U.S. Energy Information Administration,932.09
United States of America,67.7,Wind,U.S. Energy Information Administration,218.44
United States of America,150.0,Wind,U.S. Energy Information Administration,496.07
United States of America,7.6,Solar,Wiki-Solar,14.63
United States of America,120.0,Wind,U.S. Energy Information Administration,394.8
United States of America,1.1,Hydro,U.S. Energy Information Administration,3.94
United States of America,140.0,Hydro,U.S. Energy Information Administration,488.04
United States of America,6.4,Hydro,U.S. Energy Information Administration,15.48
United States of America,3.2,Hydro,U.S. Energy Information Administration,7.8
United States of America,99.0,Wind,U.S. Energy Information Administration,357.11
United States of America,201.2,Wind,U.S. Energy Information Administration,656.59
United States of America,7.5,Hydro,U.S. Energy Information Administration,28.94
United States of America,7.8,Hydro,U.S. Energy Information Administration,30.26
United States of America,2.6,Wind,U.S. Energy Information Administration,6.64
United States of America,2.0,Wind,U.S. Energy Information Administration,6.16
United States of America,126.5,Wind,U.S. Energy Information Administration,436.86
United States of America,85.5,Wind,U.S. Energy Information Administration,293.62
United States of America,12.0,Hydro,U.S. Energy Information Administration,50.13
United States of America,80.0,Wind,U.S. Energy Information Administration,257.51
United States of America,28.4,Hydro,U.S. Energy Information Administration,111.91
United States of America,1.5,Wind,U.S. Energy Information Administration,4.01
United States of America,3.0,Hydro,U.S. Energy Information Administration,10.24
United States of America,1.7,Hydro,U.S. Energy Information Administration,4.49
United States of America,2.7,Solar,U.S. Energy Information Administration,3.29
United States of America,13.2,Hydro,U.S. Energy Information Administration,34.33
United States of America,36.0,Hydro,U.S. Energy Information Administration,184.68
United States of America,1.5,Hydro,U.S. Energy Information Administration,6.17
United States of America,59.2,Hydro,U.S. Energy Information Administration,197.26
United States of America,1.6,Hydro,U.S. Energy Information Administration,4.63
United States of America,140.0,Hydro,U.S. Energy Information Administration,517.32
United States of America,135.0,Hydro,U.S. Energy Information Administration,488.67
United States of America,4.3,Hydro,U.S. Energy Information Administration,15.4
United States of America,1.1,Solar,U.S. Energy Information Administration,1.64
United States of America,3.6,Hydro,U.S. Energy Information Administration,13.28
United States of America,1.3,Hydro,U.S. Energy Information Administration,3.41
United States of America,38.0,Wind,U.S. Energy Information Administration,136.06
United States of America,44.0,Hydro,U.S. Energy Information Administration,125.85
United States of America,159.6,Hydro,U.S. Energy Information Administration,662.93
United States of America,2.4,Hydro,U.S. Energy Information Administration,6.89
United States of America,2456.2,Hydro,U.S. Energy Information Administration,10255.53
United States of America,49.8,Hydro,U.S. Energy Information Administration,196.87
United States of America,7.0,Hydro,U.S. Energy Information Administration,24.24
United States of America,1.7,Hydro,U.S. Energy Information Administration,6.94
United States of America,21.6,Hydro,U.S. Energy Information Administration,104.94
United States of America,2.2,Solar,U.S. Energy Information Administration,3.16
United States of America,2.1,Solar,U.S. Energy Information Administration,3.2
United States of America,4.0,Solar,U.S. Energy Information Administration,7.7
United States of America,1.0,Solar,U.S. Energy Information Administration,1.64
United States of America,30.6,Solar,U.S. Energy Information Administration,68.15
United States of America,165.6,Wind,U.S. Energy Information Administration,705.34
United States of America,131.0,Wind,U.S. Energy Information Administration,501.29
United States of America,8.4,Wind,U.S. Energy Information Administration,26.03
United States of America,3.4,Solar,U.S. Energy Information Administration,6.1
United States of America,8.0,Hydro,U.S. Energy Information Administration,33.94
United States of America,1.0,Solar,U.S. Energy Information Administration,1.53
United States of America,1.2,Solar,U.S. Energy Information Administration,2.37
United States of America,1.0,Solar,U.S. Energy Information Administration,2.8
United States of America,1.2,Hydro,U.S. Energy Information Administration,3.69
United States of America,58.0,Hydro,U.S. Energy Information Administration,208.29
United States of America,3.0,Hydro,U.S. Energy Information Administration,10.25
United States of America,74.8,Hydro,U.S. Energy Information Administration,265.91
United States of America,2.5,Hydro,U.S. Energy Information Administration,9.78
United States of America,2.5,Hydro,U.S. Energy Information Administration,8.12
United States of America,15.0,Hydro,U.S. Energy Information Administration,37.93
United States of America,26.0,Hydro,U.S. Energy Information Administration,86.86
United States of America,2.4,Hydro,U.S. Energy Information Administration,7.6
United States of America,1.2,Hydro,U.S. Energy Information Administration,3.77
United States of America,201.0,Wind,U.S. Energy Information Administration,706.97
United States of America,6.0,Wind,U.S. Energy Information Administration,13.84
United States of America,33.0,Hydro,U.S. Energy Information Administration,105.14
United States of America,60.4,Hydro,U.S. Energy Information Administration,235.89
United States of America,30.0,Solar,U.S. Energy Information Administration,62.85
United States of America,4.0,Solar,U.S. Energy Information Administration,6.19
United States of America,87.5,Wind,U.S. Energy Information Administration,249.46
United States of America,1.5,Hydro,U.S. Energy Information Administration,4.17
United States of America,12.1,Hydro,U.S. Energy Information Administration,35.03
United States of America,315.0,Hydro,U.S. Energy Information Administration,682.34
United States of America,253.0,Hydro,U.S. Energy Information Administration,467.19
United States of America,1.2,Hydro,U.S. Energy Information Administration,3.46
United States of America,162.0,Wind,U.S. Energy Information Administration,493.5
United States of America,36.0,Hydro,U.S. Energy Information Administration,132.12
United States of America,10.6,Hydro,U.S. Energy Information Administration,43.52
United States of America,45.6,Hydro,U.S. Energy Information Administration,173.72
United States of America,5.0,Wind,U.S. Energy Information Administration,10.94
United States of America,1.5,Hydro,U.S. Energy Information Administration,3.33
United States of America,43.0,Wind,U.S. Energy Information Administration,126.38
United States of America,6.2,Hydro,U.S. Energy Information Administration,25.36
United States of America,167.8,Hydro,U.S. Energy Information Administration,506.31
United States of America,30.0,Wind,U.S. Energy Information Administration,120.58
United States of America,50.4,Wind,U.S. Energy Information Administration,156.0
United States of America,5.2,Solar,U.S. Energy Information Administration,8.77
United States of America,49.8,Wind,U.S. Energy Information Administration,133.37
United States of America,15.0,Hydro,U.S. Energy Information Administration,52.77
United States of America,530.8,Hydro,U.S. Energy Information Administration,1550.64
United States of America,1.2,Hydro,U.S. Energy Information Administration,4.74
United States of America,3.9,Solar,U.S. Energy Information Administration,6.03
United States of America,37.5,Hydro,U.S. Energy Information Administration,76.06
United States of America,9.0,Hydro,U.S. Energy Information Administration,35.74
United States of America,4.5,Wind,U.S. Energy Information Administration,13.43
United States of America,19.4,Hydro,U.S. Energy Information Administration,81.98
United States of America,20.0,Hydro,U.S. Energy Information Administration,77.12
United States of America,27.0,Hydro,U.S. Energy Information Administration,96.14
United States of America,3.3,Hydro,U.S. Energy Information Administration,6.86
United States of America,2.6,Hydro,U.S. Energy Information Administration,9.96
United States of America,3.0,Wind,U.S. Energy Information Administration,6.12
United States of America,7.5,Wind,U.S. Energy Information Administration,18.54
United States of America,6.5,Wind,U.S. Energy Information Administration,11.14
United States of America,99.9,Hydro,U.S. Energy Information Administration,403.56
United States of America,35.3,Hydro,U.S. Energy Information Administration,136.51
United States of America,1.9,Hydro,U.S. Energy Information Administration,5.17
United States of America,3.1,Solar,U.S. Energy Information Administration,4.73
United States of America,2.3,Solar,U.S. Energy Information Administration,3.51
United States of America,2.9,Hydro,U.S. Energy Information Administration,8.86
United States of America,3.2,Hydro,U.S. Energy Information Administration,7.25
United States of America,17.0,Solar,U.S. Energy Information Administration,37.85
United States of America,26.0,Hydro,U.S. Energy Information Administration,74.76
United States of America,5.0,Hydro,U.S. Energy Information Administration,17.55
United States of America,50.4,Wind,U.S. Energy Information Administration,176.18
United States of America,1.4,Hydro,U.S. Energy Information Administration,2.92
United States of America,350.0,Hydro,U.S. Energy Information Administration,875.41
United States of America,1.7,Hydro,U.S. Energy Information Administration,4.54
United States of America,70.0,Hydro,U.S. Energy Information Administration,247.03
United States of America,3.1,Hydro,U.S. Energy Information Administration,6.44
United States of America,1.3,Solar,U.S. Energy Information Administration,2.76
United States of America,5.0,Solar,U.S. Energy Information Administration,8.06
United States of America,99.0,Wind,U.S. Energy Information Administration,363.37
United States of America,2.8,Solar,U.S. Energy Information Administration,4.1
United States of America,11.6,Hydro,U.S. Energy Information Administration,51.08
United States of America,53.0,Wind,U.S. Energy Information Administration,147.4
United States of America,73.8,Hydro,U.S. Energy Information Administration,259.73
United States of America,70.0,Wind,U.S. Energy Information Administration,234.71
United States of America,40.0,Wind,U.S. Energy Information Administration,165.87
United States of America,3.0,Hydro,U.S. Energy Information Administration,6.7
United States of America,227.0,Wind,U.S. Energy Information Administration,899.66
United States of America,21.0,Wind,U.S. Energy Information Administration,67.85
United States of America,8.9,Hydro,U.S. Energy Information Administration,38.35
United States of America,1.0,Solar,U.S. Energy Information Administration,2.09
United States of America,28.0,Hydro,U.S. Energy Information Administration,104.47
United States of America,1.0,Hydro,U.S. Energy Information Administration,4.36
United States of America,66.0,Wind,U.S. Energy Information Administration,212.97
United States of America,2.3,Hydro,U.S. Energy Information Administration,9.0
United States of America,1.6,Wind,U.S. Energy Information Administration,6.22
United States of America,59.0,Hydro,U.S. Energy Information Administration,216.28
United States of America,7.5,Hydro,U.S. Energy Information Administration,26.87
United States of America,43.2,Hydro,U.S. Energy Information Administration,126.24
United States of America,84.6,Hydro,U.S. Energy Information Administration,274.28
United States of America,30.0,Hydro,U.S. Energy Information Administration,95.38
United States of America,1.9,Solar,U.S. Energy Information Administration,3.07
United States of America,1.3,Solar,U.S. Energy Information Administration,1.99
United States of America,3.3,Solar,U.S. Energy Information Administration,6.11
United States of America,1.1,Solar,U.S. Energy Information Administration,1.82
United States of America,7.8,Wind,U.S. Energy Information Administration,28.66
United States of America,10.5,Hydro,U.S. Energy Information Administration,33.58
United States of America,54.0,Hydro,U.S. Energy Information Administration,202.37
United States of America,6.5,Hydro,U.S. Energy Information Administration,30.04
United States of America,102.6,Hydro,U.S. Energy Information Administration,406.99
United States of America,1.9,Hydro,U.S. Energy Information Administration,6.39
United States of America,1.0,Hydro,U.S. Energy Information Administration,3.3
United States of America,1.0,Hydro,U.S. Energy Information Administration,2.92
United States of America,160.8,Hydro,U.S. Energy Information Administration,661.32
United States of America,2.0,Solar,U.S. Energy Information Administration,3.11
United States of America,1.6,Solar,U.S. Energy Information Administration,2.57
United States of America,4.8,Hydro,U.S. Energy Information Administration,12.89
United States of America,254.8,Hydro,U.S. Energy Information Administration,873.33
United States of America,99.0,Wind,U.S. Energy Information Administration,374.12
United States of America,3.6,Hydro,U.S. Energy Information Administration,14.03
United States of America,18.4,Hydro,U.S. Energy Information Administration,47.95
United States of America,25.0,Solar,U.S. Energy Information Administration,47.26
United States of America,20.0,Wind,U.S. Energy Information Administration,85.91
United States of America,2.0,Hydro,U.S. Energy Information Administration,7.56
United States of America,45.0,Hydro,U.S. Energy Information Administration,103.11
United States of America,20.0,Hydro,U.S. Energy Information Administration,48.48
United States of America,4.8,Hydro,U.S. Energy Information Administration,12.93
United States of America,5.5,Hydro,U.S. Energy Information Administration,11.93
United States of America,6.5,Hydro,U.S. Energy Information Administration,29.45
United States of America,4.8,Hydro,U.S. Energy Information Administration,15.24
United States of America,17.5,Hydro,U.S. Energy Information Administration,58.04
United States of America,12.0,Hydro,U.S. Energy Information Administration,55.09
United States of America,68.0,Hydro,U.S. Energy Information Administration,187.3
United States of America,12.3,Hydro,U.S. Energy Information Administration,62.67
United States of America,1.9,Wind,U.S. Energy Information Administration,4.77
United States of America,9.0,Solar,U.S. Energy Information Administration,18.9
United States of America,132.0,Wind,U.S. Energy Information Administration,503.13
United States of America,101.6,Hydro,U.S. Energy Information Administration,277.7
United States of America,1.9,Solar,U.S. Energy Information Administration,2.82
United States of America,3.0,Solar,U.S. Energy Information Administration,6.24
United States of America,8.6,Hydro,U.S. Energy Information Administration,29.89
United States of America,167.7,Wind,U.S. Energy Information Administration,559.11
United States of America,100.0,Hydro,U.S. Energy Information Administration,294.9
United States of America,276.2,Hydro,U.S. Energy Information Administration,657.37
United States of America,3.0,Hydro,U.S. Energy Information Administration,9.71
United States of America,15.0,Hydro,U.S. Energy Information Administration,59.48
United States of America,4.2,Hydro,U.S. Energy Information Administration,18.63
United States of America,182.4,Hydro,U.S. Energy Information Administration,572.85
United States of America,18.0,Wind,U.S. Energy Information Administration,51.86
United States of America,1.2,Hydro,U.S. Energy Information Administration,5.21
United States of America,29.7,Hydro,U.S. Energy Information Administration,86.5
United States of America,30.0,Wind,U.S. Energy Information Administration,97.37
United States of America,4.8,Hydro,U.S. Energy Information Administration,10.34
United States of America,7.3,Wind,U.S. Energy Information Administration,9.47
United States of America,5.5,Wind,U.S. Energy Information Administration,6.51
United States of America,11.7,Wind,U.S. Energy Information Administration,21.87
United States of America,27.1,Wind,U.S. Energy Information Administration,67.4
United States of America,1.8,Hydro,U.S. Energy Information Administration,7.06
United States of America,45.0,Wind,U.S. Energy Information Administration,136.19
United States of America,17.4,Wind,U.S. Energy Information Administration,30.66
United States of America,1.0,Solar,U.S. Energy Information Administration,2.02
United States of America,156.8,Hydro,U.S. Energy Information Administration,367.14
United States of America,28.2,Hydro,U.S. Energy Information Administration,77.54
United States of America,4.0,Solar,U.S. Energy Information Administration,6.52
United States of America,3.0,Hydro,U.S. Energy Information Administration,12.25
United States of America,5.0,Hydro,U.S. Energy Information Administration,21.96
United States of America,5.0,Hydro,U.S. Energy Information Administration,15.84
United States of America,4.4,Hydro,U.S. Energy Information Administration,17.95
United States of America,170.8,Hydro,U.S. Energy Information Administration,443.96
United States of America,72.0,Hydro,U.S. Energy Information Administration,210.56
United States of America,1.0,Solar,U.S. Energy Information Administration,1.41
United States of America,7.5,Hydro,U.S. Energy Information Administration,25.74
United States of America,15.0,Hydro,WRI,38.85
United States of America,150.8,Hydro,U.S. Energy Information Administration,540.84
United States of America,10.0,Solar,U.S. Energy Information Administration,16.14
United States of America,4.1,Solar,U.S. Energy Information Administration,6.26
United States of America,5.7,Hydro,U.S. Energy Information Administration,11.96
United States of America,10.0,Hydro,U.S. Energy Information Administration,25.47
United States of America,2.5,Hydro,U.S. Energy Information Administration,6.8
United States of America,9.2,Hydro,U.S. Energy Information Administration,23.44
United States of America,1.6,Hydro,U.S. Energy Information Administration,4.4
United States of America,19.6,Hydro,U.S. Energy Information Administration,51.11
United States of America,2.4,Hydro,U.S. Energy Information Administration,8.78
United States of America,4.0,Hydro,U.S. Energy Information Administration,8.94
United States of America,49.2,Hydro,U.S. Energy Information Administration,140.73
United States of America,53.1,Hydro,U.S. Energy Information Administration,151.89
United States of America,63.0,Wind,U.S. Energy Information Administration,171.05
United States of America,7.2,Hydro,U.S. Energy Information Administration,29.27
United States of America,111.0,Wind,U.S. Energy Information Administration,416.98
United States of America,3.6,Hydro,U.S. Energy Information Administration,10.12
United States of America,1.0,Hydro,U.S. Energy Information Administration,3.85
United States of America,22.0,Hydro,U.S. Energy Information Administration,63.72
United States of America,27.3,Hydro,U.S. Energy Information Administration,78.5
United States of America,37.5,Wind,U.S. Energy Information Administration,110.1
United States of America,8.0,Wind,U.S. Energy Information Administration,14.67
United States of America,465.0,Hydro,U.S. Energy Information Administration,1046.26
United States of America,22.0,Hydro,U.S. Energy Information Administration,81.04
United States of America,1.1,Solar,U.S. Energy Information Administration,2.19
United States of America,15.5,Wind,U.S. Energy Information Administration,30.0
United States of America,1.0,Hydro,U.S. Energy Information Administration,2.84
United States of America,1.0,Solar,U.S. Energy Information Administration,1.58
United States of America,1.3,Solar,U.S. Energy Information Administration,1.93
United States of America,6.0,Hydro,U.S. Energy Information Administration,24.18
United States of America,9.6,Hydro,U.S. Energy Information Administration,42.43
United States of America,2.8,Hydro,U.S. Energy Information Administration,9.73
United States of America,2.2,Hydro,U.S. Energy Information Administration,8.64
United States of America,2.4,Hydro,U.S. Energy Information Administration,6.45
United States of America,4.0,Hydro,U.S. Energy Information Administration,17.82
United States of America,1.2,Hydro,U.S. Energy Information Administration,2.67
United States of America,3.2,Hydro,U.S. Energy Information Administration,11.86
United States of America,3.0,Wind,U.S. Energy Information Administration,4.11
United States of America,1.9,Solar,U.S. Energy Information Administration,2.14
United States of America,6.4,Hydro,U.S. Energy Information Administration,21.27
United States of America,10.4,Wind,U.S. Energy Information Administration,32.21
United States of America,4.4,Hydro,U.S. Energy Information Administration,13.5
United States of America,200.1,Wind,U.S. Energy Information Administration,805.9
United States of America,100.5,Wind,U.S. Energy Information Administration,300.72
United States of America,4.8,Hydro,U.S. Energy Information Administration,16.31
United States of America,41.8,Hydro,U.S. Energy Information Administration,219.27
United States of America,20.0,Wind,U.S. Energy Information Administration,58.41
United States of America,644.1,Hydro,U.S. Energy Information Administration,1834.92
United States of America,3.0,Solar,U.S. Energy Information Administration,6.05
United States of America,2.5,Hydro,U.S. Energy Information Administration,10.56
United States of America,3.0,Hydro,U.S. Energy Information Administration,11.62
United States of America,44.4,Hydro,U.S. Energy Information Administration,162.38
United States of America,20.0,Hydro,U.S. Energy Information Administration,63.83
United States of America,2.6,Hydro,U.S. Energy Information Administration,9.9
United States of America,8.0,Hydro,U.S. Energy Information Administration,20.21
United States of America,121.9,Wind,U.S. Energy Information Administration,446.94
United States of America,102.5,Hydro,U.S. Energy Information Administration,345.73
United States of America,22.8,Hydro,U.S. Energy Information Administration,72.22
United States of America,27.9,Hydro,U.S. Energy Information Administration,93.06
United States of America,198.1,Wind,U.S. Energy Information Administration,784.06
United States of America,150.0,Wind,U.S. Energy Information Administration,524.83
United States of America,40.8,Wind,U.S. Energy Information Administration,146.37
United States of America,3.4,Hydro,U.S. Energy Information Administration,11.66
United States of America,81.0,Wind,U.S. Energy Information Administration,292.38
United States of America,100.7,Wind,U.S. Energy Information Administration,275.96
United States of America,32.4,Hydro,U.S. Energy Information Administration,129.46
United States of America,8.9,Hydro,U.S. Energy Information Administration,35.39
United States of America,148.8,Wind,U.S. Energy Information Administration,563.85
United States of America,99.0,Wind,U.S. Energy Information Administration,355.05
United States of America,2.2,Hydro,U.S. Energy Information Administration,8.51
United States of America,2.5,Hydro,U.S. Energy Information Administration,7.49
United States of America,98.9,Wind,U.S. Energy Information Administration,418.12
United States of America,2.5,Wind,U.S. Energy Information Administration,6.27
United States of America,4.0,Hydro,U.S. Energy Information Administration,11.65
United States of America,3.0,Hydro,U.S. Energy Information Administration,12.78
United States of America,45.0,Hydro,U.S. Energy Information Administration,103.03
United States of America,23.9,Hydro,U.S. Energy Information Administration,69.16
United States of America,1.0,Wind,U.S. Energy Information Administration,3.57
United States of America,90.0,Hydro,U.S. Energy Information Administration,314.51
United States of America,66.1,Wind,U.S. Energy Information Administration,174.28
United States of America,94.5,Hydro,U.S. Energy Information Administration,278.44
United States of America,9.0,Solar,U.S. Energy Information Administration,14.03
United States of America,148.5,Wind,U.S. Energy Information Administration,462.72
United States of America,49.5,Wind,U.S. Energy Information Administration,157.06
United States of America,200.0,Wind,U.S. Energy Information Administration,728.5
United States of America,150.0,Wind,U.S. Energy Information Administration,511.19
United States of America,237.5,Wind,U.S. Energy Information Administration,675.9
United States of America,36.8,Wind,U.S. Energy Information Administration,109.16
United States of America,61.5,Wind,U.S. Energy Information Administration,177.59
United States of America,50.6,Wind,U.S. Energy Information Administration,164.19
United States of America,48.0,Wind,U.S. Energy Information Administration,158.08
United States of America,150.0,Wind,U.S. Energy Information Administration,519.97
United States of America,122.8,Wind,U.S. Energy Information Administration,330.58
United States of America,176.9,Wind,U.S. Energy Information Administration,456.68
United States of America,1.0,Solar,U.S. Energy Information Administration,1.99
United States of America,3.5,Hydro,U.S. Energy Information Administration,11.75
United States of America,587.2,Hydro,U.S. Energy Information Administration,1688.93
United States of America,3.0,Wind,U.S. Energy Information Administration,10.5
United States of America,5.4,Wind,U.S. Energy Information Administration,15.82
United States of America,31.5,Hydro,U.S. Energy Information Administration,122.55
United States of America,2.1,Hydro,U.S. Energy Information Administration,8.25
United States of America,4.1,Hydro,U.S. Energy Information Administration,14.4
United States of America,31.4,Hydro,U.S. Energy Information Administration,113.02
United States of America,9.0,Hydro,U.S. Energy Information Administration,30.65
United States of America,9.0,Hydro,U.S. Energy Information Administration,27.5
United States of America,19.2,Hydro,U.S. Energy Information Administration,131.47
United States of America,1.1,Hydro,U.S. Energy Information Administration,3.62
United States of America,146.0,Wind,U.S. Energy Information Administration,499.22
United States of America,1.0,Solar,U.S. Energy Information Administration,1.63
United States of America,2.0,Solar,U.S. Energy Information Administration,3.07
United States of America,2.4,Solar,U.S. Energy Information Administration,3.66
United States of America,5.0,Hydro,U.S. Energy Information Administration,20.91
United States of America,7.4,Hydro,U.S. Energy Information Administration,24.4
United States of America,30.0,Wind,U.S. Energy Information Administration,94.97
United States of America,205.5,Wind,U.S. Energy Information Administration,698.4
United States of America,11.2,Hydro,U.S. Energy Information Administration,37.36
United States of America,10.0,Wind,U.S. Energy Information Administration,28.92
United States of America,18.0,Wind,U.S. Energy Information Administration,50.57
United States of America,11.0,Hydro,U.S. Energy Information Administration,39.79
United States of America,42.3,Hydro,U.S. Energy Information Administration,152.57
United States of America,6.0,Hydro,U.S. Energy Information Administration,24.19
United States of America,24.0,Hydro,U.S. Energy Information Administration,88.7
United States of America,15.0,Solar,U.S. Energy Information Administration,35.33
United States of America,22.0,Hydro,U.S. Energy Information Administration,72.27
United States of America,1.2,Hydro,U.S. Energy Information Administration,4.73
United States of America,151.8,Hydro,U.S. Energy Information Administration,481.42
United States of America,10.0,Wind,U.S. Energy Information Administration,31.26
United States of America,470.4,Wind,U.S. Energy Information Administration,1813.16
United States of America,49.7,Wind,U.S. Energy Information Administration,175.45
United States of America,50.0,Wind,U.S. Energy Information Administration,177.65
United States of America,5.0,Hydro,U.S. Energy Information Administration,16.72
United States of America,60.0,Wind,U.S. Energy Information Administration,238.7
United States of America,94.5,Hydro,U.S. Energy Information Administration,224.38
United States of America,2.0,Hydro,U.S. Energy Information Administration,6.86
United States of America,8.0,Solar,U.S. Energy Information Administration,13.26
United States of America,2.0,Hydro,U.S. Energy Information Administration,5.39
United States of America,5.4,Hydro,U.S. Energy Information Administration,17.7
United States of America,1.9,Wind,U.S. Energy Information Administration,5.51
United States of America,43.5,Wind,U.S. Energy Information Administration,146.72
United States of America,198.6,Hydro,U.S. Energy Information Administration,542.09
United States of America,12.0,Hydro,U.S. Energy Information Administration,43.89
United States of America,3.0,Hydro,U.S. Energy Information Administration,6.86
United States of America,254.7,Hydro,U.S. Energy Information Administration,867.19
United States of America,1.6,Wind,U.S. Energy Information Administration,6.0
United States of America,10.0,Hydro,U.S. Energy Information Administration,34.76
United States of America,41.4,Wind,U.S. Energy Information Administration,112.04
United States of America,1.8,Wind,U.S. Energy Information Administration,4.63
United States of America,24.8,Wind,U.S. Energy Information Administration,65.47
United States of America,16.8,Wind,U.S. Energy Information Administration,42.11
United States of America,10.1,Hydro,U.S. Energy Information Administration,25.22
United States of America,9.0,Hydro,U.S. Energy Information Administration,23.15
United States of America,3.1,Hydro,U.S. Energy Information Administration,8.78
United States of America,41.9,Hydro,U.S. Energy Information Administration,123.25
United States of America,1.2,Hydro,U.S. Energy Information Administration,3.45
United States of America,124.2,Wind,U.S. Energy Information Administration,384.53
United States of America,3.4,Hydro,U.S. Energy Information Administration,11.48
United States of America,14.5,Hydro,U.S. Energy Information Administration,37.79
United States of America,44.8,Hydro,U.S. Energy Information Administration,197.93
United States of America,153.3,Hydro,U.S. Energy Information Administration,670.53
United States of America,59.4,Hydro,U.S. Energy Information Administration,209.28
United States of America,179.7,Hydro,U.S. Energy Information Administration,700.95
United States of America,320.0,Hydro,U.S. Energy Information Administration,974.67
United States of America,129.0,Wind,U.S. Energy Information Administration,406.34
United States of America,29.4,Wind,U.S. Energy Information Administration,96.79
United States of America,10.5,Wind,U.S. Energy Information Administration,28.61
United States of America,20.0,Hydro,U.S. Energy Information Administration,80.13
United States of America,1.0,Wind,U.S. Energy Information Administration,2.07
United States of America,2.0,Wind,U.S. Energy Information Administration,5.17
United States of America,1.0,Wind,U.S. Energy Information Administration,3.69
United States of America,10.0,Wind,U.S. Energy Information Administration,27.95
United States of America,10.0,Wind,U.S. Energy Information Administration,29.1
United States of America,2.0,Hydro,U.S. Energy Information Administration,8.26
United States of America,3.3,Hydro,U.S. Energy Information Administration,13.06
United States of America,600.3,Wind,U.S. Energy Information Administration,1654.48
United States of America,4.5,Wind,U.S. Energy Information Administration,11.99
United States of America,5.3,Hydro,U.S. Energy Information Administration,11.12
United States of America,8.2,Solar,U.S. Energy Information Administration,11.67
United States of America,2.0,Hydro,U.S. Energy Information Administration,5.22
United States of America,1.0,Hydro,U.S. Energy Information Administration,4.17
United States of America,2.0,Hydro,U.S. Energy Information Administration,7.54
United States of America,66.8,Hydro,U.S. Energy Information Administration,209.46
United States of America,1.6,Hydro,U.S. Energy Information Administration,5.34
United States of America,15.3,Hydro,U.S. Energy Information Administration,43.84
United States of America,1.3,Hydro,U.S. Energy Information Administration,4.0
United States of America,3.0,Solar,U.S. Energy Information Administration,4.67
United States of America,37.5,Hydro,U.S. Energy Information Administration,121.56
United States of America,5.4,Hydro,U.S. Energy Information Administration,22.77
United States of America,1.3,Hydro,U.S. Energy Information Administration,3.85
United States of America,1.3,Wind,U.S. Energy Information Administration,3.64
United States of America,43.0,Wind,U.S. Energy Information Administration,117.47
United States of America,5.0,Wind,U.S. Energy Information Administration,16.38
United States of America,38.9,Wind,U.S. Energy Information Administration,98.78
United States of America,2.3,Solar,U.S. Energy Information Administration,4.59
United States of America,80.0,Wind,U.S. Energy Information Administration,230.19
United States of America,2.6,Solar,U.S. Energy Information Administration,4.01
United States of America,1.6,Hydro,U.S. Energy Information Administration,4.11
United States of America,3.0,Hydro,U.S. Energy Information Administration,7.84
United States of America,1.2,Solar,U.S. Energy Information Administration,1.97
United States of America,150.0,Wind,U.S. Energy Information Administration,534.81
United States of America,1.0,Hydro,U.S. Energy Information Administration,3.28
United States of America,3.5,Hydro,U.S. Energy Information Administration,11.42
United States of America,2.9,Hydro,U.S. Energy Information Administration,7.8
United States of America,6.5,Wind,U.S. Energy Information Administration,19.66
United States of America,583.4,Hydro,U.S. Energy Information Administration,1865.35
United States of America,12.4,Hydro,U.S. Energy Information Administration,46.35
United States of America,7.2,Hydro,WRI,21.58
United States of America,5.04,Hydro,WRI,12.58
United States of America,177.6,Hydro,U.S. Energy Information Administration,556.93
United States of America,6.7,Hydro,U.S. Energy Information Administration,22.69
United States of America,4.0,Hydro,U.S. Energy Information Administration,11.92
United States of America,80.0,Hydro,U.S. Energy Information Administration,258.0
United States of America,132.3,Hydro,U.S. Energy Information Administration,449.53
United States of America,23.4,Hydro,U.S. Energy Information Administration,94.08
United States of America,1.0,Solar,U.S. Energy Information Administration,1.57
United States of America,1.2,Hydro,U.S. Energy Information Administration,2.77
United States of America,10.0,Solar,U.S. Energy Information Administration,22.07
United States of America,2.5,Solar,U.S. Energy Information Administration,5.19
United States of America,4.8,Hydro,U.S. Energy Information Administration,19.72
United States of America,162.0,Wind,U.S. Energy Information Administration,526.78
United States of America,1312.0,Hydro,U.S. Energy Information Administration,4501.99
United States of America,6.2,Hydro,U.S. Energy Information Administration,31.26
United States of America,32.6,Hydro,U.S. Energy Information Administration,129.0
United States of America,38.0,Hydro,U.S. Energy Information Administration,122.6
United States of America,165.6,Wind,U.S. Energy Information Administration,519.56
United States of America,1.5,Hydro,U.S. Energy Information Administration,5.7
United States of America,1.0,Solar,U.S. Energy Information Administration,1.56
United States of America,4.0,Hydro,U.S. Energy Information Administration,14.08
United States of America,38.6,Hydro,U.S. Energy Information Administration,134.82
United States of America,149.6,Wind,U.S. Energy Information Administration,493.04
United States of America,78.2,Wind,U.S. Energy Information Administration,304.71
United States of America,1.2,Solar,U.S. Energy Information Administration,2.26
United States of America,12.0,Wind,U.S. Energy Information Administration,38.53
United States of America,103.4,Wind,U.S. Energy Information Administration,261.58
United States of America,3.2,Hydro,U.S. Energy Information Administration,7.52
United States of America,1.4,Hydro,U.S. Energy Information Administration,4.9
United States of America,17.7,Wind,U.S. Energy Information Administration,32.58
United States of America,207.3,Hydro,U.S. Energy Information Administration,651.05
United States of America,3.0,Hydro,U.S. Energy Information Administration,10.86
United States of America,2.2,Hydro,U.S. Energy Information Administration,9.52
United States of America,124.5,Wind,U.S. Energy Information Administration,348.98
United States of America,2.0,Hydro,U.S. Energy Information Administration,7.77
United States of America,33.0,Hydro,U.S. Energy Information Administration,106.44
United States of America,18.0,Hydro,U.S. Energy Information Administration,45.51
United States of America,10.0,Hydro,U.S. Energy Information Administration,43.08
United States of America,1.2,Hydro,U.S. Energy Information Administration,3.86
United States of America,6809.0,Hydro,U.S. Energy Information Administration,28430.08
United States of America,100.5,Wind,U.S. Energy Information Administration,354.7
United States of America,7.5,Hydro,U.S. Energy Information Administration,29.26
United States of America,20.0,Solar,U.S. Energy Information Administration,28.89
United States of America,210.0,Wind,U.S. Energy Information Administration,610.22
United States of America,1.5,Hydro,U.S. Energy Information Administration,11.42
United States of America,17.2,Hydro,U.S. Energy Information Administration,67.5
United States of America,2.0,Hydro,U.S. Energy Information Administration,5.91
United States of America,1.3,Hydro,U.S. Energy Information Administration,3.34
United States of America,99.0,Wind,U.S. Energy Information Administration,360.95
United States of America,54.0,Hydro,U.S. Energy Information Administration,107.66
United States of America,1.2,Hydro,U.S. Energy Information Administration,3.48
United States of America,20.0,Wind,U.S. Energy Information Administration,72.14
United States of America,2.5,Solar,U.S. Energy Information Administration,3.92
United States of America,110.4,Wind,U.S. Energy Information Administration,391.63
United States of America,102.0,Wind,U.S. Energy Information Administration,364.03
United States of America,112.0,Wind,U.S. Energy Information Administration,314.39
United States of America,12.0,Hydro,U.S. Energy Information Administration,55.62
United States of America,33.7,Hydro,U.S. Energy Information Administration,108.92
United States of America,1.9,Hydro,U.S. Energy Information Administration,6.85
United States of America,12.3,Hydro,U.S. Energy Information Administration,33.98
United States of America,138.0,Hydro,U.S. Energy Information Administration,343.9
United States of America,114.0,Wind,U.S. Energy Information Administration,380.32
United States of America,19.0,Solar,U.S. Energy Information Administration,42.9
United States of America,3.0,Solar,U.S. Energy Information Administration,6.36
United States of America,1.0,Solar,U.S. Energy Information Administration,2.12
United States of America,6.0,Hydro,U.S. Energy Information Administration,27.91
United States of America,18.6,Hydro,U.S. Energy Information Administration,55.72
United States of America,26.0,Hydro,U.S. Energy Information Administration,84.99
United States of America,80.0,Hydro,U.S. Energy Information Administration,212.9
United States of America,16.5,Wind,U.S. Energy Information Administration,29.14
United States of America,17.2,Hydro,U.S. Energy Information Administration,44.98
United States of America,12.5,Wind,U.S. Energy Information Administration,47.28
United States of America,70.2,Hydro,U.S. Energy Information Administration,282.6
United States of America,96.0,Hydro,U.S. Energy Information Administration,309.82
United States of America,1.0,Hydro,U.S. Energy Information Administration,2.14
United States of America,3.5,Hydro,U.S. Energy Information Administration,9.03
United States of America,22.0,Hydro,U.S. Energy Information Administration,81.3
United States of America,7.8,Hydro,U.S. Energy Information Administration,21.26
United States of America,6.4,Hydro,U.S. Energy Information Administration,21.45
United States of America,19.2,Hydro,U.S. Energy Information Administration,89.63
United States of America,115.2,Hydro,U.S. Energy Information Administration,512.3
United States of America,2.4,Hydro,U.S. Energy Information Administration,7.81
United States of America,111.8,Hydro,U.S. Energy Information Administration,331.29
United States of America,72.9,Hydro,U.S. Energy Information Administration,265.01
United States of America,135.0,Hydro,U.S. Energy Information Administration,284.67
United States of America,165.6,Wind,U.S. Energy Information Administration,571.56
United States of America,33.4,Hydro,U.S. Energy Information Administration,120.89
United States of America,1.4,Hydro,U.S. Energy Information Administration,5.31
United States of America,5.6,Hydro,U.S. Energy Information Administration,11.67
United States of America,1.6,Hydro,U.S. Energy Information Administration,4.81
United States of America,1.6,Solar,U.S. Energy Information Administration,2.41
United States of America,13.6,Hydro,U.S. Energy Information Administration,35.32
United States of America,5.3,Hydro,U.S. Energy Information Administration,17.29
United States of America,2.2,Hydro,U.S. Energy Information Administration,7.62
United States of America,7.5,Solar,U.S. Energy Information Administration,12.02
United States of America,3.4,Hydro,U.S. Energy Information Administration,12.02
United States of America,98.0,Wind,U.S. Energy Information Administration,268.8
United States of America,7.2,Hydro,U.S. Energy Information Administration,35.46
United States of America,29.4,Wind,U.S. Energy Information Administration,101.55
United States of America,1.7,Wind,U.S. Energy Information Administration,4.6
United States of America,9.0,Wind,U.S. Energy Information Administration,32.1
United States of America,14.7,Wind,U.S. Energy Information Administration,45.55
United States of America,74.0,Wind,U.S. Energy Information Administration,232.93
United States of America,31.5,Hydro,U.S. Energy Information Administration,108.88
United States of America,1.5,Solar,U.S. Energy Information Administration,2.38
United States of America,33.6,Hydro,U.S. Energy Information Administration,96.09
United States of America,135.0,Hydro,U.S. Energy Information Administration,411.33
United States of America,76.4,Hydro,U.S. Energy Information Administration,276.57
United States of America,161.4,Hydro,U.S. Energy Information Administration,543.32
United States of America,420.0,Hydro,U.S. Energy Information Administration,1184.84
United States of America,1.0,Solar,U.S. Energy Information Administration,1.42
United States of America,52.8,Wind,U.S. Energy Information Administration,173.87
United States of America,59.4,Wind,U.S. Energy Information Administration,239.35
United States of America,98.9,Wind,U.S. Energy Information Administration,286.21
United States of America,4.4,Hydro,U.S. Energy Information Administration,19.23
United States of America,10.0,Hydro,U.S. Energy Information Administration,34.05
United States of America,1.7,Hydro,U.S. Energy Information Administration,6.42
United States of America,5.0,Solar,U.S. Energy Information Administration,10.78
United States of America,6.8,Hydro,U.S. Energy Information Administration,24.56
United States of America,101.2,Wind,U.S. Energy Information Administration,314.14
United States of America,17.7,Hydro,U.S. Energy Information Administration,60.69
United States of America,1.0,Solar,U.S. Energy Information Administration,1.22
United States of America,1.5,Hydro,U.S. Energy Information Administration,3.92
United States of America,10.6,Wind,U.S. Energy Information Administration,25.49
United States of America,42.0,Wind,U.S. Energy Information Administration,120.95
United States of America,35.0,Wind,U.S. Energy Information Administration,131.84
United States of America,102.0,Hydro,U.S. Energy Information Administration,401.5
United States of America,100.8,Wind,U.S. Energy Information Administration,282.35
United States of America,10.0,Hydro,U.S. Energy Information Administration,28.95
United States of America,7.6,Hydro,U.S. Energy Information Administration,20.18
United States of America,1.2,Hydro,U.S. Energy Information Administration,2.74
United States of America,19.5,Hydro,U.S. Energy Information Administration,79.16
United States of America,5.0,Hydro,U.S. Energy Information Administration,16.95
United States of America,1.7,Wind,U.S. Energy Information Administration,4.89
United States of America,1.5,Solar,U.S. Energy Information Administration,3.04
United States of America,4.6,Solar,U.S. Energy Information Administration,4.14
United States of America,391.5,Hydro,U.S. Energy Information Administration,1305.37
United States of America,1053.0,Hydro,U.S. Energy Information Administration,2094.43
United States of America,2.4,Wind,U.S. Energy Information Administration,3.3
United States of America,1.8,Wind,U.S. Energy Information Administration,2.56
United States of America,2.8,Hydro,U.S. Energy Information Administration,10.82
United States of America,13.7,Hydro,U.S. Energy Information Administration,59.0
United States of America,5.5,Solar,U.S. Energy Information Administration,8.98
United States of America,28.0,Wind,U.S. Energy Information Administration,100.17
United States of America,1.6,Hydro,U.S. Energy Information Administration,6.34
United States of America,5.4,Hydro,U.S. Energy Information Administration,23.89
United States of America,3.0,Hydro,U.S. Energy Information Administration,12.87
United States of America,1.0,Hydro,U.S. Energy Information Administration,3.64
United States of America,1.0,Solar,U.S. Energy Information Administration,1.76
United States of America,11.9,Hydro,U.S. Energy Information Administration,51.26
United States of America,7.0,Hydro,U.S. Energy Information Administration,17.3
United States of America,15.0,Hydro,U.S. Energy Information Administration,57.32
United States of America,100.0,Wind,U.S. Energy Information Administration,297.72
United States of America,10.0,Wind,U.S. Energy Information Administration,31.54
United States of America,122.1,Wind,U.S. Energy Information Administration,379.62
United States of America,33.0,Hydro,U.S. Energy Information Administration,118.78
United States of America,112.0,Wind,U.S. Energy Information Administration,307.99
United States of America,1.4,Hydro,U.S. Energy Information Administration,4.37
United States of America,1.8,Hydro,U.S. Energy Information Administration,6.92
United States of America,198.0,Wind,U.S. Energy Information Administration,572.51
United States of America,162.0,Wind,U.S. Energy Information Administration,433.34
United States of America,11.1,Hydro,U.S. Energy Information Administration,49.23
United States of America,75.0,Wind,U.S. Energy Information Administration,266.09
United States of America,62.5,Wind,U.S. Energy Information Administration,205.52
United States of America,6.0,Hydro,U.S. Energy Information Administration,26.69
United States of America,2.0,Hydro,U.S. Energy Information Administration,5.73
United States of America,30.0,Hydro,U.S. Energy Information Administration,88.98
United States of America,1.2,Hydro,U.S. Energy Information Administration,3.39
United States of America,2.0,Wind,U.S. Energy Information Administration,6.85
United States of America,10.5,Hydro,U.S. Energy Information Administration,38.39
United States of America,165.6,Hydro,U.S. Energy Information Administration,496.85
United States of America,1.0,Solar,U.S. Energy Information Administration,1.32
United States of America,17.0,Hydro,U.S. Energy Information Administration,68.46
United States of America,3.4,Hydro,U.S. Energy Information Administration,11.41
United States of America,1.8,Hydro,U.S. Energy Information Administration,5.02
United States of America,33.9,Hydro,U.S. Energy Information Administration,131.1
United States of America,4.0,Hydro,U.S. Energy Information Administration,12.65
United States of America,46.9,Hydro,U.S. Energy Information Administration,179.18
United States of America,38.4,Hydro,U.S. Energy Information Administration,140.43
United States of America,247.3,Hydro,U.S. Energy Information Administration,759.24
United States of America,2.7,Solar,U.S. Energy Information Administration,3.62
United States of America,1.6,Hydro,U.S. Energy Information Administration,6.54
United States of America,106.0,Wind,U.S. Energy Information Administration,306.82
United States of America,1039.4,Hydro,U.S. Energy Information Administration,3439.88
United States of America,156.6,Wind,U.S. Energy Information Administration,420.84
United States of America,57.6,Wind,U.S. Energy Information Administration,191.8
United States of America,735.5,Wind,U.S. Energy Information Administration,2195.0
United States of America,129.5,Hydro,U.S. Energy Information Administration,283.93
United States of America,9.4,Hydro,U.S. Energy Information Administration,38.46
United States of America,290.0,Wind,U.S. Energy Information Administration,908.13
United States of America,9.0,Wind,U.S. Energy Information Administration,22.43
United States of America,59.5,Wind,U.S. Energy Information Administration,197.9
United States of America,44.0,Hydro,U.S. Energy Information Administration,161.29
United States of America,1.8,Wind,U.S. Energy Information Administration,3.92
United States of America,46.7,Solar,Wiki-Solar,102.85
United States of America,1.2,Hydro,U.S. Energy Information Administration,5.12
United States of America,428.0,Hydro,U.S. Energy Information Administration,1281.54
United States of America,20.0,Solar,U.S. Energy Information Administration,47.58
United States of America,22.0,Solar,U.S. Energy Information Administration,48.49
United States of America,6.6,Hydro,U.S. Energy Information Administration,16.56
United States of America,1.4,Hydro,U.S. Energy Information Administration,3.14
United States of America,15.4,Hydro,U.S. Energy Information Administration,70.36
United States of America,2.2,Hydro,U.S. Energy Information Administration,7.73
United States of America,2.8,Hydro,U.S. Energy Information Administration,7.3
United States of America,1.4,Solar,U.S. Energy Information Administration,2.72
United States of America,1.2,Solar,U.S. Energy Information Administration,2.23
United States of America,1.0,Solar,U.S. Energy Information Administration,1.81
United States of America,1.5,Solar,U.S. Energy Information Administration,2.78
United States of America,1.4,Solar,U.S. Energy Information Administration,2.16
United States of America,1.1,Solar,U.S. Energy Information Administration,1.81
United States of America,1.1,Solar,U.S. Energy Information Administration,1.85
United States of America,603.0,Hydro,U.S. Energy Information Administration,1680.7
United States of America,23.0,Solar,U.S. Energy Information Administration,53.03
United States of America,1.1,Solar,U.S. Energy Information Administration,1.94
United States of America,206.9,Wind,U.S. Energy Information Administration,663.07
United States of America,3.7,Hydro,U.S. Energy Information Administration,9.25
United States of America,2.3,Solar,U.S. Energy Information Administration,3.08
United States of America,2.9,Hydro,U.S. Energy Information Administration,8.31
United States of America,1.5,Solar,U.S. Energy Information Administration,3.02
United States of America,6.0,Hydro,U.S. Energy Information Administration,19.62
United States of America,15.0,Hydro,U.S. Energy Information Administration,38.64
United States of America,7.6,Hydro,U.S. Energy Information Administration,24.18
United States of America,1.0,Solar,U.S. Energy Information Administration,2.06
United States of America,1.0,Solar,U.S. Energy Information Administration,2.1
United States of America,14.2,Hydro,U.S. Energy Information Administration,77.79
United States of America,3.1,Hydro,U.S. Energy Information Administration,12.51
United States of America,9.2,Hydro,U.S. Energy Information Administration,42.09
United States of America,6.6,Hydro,U.S. Energy Information Administration,28.44
United States of America,2.8,Hydro,U.S. Energy Information Administration,5.93
United States of America,175.5,Wind,U.S. Energy Information Administration,553.12
United States of America,2.3,Wind,U.S. Energy Information Administration,6.05
United States of America,1.2,Hydro,U.S. Energy Information Administration,4.66
United States of America,1.0,Wind,U.S. Energy Information Administration,3.44
United States of America,10.5,Wind,U.S. Energy Information Administration,35.92
United States of America,1.6,Wind,U.S. Energy Information Administration,4.15
United States of America,18.0,Hydro,U.S. Energy Information Administration,46.75
United States of America,167.9,Wind,U.S. Energy Information Administration,719.63
United States of America,11.8,Hydro,U.S. Energy Information Administration,31.78
United States of America,4.8,Hydro,U.S. Energy Information Administration,13.66
United States of America,1.2,Hydro,U.S. Energy Information Administration,4.43
United States of America,28.0,Hydro,U.S. Energy Information Administration,91.68
United States of America,199.8,Hydro,U.S. Energy Information Administration,561.54
United States of America,361.9,Hydro,U.S. Energy Information Administration,1069.73
United States of America,43.5,Hydro,U.S. Energy Information Administration,158.22
United States of America,15.0,Solar,U.S. Energy Information Administration,29.31
United States of America,168.6,Hydro,U.S. Energy Information Administration,488.82
United States of America,3.2,Hydro,U.S. Energy Information Administration,10.28
United States of America,9.0,Hydro,U.S. Energy Information Administration,33.84
United States of America,161.6,Hydro,U.S. Energy Information Administration,378.38
United States of America,145.2,Hydro,U.S. Energy Information Administration,299.92
United States of America,50.0,Wind,U.S. Energy Information Administration,163.06
United States of America,1.7,Solar,U.S. Energy Information Administration,2.54
United States of America,21.6,Hydro,U.S. Energy Information Administration,65.3
United States of America,1.7,Solar,U.S. Energy Information Administration,2.59
United States of America,2.3,Solar,U.S. Energy Information Administration,3.5
United States of America,7.5,Wind,U.S. Energy Information Administration,20.74
United States of America,1.1,Solar,U.S. Energy Information Administration,2.22
United States of America,59.8,Hydro,U.S. Energy Information Administration,231.7
United States of America,1.5,Wind,U.S. Energy Information Administration,4.32
United States of America,774.0,Hydro,U.S. Energy Information Administration,2172.89
United States of America,98.7,Hydro,U.S. Energy Information Administration,352.18
United States of America,2160.0,Hydro,U.S. Energy Information Administration,9469.74
United States of America,296.8,Hydro,U.S. Energy Information Administration,845.1
United States of America,21.6,Hydro,U.S. Energy Information Administration,85.49
United States of America,22.5,Hydro,U.S. Energy Information Administration,88.4
United States of America,3.4,Hydro,U.S. Energy Information Administration,8.89
United States of America,4.0,Solar,U.S. Energy Information Administration,6.15
United States of America,4.0,Hydro,U.S. Energy Information Administration,13.68
United States of America,82.0,Hydro,U.S. Energy Information Administration,325.33
United States of America,10.0,Hydro,U.S. Energy Information Administration,25.42
United States of America,1.3,Solar,U.S. Energy Information Administration,1.92
United States of America,100.0,Hydro,U.S. Energy Information Administration,383.69
United States of America,4.4,Hydro,U.S. Energy Information Administration,9.25
United States of America,13.0,Hydro,U.S. Energy Information Administration,33.38
United States of America,154.4,Hydro,U.S. Energy Information Administration,292.23
United States of America,135.0,Wind,U.S. Energy Information Administration,421.6
United States of America,8.0,Wind,U.S. Energy Information Administration,32.49
United States of America,151.2,Wind,U.S. Energy Information Administration,431.18
United States of America,5.0,Hydro,U.S. Energy Information Administration,10.85
United States of America,4.0,Wind,U.S. Energy Information Administration,13.27
United States of America,80.0,Wind,U.S. Energy Information Administration,339.59
United States of America,30.0,Wind,U.S. Energy Information Administration,84.49
United States of America,31.0,Wind,U.S. Energy Information Administration,109.64
United States of America,30.0,Wind,U.S. Energy Information Administration,105.68
United States of America,1.1,Hydro,U.S. Energy Information Administration,3.22
United States of America,1.2,Hydro,U.S. Energy Information Administration,3.37
United States of America,7.0,Hydro,U.S. Energy Information Administration,19.67
United States of America,1.0,Solar,U.S. Energy Information Administration,1.73
United States of America,1.0,Solar,U.S. Energy Information Administration,1.72
United States of America,11.7,Wind,U.S. Energy Information Administration,16.26
United States of America,1.5,Wind,U.S. Energy Information Administration,4.13
United States of America,3.0,Hydro,U.S. Energy Information Administration,7.43
United States of America,4.8,Hydro,U.S. Energy Information Administration,19.14
United States of America,37.0,Hydro,U.S. Energy Information Administration,128.27
United States of America,69.0,Wind,U.S. Energy Information Administration,233.71
United States of America,2.3,Hydro,U.S. Energy Information Administration,6.91
United States of America,1.8,Hydro,U.S. Energy Information Administration,5.42
United States of America,4.8,Hydro,U.S. Energy Information Administration,12.23
United States of America,1.5,Hydro,U.S. Energy Information Administration,4.8
United States of America,151.8,Wind,U.S. Energy Information Administration,628.57
United States of America,4.9,Hydro,U.S. Energy Information Administration,18.86
United States of America,10.0,Hydro,U.S. Energy Information Administration,40.86
United States of America,1.2,Solar,U.S. Energy Information Administration,1.82
United States of America,12.4,Hydro,U.S. Energy Information Administration,47.44
United States of America,218.6,Hydro,U.S. Energy Information Administration,1192.56
United States of America,124.8,Hydro,U.S. Energy Information Administration,585.39
United States of America,157.6,Hydro,U.S. Energy Information Administration,406.87
United States of America,22.6,Hydro,U.S. Energy Information Administration,76.27
United States of America,139.5,Hydro,U.S. Energy Information Administration,421.88
United States of America,9.5,Hydro,U.S. Energy Information Administration,25.71
United States of America,26.4,Hydro,U.S. Energy Information Administration,69.92
United States of America,40.3,Hydro,U.S. Energy Information Administration,91.11
United States of America,117.0,Hydro,U.S. Energy Information Administration,369.82
United States of America,4.2,Hydro,U.S. Energy Information Administration,11.28
United States of America,70.0,Hydro,U.S. Energy Information Administration,275.94
United States of America,5.0,Solar,U.S. Energy Information Administration,7.94
United States of America,132.0,Wind,U.S. Energy Information Administration,341.65
United States of America,1.5,Hydro,U.S. Energy Information Administration,6.8
United States of America,9.7,Hydro,U.S. Energy Information Administration,49.4
United States of America,2.1,Hydro,U.S. Energy Information Administration,8.63
United States of America,2.2,Hydro,U.S. Energy Information Administration,8.68
United States of America,278.0,Wind,U.S. Energy Information Administration,664.06
United States of America,65.0,Wind,U.S. Energy Information Administration,225.51
United States of America,10.5,Wind,U.S. Energy Information Administration,32.47
United States of America,48.6,Hydro,U.S. Energy Information Administration,129.31
United States of America,7.2,Hydro,U.S. Energy Information Administration,28.16
United States of America,50.0,Hydro,U.S. Energy Information Administration,154.14
United States of America,2.0,Wind,U.S. Energy Information Administration,5.38
United States of America,2.3,Hydro,U.S. Energy Information Administration,8.16
United States of America,2.5,Wind,U.S. Energy Information Administration,8.08
United States of America,1.3,Solar,U.S. Energy Information Administration,2.77
United States of America,51.0,Wind,U.S. Energy Information Administration,155.06
United States of America,1.8,Hydro,U.S. Energy Information Administration,7.17
United States of America,24.5,Wind,U.S. Energy Information Administration,83.26
United States of America,75.0,Wind,U.S. Energy Information Administration,200.51
United States of America,297.5,Wind,U.S. Energy Information Administration,746.84
United States of America,2.4,Hydro,U.S. Energy Information Administration,9.01
United States of America,3.0,Solar,U.S. Energy Information Administration,4.64
United States of America,1.0,Solar,U.S. Energy Information Administration,1.38
United States of America,12.0,Hydro,U.S. Energy Information Administration,31.4
United States of America,36.0,Hydro,U.S. Energy Information Administration,114.89
United States of America,1.0,Hydro,U.S. Energy Information Administration,3.95
United States of America,1.3,Hydro,U.S. Energy Information Administration,5.15
United States of America,50.0,Wind,U.S. Energy Information Administration,131.41
United States of America,2.3,Solar,U.S. Energy Information Administration,1.95
United States of America,3.4,Hydro,U.S. Energy Information Administration,11.15
United States of America,2.5,Wind,U.S. Energy Information Administration,6.36
United States of America,4.5,Hydro,U.S. Energy Information Administration,14.3
United States of America,1.0,Solar,U.S. Energy Information Administration,2.19
United States of America,64.0,Hydro,U.S. Energy Information Administration,187.56
United States of America,3.8,Hydro,U.S. Energy Information Administration,11.01
United States of America,5.2,Hydro,U.S. Energy Information Administration,14.31
United States of America,1.0,Hydro,U.S. Energy Information Administration,4.08
United States of America,3.4,Hydro,U.S. Energy Information Administration,11.7
United States of America,1.8,Hydro,U.S. Energy Information Administration,5.29
United States of America,107.2,Wind,U.S. Energy Information Administration,287.14
United States of America,100.2,Wind,U.S. Energy Information Administration,280.01
United States of America,17.2,Hydro,U.S. Energy Information Administration,42.66
United States of America,14.3,Hydro,U.S. Energy Information Administration,42.84
United States of America,42.0,Hydro,U.S. Energy Information Administration,123.8
United States of America,3.6,Hydro,U.S. Energy Information Administration,8.0
United States of America,51.2,Hydro,U.S. Energy Information Administration,195.35
United States of America,4.9,Hydro,U.S. Energy Information Administration,10.55
United States of America,3.5,Hydro,U.S. Energy Information Administration,9.73
United States of America,100.8,Wind,U.S. Energy Information Administration,420.16
United States of America,205.5,Wind,U.S. Energy Information Administration,768.46
United States of America,3.5,Solar,U.S. Energy Information Administration,6.21
United States of America,2.7,Solar,U.S. Energy Information Administration,4.92
United States of America,11.2,Wind,U.S. Energy Information Administration,25.62
United States of America,10.5,Wind,U.S. Energy Information Administration,32.61
United States of America,1.2,Solar,U.S. Energy Information Administration,2.31
United States of America,1.0,Solar,U.S. Energy Information Administration,1.88
United States of America,118.5,Wind,U.S. Energy Information Administration,394.95
United States of America,40.5,Wind,U.S. Energy Information Administration,128.7
United States of America,150.0,Wind,U.S. Energy Information Administration,570.82
United States of America,1.0,Solar,U.S. Energy Information Administration,1.66
United States of America,79.9,Wind,U.S. Energy Information Administration,348.01
United States of America,5.0,Solar,U.S. Energy Information Administration,10.23
United States of America,1.7,Hydro,U.S. Energy Information Administration,5.86
United States of America,2.4,Hydro,U.S. Energy Information Administration,7.74
United States of America,70.0,Hydro,U.S. Energy Information Administration,207.33
United States of America,69.0,Wind,U.S. Energy Information Administration,237.08
United States of America,113.6,Wind,U.S. Energy Information Administration,408.14
United States of America,119.6,Wind,U.S. Energy Information Administration,441.29
United States of America,14.8,Hydro,U.S. Energy Information Administration,57.97
United States of America,177.0,Hydro,U.S. Energy Information Administration,603.52
United States of America,15.9,Hydro,U.S. Energy Information Administration,66.97
United States of America,110.4,Wind,U.S. Energy Information Administration,267.11
United States of America,201.0,Wind,U.S. Energy Information Administration,557.64
United States of America,2.0,Solar,U.S. Energy Information Administration,3.16
United States of America,1.3,Hydro,U.S. Energy Information Administration,4.54
United States of America,40.0,Hydro,U.S. Energy Information Administration,130.52
United States of America,32.0,Hydro,U.S. Energy Information Administration,106.21
United States of America,38.5,Hydro,U.S. Energy Information Administration,127.78
United States of America,24.0,Wind,U.S. Energy Information Administration,86.28
United States of America,181.0,Hydro,U.S. Energy Information Administration,527.46
United States of America,240.0,Hydro,U.S. Energy Information Administration,1261.74
United States of America,2.8,Hydro,U.S. Energy Information Administration,8.62
United States of America,525.0,Hydro,U.S. Energy Information Administration,1892.18
United States of America,8.0,Hydro,U.S. Energy Information Administration,26.89
United States of America,2.0,Wind,U.S. Energy Information Administration,5.19
United States of America,1.4,Hydro,U.S. Energy Information Administration,3.48
United States of America,2.0,Hydro,U.S. Energy Information Administration,5.23
United States of America,3.0,Wind,U.S. Energy Information Administration,6.69
United States of America,200.0,Wind,U.S. Energy Information Administration,741.7
United States of America,200.0,Wind,U.S. Energy Information Administration,737.88
United States of America,5.2,Wind,U.S. Energy Information Administration,16.27
United States of America,3.9,Wind,U.S. Energy Information Administration,12.57
United States of America,2.7,Solar,U.S. Energy Information Administration,4.12
United States of America,50.0,Wind,U.S. Energy Information Administration,145.39
United States of America,3.3,Hydro,U.S. Energy Information Administration,12.51
United States of America,4.8,Hydro,U.S. Energy Information Administration,10.68
United States of America,4.6,Hydro,U.S. Energy Information Administration,17.96
United States of America,43.2,Hydro,U.S. Energy Information Administration,149.01
United States of America,13.0,Hydro,U.S. Energy Information Administration,54.75
United States of America,810.0,Hydro,U.S. Energy Information Administration,2257.66
United States of America,10.0,Wind,U.S. Energy Information Administration,35.13
United States of America,9.0,Hydro,U.S. Energy Information Administration,35.2
United States of America,2.8,Hydro,U.S. Energy Information Administration,8.12
United States of America,1.2,Solar,U.S. Energy Information Administration,1.79
United States of America,80.0,Wind,U.S. Energy Information Administration,262.87
United States of America,14.4,Hydro,U.S. Energy Information Administration,45.43
United States of America,18.0,Hydro,U.S. Energy Information Administration,63.17
United States of America,16.0,Hydro,U.S. Energy Information Administration,47.01
United States of America,7.2,Hydro,U.S. Energy Information Administration,31.91
United States of America,26.0,Wind,U.S. Energy Information Administration,75.38
United States of America,102.0,Wind,U.S. Energy Information Administration,278.18
United States of America,5.0,Wind,U.S. Energy Information Administration,15.54
United States of America,128.1,Hydro,U.S. Energy Information Administration,438.22
United States of America,201.0,Wind,U.S. Energy Information Administration,552.42
United States of America,26.0,Solar,WRI,54.59
United States of America,14.4,Hydro,U.S. Energy Information Administration,74.7
United States of America,31.5,Solar,U.S. Energy Information Administration,51.05
United States of America,70.0,Hydro,U.S. Energy Information Administration,300.25
United States of America,3.3,Hydro,U.S. Energy Information Administration,14.04
United States of America,120.0,Hydro,U.S. Energy Information Administration,368.25
United States of America,25.8,Hydro,U.S. Energy Information Administration,93.58
United States of America,37.8,Wind,U.S. Energy Information Administration,125.72
United States of America,74.1,Hydro,U.S. Energy Information Administration,214.11
United States of America,150.0,Wind,U.S. Energy Information Administration,560.73
United States of America,1.2,Solar,U.S. Energy Information Administration,2.42
United States of America,7.0,Solar,U.S. Energy Information Administration,14.98
United States of America,49.0,Hydro,U.S. Energy Information Administration,139.49
United States of America,1.1,Hydro,U.S. Energy Information Administration,3.63
United States of America,150.0,Wind,U.S. Energy Information Administration,475.87
United States of America,100.0,Wind,U.S. Energy Information Administration,375.28
United States of America,4.0,Hydro,U.S. Energy Information Administration,16.19
United States of America,111.2,Hydro,U.S. Energy Information Administration,374.59
United States of America,1.0,Hydro,U.S. Energy Information Administration,4.29
United States of America,13.5,Hydro,U.S. Energy Information Administration,58.43
United States of America,2.4,Hydro,U.S. Energy Information Administration,8.95
United States of America,5.6,Hydro,U.S. Energy Information Administration,14.29
United States of America,3.0,Hydro,U.S. Energy Information Administration,11.17
United States of America,60.0,Hydro,U.S. Energy Information Administration,218.23
United States of America,6.7,Hydro,U.S. Energy Information Administration,25.73
United States of America,342.7,Wind,U.S. Energy Information Administration,1029.12
United States of America,2.6,Hydro,U.S. Energy Information Administration,7.64
United States of America,1.2,Hydro,U.S. Energy Information Administration,2.64
United States of America,101.2,Hydro,U.S. Energy Information Administration,332.16
United States of America,1978.8,Hydro,U.S. Energy Information Administration,5474.06
United States of America,3.0,Hydro,U.S. Energy Information Administration,7.28
United States of America,1.6,Hydro,U.S. Energy Information Administration,5.04
United States of America,1.6,Wind,U.S. Energy Information Administration,5.52
United States of America,49.5,Wind,U.S. Energy Information Administration,165.04
United States of America,5.6,Hydro,U.S. Energy Information Administration,22.27
United States of America,3.0,Hydro,U.S. Energy Information Administration,10.6
United States of America,2.0,Solar,U.S. Energy Information Administration,2.83
United States of America,4.5,Wind,U.S. Energy Information Administration,17.63
United States of America,3.0,Solar,U.S. Energy Information Administration,4.39
United States of America,50.4,Wind,U.S. Energy Information Administration,165.57
United States of America,1.0,Hydro,U.S. Energy Information Administration,4.0
United States of America,3.5,Solar,U.S. Energy Information Administration,6.99
United States of America,1.0,Solar,U.S. Energy Information Administration,2.13
United States of America,8.8,Hydro,U.S. Energy Information Administration,30.79
United States of America,11.5,Wind,U.S. Energy Information Administration,27.43
United States of America,9.0,Hydro,U.S. Energy Information Administration,31.83
United States of America,203.0,Wind,U.S. Energy Information Administration,758.29
United States of America,6.0,Hydro,U.S. Energy Information Administration,17.37
United States of America,26.8,Hydro,U.S. Energy Information Administration,77.06
United States of America,79.5,Wind,U.S. Energy Information Administration,296.55
United States of America,79.6,Wind,U.S. Energy Information Administration,352.78
United States of America,190.0,Hydro,U.S. Energy Information Administration,540.41
United States of America,3.5,Solar,U.S. Energy Information Administration,5.43
United States of America,5.6,Hydro,U.S. Energy Information Administration,14.89
United States of America,322.0,Wind,U.S. Energy Information Administration,861.71
United States of America,2.4,Solar,U.S. Energy Information Administration,3.65
United States of America,39.6,Hydro,U.S. Energy Information Administration,79.3
United States of America,215.0,Wind,U.S. Energy Information Administration,685.47
United States of America,1.2,Hydro,U.S. Energy Information Administration,3.44
United States of America,210.6,Wind,U.S. Energy Information Administration,571.04
United States of America,128.4,Hydro,U.S. Energy Information Administration,446.28
United States of America,69.1,Hydro,U.S. Energy Information Administration,273.02
United States of America,1.0,Solar,U.S. Energy Information Administration,1.52
United States of America,42.0,Wind,U.S. Energy Information Administration,131.13
United States of America,1.6,Hydro,U.S. Energy Information Administration,5.1
United States of America,108.0,Hydro,U.S. Energy Information Administration,298.64
United States of America,2.1,Wind,U.S. Energy Information Administration,6.37
United States of America,4.2,Wind,U.S. Energy Information Administration,12.59
United States of America,5.0,Hydro,U.S. Energy Information Administration,16.34
United States of America,210.6,Hydro,U.S. Energy Information Administration,646.35
United States of America,8.1,Hydro,U.S. Energy Information Administration,20.98
United States of America,1.5,Hydro,U.S. Energy Information Administration,3.11
United States of America,1.0,Solar,U.S. Energy Information Administration,1.37
United States of America,2.5,Solar,U.S. Energy Information Administration,3.81
United States of America,2.6,Solar,U.S. Energy Information Administration,3.88
United States of America,1.2,Solar,U.S. Energy Information Administration,1.86
United States of America,162.0,Hydro,U.S. Energy Information Administration,557.97
United States of America,150.0,Wind,U.S. Energy Information Administration,501.73
United States of America,8.0,Hydro,U.S. Energy Information Administration,26.72
United States of America,1.4,Solar,U.S. Energy Information Administration,2.13
United States of America,35.2,Wind,U.S. Energy Information Administration,103.35
United States of America,12.0,Solar,U.S. Energy Information Administration,19.83
United States of America,2.4,Solar,U.S. Energy Information Administration,3.72
United States of America,990.5,Hydro,U.S. Energy Information Administration,4704.4
United States of America,10.0,Hydro,U.S. Energy Information Administration,47.02
United States of America,1.2,Hydro,U.S. Energy Information Administration,2.81
United States of America,9.0,Hydro,U.S. Energy Information Administration,30.66
United States of America,10.4,Hydro,U.S. Energy Information Administration,47.4
United States of America,99.0,Wind,U.S. Energy Information Administration,300.88
United States of America,103.5,Wind,U.S. Energy Information Administration,304.62
United States of America,98.7,Wind,U.S. Energy Information Administration,288.5
United States of America,199.7,Wind,U.S. Energy Information Administration,574.29
United States of America,1.4,Hydro,U.S. Energy Information Administration,4.57
United States of America,4.0,Hydro,U.S. Energy Information Administration,16.65
United States of America,6.2,Wind,U.S. Energy Information Administration,14.37
United States of America,4.0,Hydro,U.S. Energy Information Administration,17.43
United States of America,105.0,Hydro,U.S. Energy Information Administration,425.56
United States of America,72.0,Hydro,U.S. Energy Information Administration,316.21
United States of America,76.2,Wind,U.S. Energy Information Administration,135.89
United States of America,1.8,Hydro,U.S. Energy Information Administration,7.46
United States of America,5.4,Hydro,U.S. Energy Information Administration,20.33
United States of America,3.4,Hydro,U.S. Energy Information Administration,11.8
United States of America,1.5,Solar,U.S. Energy Information Administration,2.32
United States of America,1.1,Solar,U.S. Energy Information Administration,1.76
United States of America,2.3,Hydro,U.S. Energy Information Administration,9.39
United States of America,136.0,Hydro,U.S. Energy Information Administration,420.88
United States of America,29.9,Wind,U.S. Energy Information Administration,40.47
United States of America,1.5,Wind,U.S. Energy Information Administration,5.49
United States of America,170.0,Solar,U.S. Energy Information Administration,364.34
United States of America,200.0,Wind,U.S. Energy Information Administration,663.18
United States of America,2.8,Hydro,U.S. Energy Information Administration,10.41
United States of America,1.6,Hydro,U.S. Energy Information Administration,5.97
United States of America,1.8,Hydro,U.S. Energy Information Administration,7.87
United States of America,1.2,Solar,U.S. Energy Information Administration,2.12
United States of America,2.4,Hydro,U.S. Energy Information Administration,10.84
United States of America,1.6,Hydro,U.S. Energy Information Administration,5.77
United States of America,30.0,Wind,U.S. Energy Information Administration,167.89
United States of America,9.6,Hydro,U.S. Energy Information Administration,32.75
United States of America,69.0,Wind,U.S. Energy Information Administration,242.48
United States of America,90.0,Wind,U.S. Energy Information Administration,377.96
United States of America,2.2,Hydro,U.S. Energy Information Administration,7.85
United States of America,122.4,Hydro,U.S. Energy Information Administration,309.34
United States of America,3.3,Hydro,U.S. Energy Information Administration,10.67
United States of America,1.5,Solar,U.S. Energy Information Administration,1.84
United States of America,3.2,Hydro,U.S. Energy Information Administration,11.52
United States of America,7.8,Hydro,U.S. Energy Information Administration,37.34
United States of America,203.5,Wind,U.S. Energy Information Administration,553.14
United States of America,102.0,Wind,U.S. Energy Information Administration,323.93
United States of America,6.0,Hydro,U.S. Energy Information Administration,23.4
United States of America,3.0,Hydro,U.S. Energy Information Administration,6.21
United States of America,3.5,Solar,U.S. Energy Information Administration,5.41
United States of America,15.0,Wind,U.S. Energy Information Administration,57.38
United States of America,101.1,Hydro,U.S. Energy Information Administration,373.3
United States of America,2.8,Hydro,U.S. Energy Information Administration,9.72
United States of America,19.5,Wind,U.S. Energy Information Administration,64.3
United States of America,59.5,Hydro,U.S. Energy Information Administration,216.81
United States of America,1.0,Hydro,U.S. Energy Information Administration,2.37
United States of America,7.4,Hydro,U.S. Energy Information Administration,25.85
United States of America,1.4,Hydro,U.S. Energy Information Administration,4.03
United States of America,99.2,Wind,U.S. Energy Information Administration,394.87
United States of America,100.8,Wind,U.S. Energy Information Administration,397.59
United States of America,3.0,Hydro,U.S. Energy Information Administration,8.2
United States of America,27.7,Hydro,U.S. Energy Information Administration,100.86
United States of America,150.0,Wind,U.S. Energy Information Administration,559.05
United States of America,7.1,Wind,U.S. Energy Information Administration,19.95
United States of America,3.8,Wind,U.S. Energy Information Administration,11.02
United States of America,11.5,Wind,U.S. Energy Information Administration,33.62
United States of America,5.0,Hydro,U.S. Energy Information Administration,18.87
United States of America,3.0,Solar,U.S. Energy Information Administration,5.37
United States of America,1.8,Hydro,U.S. Energy Information Administration,4.9
United States of America,170.0,Hydro,U.S. Energy Information Administration,579.65
United States of America,100.0,Hydro,U.S. Energy Information Administration,300.64
United States of America,2.9,Hydro,U.S. Energy Information Administration,10.36
United States of America,5.0,Solar,U.S. Energy Information Administration,8.16
United States of America,48.0,Wind,U.S. Energy Information Administration,73.0
United States of America,40.5,Wind,U.S. Energy Information Administration,69.42
United States of America,23.5,Wind,U.S. Energy Information Administration,55.92
United States of America,29.0,Wind,U.S. Energy Information Administration,71.79
United States of America,22.5,Wind,U.S. Energy Information Administration,59.03
United States of America,32.7,Hydro,U.S. Energy Information Administration,95.78
United States of America,7.3,Hydro,U.S. Energy Information Administration,12.42
United States of America,8.4,Hydro,U.S. Energy Information Administration,27.85
United States of America,14.8,Hydro,U.S. Energy Information Administration,70.71
United States of America,1.0,Solar,U.S. Energy Information Administration,1.44
United States of America,78.2,Wind,U.S. Energy Information Administration,259.83
United States of America,30.0,Wind,U.S. Energy Information Administration,79.38
United States of America,2.6,Hydro,U.S. Energy Information Administration,9.12
United States of America,11.5,Hydro,U.S. Energy Information Administration,30.48
United States of America,1.4,Wind,U.S. Energy Information Administration,2.46
United States of America,12.6,Hydro,U.S. Energy Information Administration,46.32
United States of America,1.7,Hydro,U.S. Energy Information Administration,4.63
United States of America,49.5,Wind,U.S. Energy Information Administration,185.37
United States of America,51.0,Wind,U.S. Energy Information Administration,174.92
United States of America,1.2,Hydro,U.S. Energy Information Administration,3.59
United States of America,16.8,Hydro,U.S. Energy Information Administration,70.44
United States of America,2.0,Solar,U.S. Energy Information Administration,3.0
United States of America,63.5,Hydro,U.S. Energy Information Administration,152.6
United States of America,101.2,Wind,U.S. Energy Information Administration,421.83
United States of America,63.0,Hydro,U.S. Energy Information Administration,210.89
United States of America,173.2,Hydro,U.S. Energy Information Administration,580.77
United States of America,8.0,Hydro,U.S. Energy Information Administration,29.51
United States of America,300.0,Hydro,U.S. Energy Information Administration,881.6
United States of America,2.1,Hydro,U.S. Energy Information Administration,9.09
United States of America,200.0,Hydro,U.S. Energy Information Administration,506.95
United States of America,13.7,Solar,U.S. Energy Information Administration,22.32
United States of America,21.0,Wind,U.S. Energy Information Administration,66.7
United States of America,60.0,Hydro,U.S. Energy Information Administration,214.09
United States of America,64.8,Wind,U.S. Energy Information Administration,227.84
United States of America,22.4,Wind,U.S. Energy Information Administration,75.83
United States of America,49.0,Wind,U.S. Energy Information Administration,163.11
United States of America,80.0,Wind,U.S. Energy Information Administration,226.38
United States of America,61.0,Wind,U.S. Energy Information Administration,175.43
United States of America,66.0,Wind,U.S. Energy Information Administration,193.87
United States of America,98.9,Wind,U.S. Energy Information Administration,324.66
United States of America,3.9,Hydro,U.S. Energy Information Administration,14.81
United States of America,3.4,Wind,U.S. Energy Information Administration,10.7
United States of America,29.9,Hydro,U.S. Energy Information Administration,87.72
United States of America,1072.0,Hydro,U.S. Energy Information Administration,3336.8
United States of America,34.5,Wind,U.S. Energy Information Administration,91.84
United States of America,3.6,Hydro,U.S. Energy Information Administration,8.3
United States of America,45.4,Hydro,U.S. Energy Information Administration,177.49
United States of America,150.0,Wind,U.S. Energy Information Administration,475.55
United States of America,12.0,Hydro,U.S. Energy Information Administration,30.51
United States of America,4.5,Wind,U.S. Energy Information Administration,12.48
United States of America,1.0,Solar,U.S. Energy Information Administration,1.48
United States of America,10.0,Solar,U.S. Energy Information Administration,16.86
United States of America,2.5,Solar,U.S. Energy Information Administration,3.77
United States of America,1.5,Wind,U.S. Energy Information Administration,4.42
United States of America,82.5,Wind,U.S. Energy Information Administration,230.03
United States of America,4.4,Hydro,U.S. Energy Information Administration,9.64
United States of America,4.8,Hydro,U.S. Energy Information Administration,16.05
United States of America,43.2,Hydro,U.S. Energy Information Administration,117.69
United States of America,8.0,Solar,U.S. Energy Information Administration,10.39
United States of America,25.5,Hydro,U.S. Energy Information Administration,61.35
United States of America,108.8,Hydro,U.S. Energy Information Administration,401.83
United States of America,46.7,Hydro,U.S. Energy Information Administration,151.52
United States of America,10.2,Hydro,U.S. Energy Information Administration,38.35
United States of America,106.5,Wind,U.S. Energy Information Administration,353.69
United States of America,103.5,Wind,U.S. Energy Information Administration,384.34
United States of America,30.0,Hydro,U.S. Energy Information Administration,92.07
United States of America,11.1,Solar,U.S. Energy Information Administration,24.91
United States of America,4.4,Hydro,U.S. Energy Information Administration,15.91
United States of America,264.0,Wind,U.S. Energy Information Administration,774.72
United States of America,14.0,Solar,U.S. Energy Information Administration,25.24
United States of America,1.2,Hydro,U.S. Energy Information Administration,4.16
United States of America,1.1,Solar,U.S. Energy Information Administration,1.7
United States of America,75.7,Solar,U.S. Energy Information Administration,134.22
United States of America,25.0,Hydro,U.S. Energy Information Administration,55.61
United States of America,8.2,Hydro,U.S. Energy Information Administration,33.9
United States of America,100.0,Wind,U.S. Energy Information Administration,407.29
United States of America,3.0,Hydro,U.S. Energy Information Administration,6.4
United States of America,4.0,Hydro,U.S. Energy Information Administration,14.07
United States of America,37.4,Hydro,U.S. Energy Information Administration,154.75
United States of America,300.0,Hydro,U.S. Energy Information Administration,617.33
United States of America,204.0,Wind,U.S. Energy Information Administration,562.82
United States of America,11.4,Hydro,U.S. Energy Information Administration,50.2
United States of America,12.7,Hydro,U.S. Energy Information Administration,41.19
United States of America,1.4,Hydro,U.S. Energy Information Administration,5.13
United States of America,2.3,Hydro,U.S. Energy Information Administration,8.73
United States of America,4.0,Hydro,U.S. Energy Information Administration,14.77
United States of America,1.7,Hydro,U.S. Energy Information Administration,6.73
United States of America,1.4,Hydro,U.S. Energy Information Administration,4.41
United States of America,3.6,Hydro,U.S. Energy Information Administration,7.67
United States of America,3.0,Hydro,U.S. Energy Information Administration,8.97
United States of America,103.9,Hydro,U.S. Energy Information Administration,471.53
United States of America,1.5,Solar,U.S. Energy Information Administration,3.31
United States of America,13.4,Hydro,U.S. Energy Information Administration,52.7
United States of America,95.9,Wind,U.S. Energy Information Administration,271.36
United States of America,37.6,Hydro,U.S. Energy Information Administration,146.55
United States of America,1.2,Hydro,U.S. Energy Information Administration,4.96
United States of America,97.5,Wind,U.S. Energy Information Administration,278.27
United States of America,100.5,Wind,U.S. Energy Information Administration,282.49
United States of America,106.5,Wind,U.S. Energy Information Administration,301.82
United States of America,100.5,Wind,U.S. Energy Information Administration,294.62
United States of America,81.0,Wind,U.S. Energy Information Administration,232.69
United States of America,1.5,Wind,U.S. Energy Information Administration,4.17
United States of America,126.0,Wind,U.S. Energy Information Administration,334.06
United States of America,201.0,Wind,U.S. Energy Information Administration,752.72
United States of America,2.4,Hydro,U.S. Energy Information Administration,7.71
United States of America,1.5,Hydro,U.S. Energy Information Administration,5.74
United States of America,5.0,Hydro,U.S. Energy Information Administration,21.61
United States of America,80.4,Hydro,U.S. Energy Information Administration,281.78
United States of America,1.2,Hydro,U.S. Energy Information Administration,2.68
United States of America,131.4,Hydro,U.S. Energy Information Administration,458.87
United States of America,70.0,Wind,U.S. Energy Information Administration,227.84
United States of America,40.8,Hydro,U.S. Energy Information Administration,146.86
United States of America,5.5,Hydro,U.S. Energy Information Administration,11.51
United States of America,1.3,Hydro,U.S. Energy Information Administration,2.89
United States of America,2.2,Hydro,U.S. Energy Information Administration,8.61
United States of America,29.6,Hydro,U.S. Energy Information Administration,103.39
United States of America,9.0,Hydro,U.S. Energy Information Administration,23.71
United States of America,265.0,Wind,U.S. Energy Information Administration,821.92
United States of America,2.5,Solar,U.S. Energy Information Administration,5.31
United States of America,4.0,Solar,U.S. Energy Information Administration,8.57
United States of America,26.2,Hydro,U.S. Energy Information Administration,78.2
United States of America,174.3,Wind,U.S. Energy Information Administration,506.72
United States of America,80.0,Wind,U.S. Energy Information Administration,220.38
United States of America,80.0,Wind,U.S. Energy Information Administration,267.46
United States of America,1168.0,Hydro,U.S. Energy Information Administration,2901.32
United States of America,7.3,Hydro,U.S. Energy Information Administration,25.86
United States of America,6.3,Hydro,U.S. Energy Information Administration,24.83
United States of America,4.0,Hydro,U.S. Energy Information Administration,15.76
United States of America,2.0,Hydro,U.S. Energy Information Administration,9.26
United States of America,1.0,Hydro,U.S. Energy Information Administration,2.43
United States of America,188.5,Wind,U.S. Energy Information Administration,581.96
United States of America,15.9,Hydro,U.S. Energy Information Administration,49.37
United States of America,1.7,Wind,U.S. Energy Information Administration,6.97
United States of America,569.5,Hydro,U.S. Energy Information Administration,2256.94
United States of America,5.2,Hydro,U.S. Energy Information Administration,17.86
United States of America,25.2,Hydro,U.S. Energy Information Administration,74.28
United States of America,101.2,Wind,U.S. Energy Information Administration,390.77
United States of America,786.1,Hydro,U.S. Energy Information Administration,2382.56
United States of America,34.5,Wind,U.S. Energy Information Administration,77.65
United States of America,1.4,Hydro,U.S. Energy Information Administration,5.4
United States of America,44.0,Wind,U.S. Energy Information Administration,167.59
United States of America,51.0,Hydro,U.S. Energy Information Administration,183.57
United States of America,11.8,Hydro,U.S. Energy Information Administration,41.8
United States of America,3.5,Hydro,U.S. Energy Information Administration,8.43
United States of America,59.0,Wind,U.S. Energy Information Administration,174.99
United States of America,2.0,Solar,U.S. Energy Information Administration,2.65
United States of America,19.0,Hydro,U.S. Energy Information Administration,79.38
United States of America,23.0,Hydro,U.S. Energy Information Administration,88.75
United States of America,28.8,Hydro,U.S. Energy Information Administration,106.27
United States of America,2.0,Hydro,U.S. Energy Information Administration,6.78
United States of America,1.1,Hydro,U.S. Energy Information Administration,3.74
United States of America,58.8,Wind,U.S. Energy Information Administration,207.0
United States of America,20.0,Wind,U.S. Energy Information Administration,59.51
United States of America,3.5,Hydro,U.S. Energy Information Administration,15.45
United States of America,109.6,Hydro,U.S. Energy Information Administration,480.47
United States of America,102.0,Wind,U.S. Energy Information Administration,327.75
United States of America,103.7,Hydro,U.S. Energy Information Administration,424.25
United States of America,198.0,Wind,U.S. Energy Information Administration,579.7
United States of America,60.0,Hydro,U.S. Energy Information Administration,210.01
United States of America,5.0,Hydro,U.S. Energy Information Administration,11.42
United States of America,30.0,Hydro,U.S. Energy Information Administration,105.0
United States of America,4.3,Hydro,U.S. Energy Information Administration,11.49
United States of America,13.5,Wind,U.S. Energy Information Administration,40.49
United States of America,9.9,Wind,U.S. Energy Information Administration,27.95
United States of America,3.9,Hydro,U.S. Energy Information Administration,18.2
United States of America,2.7,Hydro,U.S. Energy Information Administration,10.19
United States of America,208.0,Hydro,U.S. Energy Information Administration,742.42
United States of America,49.6,Wind,U.S. Energy Information Administration,172.39
United States of America,98.2,Wind,U.S. Energy Information Administration,366.51
United States of America,1.8,Hydro,U.S. Energy Information Administration,6.82
United States of America,6.0,Hydro,U.S. Energy Information Administration,25.06
United States of America,3.0,Hydro,U.S. Energy Information Administration,11.26
United States of America,10.2,Hydro,U.S. Energy Information Administration,47.02
United States of America,1.8,Hydro,U.S. Energy Information Administration,5.99
United States of America,3.2,Hydro,U.S. Energy Information Administration,13.52
United States of America,4.4,Solar,U.S. Energy Information Administration,7.31
United States of America,4.3,Hydro,U.S. Energy Information Administration,12.63
United States of America,6.1,Hydro,U.S. Energy Information Administration,17.59
United States of America,190.0,Hydro,U.S. Energy Information Administration,662.76
United States of America,36.0,Hydro,U.S. Energy Information Administration,129.1
United States of America,100.0,Hydro,U.S. Energy Information Administration,425.09
United States of America,16.0,Hydro,U.S. Energy Information Administration,55.68
United States of America,10.1,Solar,U.S. Energy Information Administration,14.79
United States of America,2.5,Solar,U.S. Energy Information Administration,3.9
United States of America,6.6,Hydro,U.S. Energy Information Administration,27.27
United States of America,23.7,Hydro,U.S. Energy Information Administration,68.58
United States of America,11.8,Hydro,U.S. Energy Information Administration,30.06
United States of America,3.2,Wind,U.S. Energy Information Administration,7.99
United States of America,1.7,Solar,U.S. Energy Information Administration,2.49
United States of America,2.2,Solar,U.S. Energy Information Administration,3.26
United States of America,10.0,Wind,U.S. Energy Information Administration,28.84
United States of America,9.0,Wind,U.S. Energy Information Administration,28.13
United States of America,8.3,Wind,U.S. Energy Information Administration,22.15
United States of America,1.1,Solar,U.S. Energy Information Administration,2.08
United States of America,151.7,Wind,U.S. Energy Information Administration,453.94
United States of America,27.5,Hydro,U.S. Energy Information Administration,89.29
United States of America,21.0,Wind,U.S. Energy Information Administration,67.98
United States of America,176.4,Hydro,U.S. Energy Information Administration,600.09
United States of America,1.2,Solar,U.S. Energy Information Administration,2.29
United States of America,17.6,Solar,U.S. Energy Information Administration,39.18
United States of America,142.5,Wind,U.S. Energy Information Administration,511.52
United States of America,115.5,Wind,U.S. Energy Information Administration,393.81
United States of America,199.5,Wind,U.S. Energy Information Administration,644.99
United States of America,180.0,Wind,U.S. Energy Information Administration,522.87
United States of America,200.1,Wind,U.S. Energy Information Administration,690.76
United States of America,5.0,Solar,U.S. Energy Information Administration,8.02
United States of America,23.6,Hydro,U.S. Energy Information Administration,77.6
United States of America,2.1,Hydro,U.S. Energy Information Administration,8.72
United States of America,2.7,Hydro,U.S. Energy Information Administration,10.43
United States of America,120.0,Hydro,U.S. Energy Information Administration,395.07
United States of America,1.3,Solar,U.S. Energy Information Administration,1.98
United States of America,15.0,Hydro,U.S. Energy Information Administration,55.23
United States of America,2.4,Hydro,U.S. Energy Information Administration,7.75
United States of America,283.2,Wind,U.S. Energy Information Administration,927.37
United States of America,99.0,Wind,U.S. Energy Information Administration,354.32
United States of America,21.0,Wind,U.S. Energy Information Administration,62.99
United States of America,12.0,Hydro,U.S. Energy Information Administration,40.94
United States of America,98.7,Wind,U.S. Energy Information Administration,279.62
United States of America,199.5,Wind,U.S. Energy Information Administration,566.93
United States of America,13.5,Hydro,U.S. Energy Information Administration,63.08
United States of America,109.8,Hydro,U.S. Energy Information Administration,403.17
United States of America,3.3,Hydro,U.S. Energy Information Administration,9.9
United States of America,2.0,Hydro,U.S. Energy Information Administration,6.92
United States of America,1.0,Wind,U.S. Energy Information Administration,3.36
United States of America,2.7,Hydro,U.S. Energy Information Administration,7.74
United States of America,4.6,Hydro,U.S. Energy Information Administration,12.91
United States of America,3.4,Hydro,U.S. Energy Information Administration,9.78
United States of America,201.0,Wind,U.S. Energy Information Administration,687.73
United States of America,201.6,Wind,U.S. Energy Information Administration,682.8
United States of America,3.9,Solar,U.S. Energy Information Administration,2.11
United States of America,130.1,Hydro,U.S. Energy Information Administration,454.75
United States of America,2.2,Hydro,U.S. Energy Information Administration,7.15
United States of America,1.3,Solar,U.S. Energy Information Administration,1.97
United States of America,99.2,Wind,U.S. Energy Information Administration,321.57
United States of America,7.9,Hydro,U.S. Energy Information Administration,20.67
United States of America,20.0,Hydro,U.S. Energy Information Administration,96.41
United States of America,1.8,Hydro,U.S. Energy Information Administration,6.91
United States of America,6.3,Hydro,U.S. Energy Information Administration,22.01
United States of America,3.6,Hydro,U.S. Energy Information Administration,11.25
United States of America,14.0,Hydro,U.S. Energy Information Administration,42.58
United States of America,1.6,Hydro,U.S. Energy Information Administration,4.35
United States of America,3.2,Hydro,U.S. Energy Information Administration,12.01
United States of America,1.5,Solar,U.S. Energy Information Administration,2.36
United States of America,240.0,Hydro,U.S. Energy Information Administration,1084.0
United States of America,1.0,Hydro,U.S. Energy Information Administration,3.52
United States of America,2.7,Hydro,U.S. Energy Information Administration,11.78
United States of America,1.7,Wind,U.S. Energy Information Administration,4.17
United States of America,18.0,Solar,U.S. Energy Information Administration,29.27
United States of America,10.5,Wind,U.S. Energy Information Administration,31.25
United States of America,1.6,Hydro,U.S. Energy Information Administration,6.42
United States of America,9.0,Wind,U.S. Energy Information Administration,36.93
United States of America,33.0,Hydro,U.S. Energy Information Administration,114.16
United States of America,3.2,Hydro,U.S. Energy Information Administration,9.97
United States of America,165.0,Hydro,U.S. Energy Information Administration,408.63
United States of America,135.0,Wind,U.S. Energy Information Administration,347.13
United States of America,1.8,Hydro,U.S. Energy Information Administration,5.32
United States of America,30.0,Hydro,U.S. Energy Information Administration,86.58
United States of America,55.2,Wind,U.S. Energy Information Administration,193.26
United States of America,11.1,Hydro,U.S. Energy Information Administration,29.04
United States of America,168.0,Wind,U.S. Energy Information Administration,487.84
United States of America,132.0,Wind,U.S. Energy Information Administration,343.73
United States of America,5.0,Hydro,U.S. Energy Information Administration,12.19
United States of America,300.0,Wind,U.S. Energy Information Administration,982.62
United States of America,150.4,Wind,U.S. Energy Information Administration,495.18
United States of America,69.2,Hydro,U.S. Energy Information Administration,217.83
United States of America,80.1,Hydro,U.S. Energy Information Administration,269.42
United States of America,103.4,Hydro,U.S. Energy Information Administration,356.73
United States of America,141.6,Hydro,U.S. Energy Information Administration,410.54
United States of America,79.2,Hydro,U.S. Energy Information Administration,264.08
United States of America,109.8,Hydro,U.S. Energy Information Administration,375.61
United States of America,1.1,Hydro,U.S. Energy Information Administration,4.23
United States of America,1.3,Solar,U.S. Energy Information Administration,1.95
United States of America,3.2,Hydro,U.S. Energy Information Administration,7.41
United States of America,5.0,Solar,U.S. Energy Information Administration,8.36
United States of America,80.0,Wind,U.S. Energy Information Administration,322.15
United States of America,3.0,Solar,U.S. Energy Information Administration,4.23
United States of America,142.8,Hydro,U.S. Energy Information Administration,435.1
United States of America,5.2,Hydro,U.S. Energy Information Administration,16.04
United States of America,38.2,Hydro,U.S. Energy Information Administration,87.59
United States of America,286.4,Wind,U.S. Energy Information Administration,939.95
United States of America,1.1,Hydro,U.S. Energy Information Administration,2.45
United States of America,10.5,Hydro,U.S. Energy Information Administration,46.54
United States of America,11.3,Hydro,U.S. Energy Information Administration,28.79
United States of America,6.7,Hydro,U.S. Energy Information Administration,30.97
United States of America,1.0,Hydro,U.S. Energy Information Administration,3.82
United States of America,1.5,Solar,U.S. Energy Information Administration,2.19
United States of America,10.8,Hydro,U.S. Energy Information Administration,28.29
United States of America,79.8,Wind,U.S. Energy Information Administration,269.52
United States of America,20.0,Solar,U.S. Energy Information Administration,46.39
United States of America,65.1,Wind,U.S. Energy Information Administration,196.22
United States of America,14.5,Hydro,U.S. Energy Information Administration,60.5
United States of America,200.0,Wind,U.S. Energy Information Administration,689.46
United States of America,201.0,Wind,U.S. Energy Information Administration,836.17
United States of America,84.0,Wind,U.S. Energy Information Administration,252.38
United States of America,1.3,Hydro,U.S. Energy Information Administration,4.42
United States of America,2.3,Hydro,U.S. Energy Information Administration,8.89
United States of America,9.4,Hydro,U.S. Energy Information Administration,28.24
United States of America,22.5,Wind,U.S. Energy Information Administration,74.91
United States of America,6.0,Hydro,U.S. Energy Information Administration,13.47
United States of America,33.4,Hydro,U.S. Energy Information Administration,137.09
United States of America,1.0,Hydro,U.S. Energy Information Administration,3.34
United States of America,100.6,Wind,U.S. Energy Information Administration,341.4
United States of America,115.5,Wind,U.S. Energy Information Administration,399.07
United States of America,162.0,Wind,U.S. Energy Information Administration,640.13
United States of America,3.0,Solar,U.S. Energy Information Administration,4.34
United States of America,10.8,Solar,U.S. Energy Information Administration,23.68
United States of America,2.2,Hydro,U.S. Energy Information Administration,8.65
United States of America,955.6,Hydro,U.S. Energy Information Administration,4396.01
United States of America,3.0,Wind,U.S. Energy Information Administration,10.12
United States of America,6.9,Hydro,U.S. Energy Information Administration,23.49
United States of America,1.0,Solar,U.S. Energy Information Administration,1.65
United States of America,4.0,Solar,U.S. Energy Information Administration,6.34
United States of America,3.5,Solar,U.S. Energy Information Administration,5.47
United States of America,3.5,Solar,U.S. Energy Information Administration,5.45
United States of America,19.0,Hydro,U.S. Energy Information Administration,71.07
United States of America,3.8,Hydro,U.S. Energy Information Administration,11.74
United States of America,32.0,Hydro,U.S. Energy Information Administration,87.97
United States of America,7.2,Hydro,U.S. Energy Information Administration,18.74
United States of America,1.0,Hydro,U.S. Energy Information Administration,3.48
United States of America,72.0,Wind,U.S. Energy Information Administration,209.45
United States of America,1.0,Hydro,U.S. Energy Information Administration,3.72
United States of America,23.4,Wind,WRI,83.6
United States of America,3.9,Hydro,U.S. Energy Information Administration,10.3
United States of America,3.2,Hydro,U.S. Energy Information Administration,7.54
United States of America,8.2,Hydro,U.S. Energy Information Administration,28.25
United States of America,258.9,Wind,U.S. Energy Information Administration,897.32
United States of America,3.9,Solar,U.S. Energy Information Administration,6.18
United States of America,2.3,Hydro,U.S. Energy Information Administration,6.54
United States of America,19.0,Solar,U.S. Energy Information Administration,45.23
United States of America,1.4,Hydro,U.S. Energy Information Administration,5.35
United States of America,9.4,Hydro,U.S. Energy Information Administration,24.86
United States of America,2.5,Hydro,U.S. Energy Information Administration,8.85
United States of America,115.5,Hydro,U.S. Energy Information Administration,349.0
United States of America,4.5,Solar,U.S. Energy Information Administration,8.67
United States of America,16.6,Solar,U.S. Energy Information Administration,39.03
United States of America,5.0,Solar,U.S. Energy Information Administration,10.77
United States of America,3.0,Solar,U.S. Energy Information Administration,6.12
United States of America,5.0,Solar,U.S. Energy Information Administration,10.81
United States of America,5.0,Solar,U.S. Energy Information Administration,11.01
United States of America,5.1,Solar,U.S. Energy Information Administration,9.42
United States of America,3.0,Solar,U.S. Energy Information Administration,4.75
United States of America,1.9,Solar,U.S. Energy Information Administration,2.95
United States of America,1713.6,Hydro,U.S. Energy Information Administration,6778.97
United States of America,47.4,Hydro,U.S. Energy Information Administration,199.28
United States of America,1.0,Hydro,U.S. Energy Information Administration,4.01
United States of America,5.0,Solar,U.S. Energy Information Administration,8.48
United States of America,8.0,Hydro,U.S. Energy Information Administration,23.0
United States of America,59.0,Hydro,U.S. Energy Information Administration,230.42
United States of America,2.6,Hydro,U.S. Energy Information Administration,8.88
United States of America,25.0,Hydro,U.S. Energy Information Administration,91.57
United States of America,10.0,Wind,U.S. Energy Information Administration,39.23
United States of America,79.2,Hydro,U.S. Energy Information Administration,208.1
United States of America,4.6,Hydro,U.S. Energy Information Administration,9.87
United States of America,1.0,Wind,U.S. Energy Information Administration,2.28
United States of America,6.8,Hydro,U.S. Energy Information Administration,25.89
United States of America,2.4,Hydro,U.S. Energy Information Administration,9.87
United States of America,2.0,Solar,U.S. Energy Information Administration,2.97
United States of America,2.0,Hydro,U.S. Energy Information Administration,8.74
United States of America,50.6,Wind,U.S. Energy Information Administration,176.87
United States of America,123.0,Wind,U.S. Energy Information Administration,431.58
United States of America,102.4,Wind,U.S. Energy Information Administration,348.52
United States of America,5.9,Hydro,U.S. Energy Information Administration,13.52
United States of America,3.6,Hydro,U.S. Energy Information Administration,9.0
United States of America,1.4,Hydro,U.S. Energy Information Administration,6.81
United States of America,3.4,Wind,U.S. Energy Information Administration,9.61
United States of America,5.4,Solar,U.S. Energy Information Administration,8.87
United States of America,9.0,Hydro,U.S. Energy Information Administration,34.87
United States of America,12.5,Hydro,U.S. Energy Information Administration,44.81
United States of America,25.5,Hydro,U.S. Energy Information Administration,92.97
United States of America,628.0,Hydro,U.S. Energy Information Administration,1757.64
United States of America,29.7,Wind,U.S. Energy Information Administration,80.7
United States of America,46.8,Wind,U.S. Energy Information Administration,113.92
United States of America,29.0,Wind,U.S. Energy Information Administration,44.74
United States of America,25.3,Wind,U.S. Energy Information Administration,101.69
United States of America,10.0,Solar,U.S. Energy Information Administration,18.76
United States of America,10.8,Hydro,U.S. Energy Information Administration,33.51
United States of America,14.0,Hydro,U.S. Energy Information Administration,37.44
United States of America,1.9,Hydro,U.S. Energy Information Administration,5.02
United States of America,50.0,Wind,U.S. Energy Information Administration,205.97
United States of America,18.8,Hydro,U.S. Energy Information Administration,77.41
United States of America,2.7,Solar,U.S. Energy Information Administration,4.09
United States of America,1.5,Solar,U.S. Energy Information Administration,2.41
United States of America,6.9,Hydro,U.S. Energy Information Administration,28.78
United States of America,7.5,Solar,U.S. Energy Information Administration,12.03
United States of America,20.2,Solar,U.S. Energy Information Administration,42.26
United States of America,100.0,Hydro,U.S. Energy Information Administration,346.54
United States of America,25.5,Hydro,U.S. Energy Information Administration,66.03
United States of America,8.0,Hydro,U.S. Energy Information Administration,29.33
United States of America,2429.1,Hydro,U.S. Energy Information Administration,11828.5
United States of America,912.0,Hydro,U.S. Energy Information Administration,4714.08
United States of America,1.3,Solar,U.S. Energy Information Administration,2.14
United States of America,110.0,Hydro,U.S. Energy Information Administration,450.59
United States of America,8.5,Hydro,U.S. Energy Information Administration,32.8
United States of America,3.0,Hydro,U.S. Energy Information Administration,10.64
United States of America,43.6,Hydro,U.S. Energy Information Administration,155.57
United States of America,2.6,Hydro,U.S. Energy Information Administration,9.14
United States of America,126.0,Hydro,U.S. Energy Information Administration,383.91
United States of America,2.1,Hydro,U.S. Energy Information Administration,8.3
United States of America,3.0,Hydro,U.S. Energy Information Administration,10.59
United States of America,629.4,Hydro,U.S. Energy Information Administration,2895.4
United States of America,50.0,Wind,U.S. Energy Information Administration,148.62
United States of America,2.6,Solar,U.S. Energy Information Administration,2.86
United States of America,79.2,Wind,U.S. Energy Information Administration,256.1
United States of America,1.1,Hydro,U.S. Energy Information Administration,4.48
United States of America,1.6,Hydro,U.S. Energy Information Administration,5.07
United States of America,847.8,Hydro,U.S. Energy Information Administration,2392.96
United States of America,1299.6,Hydro,U.S. Energy Information Administration,5861.62
United States of America,148.8,Wind,U.S. Energy Information Administration,557.52
United States of America,31.0,Hydro,U.S. Energy Information Administration,89.38
United States of America,3.9,Hydro,U.S. Energy Information Administration,8.75
United States of America,1.6,Wind,U.S. Energy Information Administration,5.75
United States of America,1.1,Solar,U.S. Energy Information Administration,2.33
United States of America,6.8,Hydro,U.S. Energy Information Administration,27.06
United States of America,4.3,Hydro,U.S. Energy Information Administration,12.46
United States of America,115.8,Wind,U.S. Energy Information Administration,354.55
United States of America,443.9,Wind,U.S. Energy Information Administration,1620.75
United States of America,25.8,Wind,U.S. Energy Information Administration,86.65
United States of America,12.1,Hydro,U.S. Energy Information Administration,30.82
United States of America,60.0,Wind,U.S. Energy Information Administration,215.8
United States of America,1.8,Solar,U.S. Energy Information Administration,2.41
United States of America,36.0,Hydro,U.S. Energy Information Administration,86.83
United States of America,209.0,Wind,U.S. Energy Information Administration,645.1
United States of America,450.0,Hydro,U.S. Energy Information Administration,1226.76
United States of America,10.0,Wind,U.S. Energy Information Administration,33.17
United States of America,40.0,Wind,U.S. Energy Information Administration,135.69
United States of America,372.5,Hydro,U.S. Energy Information Administration,974.33
United States of America,12.9,Hydro,U.S. Energy Information Administration,54.68
United States of America,149.0,Wind,U.S. Energy Information Administration,460.25
United States of America,44.5,Hydro,U.S. Energy Information Administration,164.37
United States of America,13.1,Hydro,U.S. Energy Information Administration,33.93
United States of America,6.1,Hydro,U.S. Energy Information Administration,14.18
United States of America,1.0,Hydro,U.S. Energy Information Administration,2.95
United States of America,52.8,Hydro,U.S. Energy Information Administration,196.83
United States of America,5.0,Hydro,WRI,12.48
United States of America,190.8,Hydro,U.S. Energy Information Administration,578.24
United States of America,8.4,Hydro,U.S. Energy Information Administration,22.3
United States of America,9.6,Hydro,U.S. Energy Information Administration,40.66
United States of America,2.0,Solar,U.S. Energy Information Administration,3.14
United States of America,1.1,Solar,U.S. Energy Information Administration,1.83
United States of America,1.1,Solar,U.S. Energy Information Administration,1.89
United States of America,34.2,Solar,U.S. Energy Information Administration,72.38
United States of America,92.0,Solar,U.S. Energy Information Administration,214.3
United States of America,35.0,Solar,U.S. Energy Information Administration,84.21
United States of America,35.0,Solar,U.S. Energy Information Administration,85.18
United States of America,92.0,Solar,U.S. Energy Information Administration,236.24
United States of America,2.0,Solar,U.S. Energy Information Administration,3.87
United States of America,2.0,Solar,U.S. Energy Information Administration,4.18
United States of America,2.9,Solar,U.S. Energy Information Administration,6.02
United States of America,17.0,Solar,U.S. Energy Information Administration,38.64
United States of America,2.9,Solar,U.S. Energy Information Administration,6.15
United States of America,10.0,Solar,U.S. Energy Information Administration,20.33
United States of America,10.0,Solar,U.S. Energy Information Administration,21.0
United States of America,10.1,Solar,U.S. Energy Information Administration,20.84
United States of America,10.1,Solar,U.S. Energy Information Administration,22.03
United States of America,1.8,Solar,U.S. Energy Information Administration,2.74
United States of America,1.0,Solar,U.S. Energy Information Administration,1.67
United States of America,417.5,Hydro,U.S. Energy Information Administration,726.3
United States of America,100.7,Wind,U.S. Energy Information Administration,161.39
United States of America,23.7,Hydro,U.S. Energy Information Administration,123.18
United States of America,259.2,Hydro,U.S. Energy Information Administration,638.7
United States of America,15.5,Solar,WRI,34.61
United States of America,1.3,Hydro,U.S. Energy Information Administration,4.87
United States of America,8.5,Hydro,U.S. Energy Information Administration,36.91
United States of America,21.0,Wind,U.S. Energy Information Administration,70.38
United States of America,1.3,Solar,U.S. Energy Information Administration,2.18
United States of America,42.0,Hydro,U.S. Energy Information Administration,120.13
United States of America,1.2,Wind,U.S. Energy Information Administration,3.62
United States of America,2.4,Hydro,U.S. Energy Information Administration,8.28
United States of America,207.3,Hydro,U.S. Energy Information Administration,621.71
United States of America,52.0,Hydro,U.S. Energy Information Administration,151.72
United States of America,1.5,Solar,U.S. Energy Information Administration,2.89
United States of America,9.9,Hydro,U.S. Energy Information Administration,26.23
United States of America,1.0,Hydro,U.S. Energy Information Administration,2.22
United States of America,27.0,Solar,WRI,59.61
United States of America,5.6,Hydro,U.S. Energy Information Administration,11.75
United States of America,65.5,Hydro,U.S. Energy Information Administration,202.01
United States of America,46.0,Hydro,U.S. Energy Information Administration,121.2
United States of America,5.0,Hydro,U.S. Energy Information Administration,10.45
United States of America,31.0,Wind,U.S. Energy Information Administration,75.85
United States of America,43.4,Wind,U.S. Energy Information Administration,118.5
United States of America,49.5,Wind,U.S. Energy Information Administration,179.15
United States of America,2.8,Hydro,U.S. Energy Information Administration,7.53
United States of America,4.0,Hydro,U.S. Energy Information Administration,9.3
United States of America,120.0,Wind,U.S. Energy Information Administration,327.56
United States of America,35.0,Solar,U.S. Energy Information Administration,78.01
United States of America,16.2,Hydro,U.S. Energy Information Administration,54.52
United States of America,90.0,Wind,U.S. Energy Information Administration,278.36
United States of America,19.0,Solar,U.S. Energy Information Administration,44.83
United States of America,9.9,Wind,U.S. Energy Information Administration,28.81
United States of America,3.8,Hydro,U.S. Energy Information Administration,10.01
United States of America,1.2,Solar,U.S. Energy Information Administration,1.89
United States of America,50.0,Wind,U.S. Energy Information Administration,179.87
United States of America,3.6,Hydro,U.S. Energy Information Administration,13.87
United States of America,1.3,Hydro,U.S. Energy Information Administration,3.07
United States of America,101.2,Wind,WRI,359.8
United States of America,45.0,Hydro,U.S. Energy Information Administration,180.93
United States of America,9.3,Hydro,U.S. Energy Information Administration,38.04
United States of America,22.4,Wind,U.S. Energy Information Administration,73.43
United States of America,1.6,Hydro,U.S. Energy Information Administration,6.38
United States of America,1.6,Hydro,U.S. Energy Information Administration,5.92
United States of America,16.0,Hydro,U.S. Energy Information Administration,53.85
United States of America,42.0,Hydro,U.S. Energy Information Administration,159.39
United States of America,4.5,Hydro,U.S. Energy Information Administration,15.44
United States of America,2.0,Hydro,U.S. Energy Information Administration,7.14
United States of America,1.5,Wind,U.S. Energy Information Administration,4.26
United States of America,2.0,Hydro,U.S. Energy Information Administration,5.74
United States of America,1.0,Hydro,U.S. Energy Information Administration,2.29
United States of America,120.0,Wind,U.S. Energy Information Administration,396.7
United States of America,130.5,Wind,U.S. Energy Information Administration,413.32
United States of America,6.8,Solar,U.S. Energy Information Administration,11.14
United States of America,1.4,Hydro,U.S. Energy Information Administration,4.76
United States of America,6.0,Wind,U.S. Energy Information Administration,12.89
United States of America,207.6,Hydro,U.S. Energy Information Administration,773.83
United States of America,51.6,Hydro,U.S. Energy Information Administration,165.06
United States of America,5.1,Hydro,U.S. Energy Information Administration,17.72
United States of America,469.0,Hydro,U.S. Energy Information Administration,1370.79
United States of America,8.5,Hydro,U.S. Energy Information Administration,22.18
United States of America,150.4,Wind,U.S. Energy Information Administration,491.29
United States of America,146.2,Wind,U.S. Energy Information Administration,444.62
United States of America,2.0,Hydro,U.S. Energy Information Administration,9.12
United States of America,109.5,Wind,U.S. Energy Information Administration,376.49
United States of America,1.3,Wind,U.S. Energy Information Administration,3.68
United States of America,5.0,Solar,U.S. Energy Information Administration,8.25
United States of America,11.8,Wind,U.S. Energy Information Administration,28.66
United States of America,714.0,Hydro,U.S. Energy Information Administration,2045.37
United States of America,2.8,Hydro,U.S. Energy Information Administration,7.61
United States of America,4.8,Hydro,U.S. Energy Information Administration,15.29
United States of America,8.8,Hydro,U.S. Energy Information Administration,39.39
United States of America,1.6,Hydro,U.S. Energy Information Administration,5.88
United States of America,40.0,Wind,U.S. Energy Information Administration,139.45
United States of America,25.2,Hydro,U.S. Energy Information Administration,94.16
United States of America,37.2,Hydro,U.S. Energy Information Administration,107.26
United States of America,150.0,Wind,U.S. Energy Information Administration,474.01
United States of America,145.0,Wind,U.S. Energy Information Administration,500.4
United States of America,7.2,Hydro,U.S. Energy Information Administration,24.01
United States of America,36.3,Hydro,U.S. Energy Information Administration,132.8
United States of America,150.0,Wind,U.S. Energy Information Administration,416.33
United States of America,102.5,Wind,U.S. Energy Information Administration,342.2
United States of America,150.0,Wind,U.S. Energy Information Administration,422.2
United States of America,20.0,Wind,U.S. Energy Information Administration,68.83
United States of America,104.0,Wind,U.S. Energy Information Administration,446.93
United States of America,14.4,Hydro,U.S. Energy Information Administration,53.68
United States of America,3.0,Hydro,U.S. Energy Information Administration,9.98
United States of America,11.5,Hydro,U.S. Energy Information Administration,49.03
United States of America,2.5,Solar,U.S. Energy Information Administration,3.35
United States of America,2.1,Hydro,U.S. Energy Information Administration,8.37
United States of America,7.5,Solar,U.S. Energy Information Administration,14.31
United States of America,1.8,Solar,U.S. Energy Information Administration,2.32
United States of America,42.0,Wind,U.S. Energy Information Administration,153.25
United States of America,60.0,Wind,U.S. Energy Information Administration,181.77
United States of America,52.0,Solar,U.S. Energy Information Administration,114.22
United States of America,2.1,Hydro,U.S. Energy Information Administration,9.3
United States of America,45.0,Hydro,U.S. Energy Information Administration,156.17
United States of America,4.4,Hydro,U.S. Energy Information Administration,9.47
United States of America,5.4,Hydro,U.S. Energy Information Administration,21.17
United States of America,2.1,Hydro,U.S. Energy Information Administration,5.55
United States of America,16.8,Hydro,U.S. Energy Information Administration,68.48
United States of America,2.7,Solar,U.S. Energy Information Administration,4.01
United States of America,76.9,Wind,U.S. Energy Information Administration,146.0
United States of America,4.2,Hydro,U.S. Energy Information Administration,13.02
United States of America,94.5,Wind,U.S. Energy Information Administration,317.62
United States of America,18.0,Hydro,U.S. Energy Information Administration,68.61
United States of America,12.1,Hydro,U.S. Energy Information Administration,31.97
United States of America,15.0,Hydro,U.S. Energy Information Administration,64.39
United States of America,38.1,Hydro,U.S. Energy Information Administration,111.73
United States of America,547.5,Hydro,U.S. Energy Information Administration,1288.01
United States of America,75.9,Hydro,U.S. Energy Information Administration,319.68
United States of America,100.8,Wind,U.S. Energy Information Administration,366.62
United States of America,148.5,Wind,U.S. Energy Information Administration,509.95
United States of America,1.2,Hydro,U.S. Energy Information Administration,2.92
United States of America,78.2,Hydro,U.S. Energy Information Administration,270.84
United States of America,12.8,Hydro,U.S. Energy Information Administration,43.8
United States of America,38.7,Hydro,U.S. Energy Information Administration,114.25
United States of America,5.0,Hydro,U.S. Energy Information Administration,17.41
United States of America,63.0,Wind,U.S. Energy Information Administration,205.31
United States of America,14.5,Hydro,U.S. Energy Information Administration,50.33
United States of America,11.0,Hydro,U.S. Energy Information Administration,42.13
United States of America,16.0,Hydro,U.S. Energy Information Administration,64.43
United States of America,228.2,Wind,U.S. Energy Information Administration,627.75
United States of America,21.0,Solar,U.S. Energy Information Administration,46.79
United States of America,1.6,Solar,U.S. Energy Information Administration,2.95
United States of America,2.5,Solar,U.S. Energy Information Administration,4.45
United States of America,2.0,Solar,U.S. Energy Information Administration,3.62
United States of America,2.0,Solar,U.S. Energy Information Administration,3.56
United States of America,5.0,Solar,U.S. Energy Information Administration,10.51
United States of America,2.0,Solar,U.S. Energy Information Administration,4.16
United States of America,1.5,Solar,U.S. Energy Information Administration,2.37
United States of America,6.5,Solar,U.S. Energy Information Administration,10.73
United States of America,12.0,Hydro,U.S. Energy Information Administration,36.17
United States of America,9.0,Wind,U.S. Energy Information Administration,30.94
United States of America,1.3,Hydro,U.S. Energy Information Administration,3.75
United States of America,6.7,Hydro,U.S. Energy Information Administration,21.31
United States of America,4.0,Hydro,U.S. Energy Information Administration,9.94
United States of America,3.5,Hydro,U.S. Energy Information Administration,11.56
United States of America,50.4,Wind,U.S. Energy Information Administration,173.73
United States of America,21.0,Hydro,U.S. Energy Information Administration,79.17
United States of America,1.4,Hydro,U.S. Energy Information Administration,1.88
United States of America,40.5,Wind,U.S. Energy Information Administration,122.81
United States of America,2.0,Hydro,U.S. Energy Information Administration,5.45
United States of America,4.0,Hydro,U.S. Energy Information Administration,14.23
United States of America,2.0,Hydro,U.S. Energy Information Administration,8.21
United States of America,16.8,Hydro,U.S. Energy Information Administration,43.64
United States of America,8.0,Hydro,U.S. Energy Information Administration,21.19
United States of America,13.8,Hydro,U.S. Energy Information Administration,61.0
United States of America,38.5,Hydro,U.S. Energy Information Administration,144.33
United States of America,290.0,Wind,U.S. Energy Information Administration,899.51
United States of America,5.0,Solar,U.S. Energy Information Administration,8.18
United States of America,101.2,Wind,U.S. Energy Information Administration,380.76
United States of America,10.0,Solar,U.S. Energy Information Administration,19.59
United States of America,3.6,Hydro,U.S. Energy Information Administration,9.52
United States of America,18.9,Wind,U.S. Energy Information Administration,31.93
United States of America,7.0,Hydro,U.S. Energy Information Administration,23.65
United States of America,3.7,Hydro,U.S. Energy Information Administration,12.8
United States of America,6.6,Hydro,U.S. Energy Information Administration,22.3
United States of America,4.0,Hydro,U.S. Energy Information Administration,12.27
United States of America,148.5,Wind,U.S. Energy Information Administration,535.1
United States of America,108.0,Wind,U.S. Energy Information Administration,464.93
United States of America,5.9,Hydro,U.S. Energy Information Administration,13.71
United States of America,56.0,Hydro,U.S. Energy Information Administration,205.28
United States of America,2.0,Hydro,U.S. Energy Information Administration,7.7
United States of America,161.0,Wind,U.S. Energy Information Administration,621.09
United States of America,4.5,Hydro,U.S. Energy Information Administration,15.26
United States of America,60.0,Wind,U.S. Energy Information Administration,176.39
United States of America,180.0,Hydro,U.S. Energy Information Administration,571.05
United States of America,6.0,Hydro,U.S. Energy Information Administration,20.3
United States of America,150.0,Wind,U.S. Energy Information Administration,510.6
United States of America,1.5,Solar,U.S. Energy Information Administration,1.99
United States of America,3.0,Wind,U.S. Energy Information Administration,12.46
United States of America,20.0,Wind,U.S. Energy Information Administration,82.3
United States of America,1.5,Hydro,U.S. Energy Information Administration,5.57
United States of America,23.2,Hydro,U.S. Energy Information Administration,88.88
United States of America,84.0,Hydro,U.S. Energy Information Administration,306.08
United States of America,1.6,Wind,U.S. Energy Information Administration,4.19
United States of America,1.0,Hydro,U.S. Energy Information Administration,2.39
United States of America,81.9,Hydro,U.S. Energy Information Administration,217.05
United States of America,120.0,Wind,U.S. Energy Information Administration,391.45
United States of America,1.1,Solar,U.S. Energy Information Administration,2.0
United States of America,98.7,Wind,U.S. Energy Information Administration,271.54
United States of America,26.0,Hydro,U.S. Energy Information Administration,91.0
United States of America,15.0,Wind,U.S. Energy Information Administration,51.77
United States of America,20.0,Wind,U.S. Energy Information Administration,58.62
United States of America,57.0,Wind,U.S. Energy Information Administration,202.14
United States of America,25.5,Wind,U.S. Energy Information Administration,79.35
United States of America,17.6,Hydro,U.S. Energy Information Administration,76.85
United States of America,1.9,Hydro,U.S. Energy Information Administration,5.44
United States of America,4.8,Hydro,U.S. Energy Information Administration,19.02
United States of America,30.5,Hydro,U.S. Energy Information Administration,91.48
United States of America,13.0,Hydro,U.S. Energy Information Administration,30.65
United States of America,38.5,Hydro,U.S. Energy Information Administration,134.36
United States of America,1.0,Hydro,U.S. Energy Information Administration,3.46
United States of America,2.4,Hydro,U.S. Energy Information Administration,9.05
United States of America,3.4,Hydro,U.S. Energy Information Administration,13.94
United States of America,1.8,Hydro,U.S. Energy Information Administration,6.8
United States of America,1.8,Hydro,U.S. Energy Information Administration,7.09
United States of America,1.4,Solar,U.S. Energy Information Administration,2.06
United States of America,52.0,Hydro,U.S. Energy Information Administration,169.23
United States of America,12.0,Hydro,U.S. Energy Information Administration,41.19
United States of America,60.0,Wind,U.S. Energy Information Administration,176.7
United States of America,52.5,Wind,U.S. Energy Information Administration,174.92
United States of America,5.0,Hydro,U.S. Energy Information Administration,11.84
United States of America,113.9,Wind,U.S. Energy Information Administration,302.92
United States of America,80.2,Wind,U.S. Energy Information Administration,211.59
United States of America,1.5,Wind,U.S. Energy Information Administration,5.33
United States of America,300.0,Wind,U.S. Energy Information Administration,832.72
United States of America,1.0,Hydro,U.S. Energy Information Administration,3.06
United States of America,20.0,Solar,U.S. Energy Information Administration,46.89
United States of America,14.4,Hydro,U.S. Energy Information Administration,43.85
United States of America,6.0,Hydro,U.S. Energy Information Administration,15.5
United States of America,2.5,Hydro,U.S. Energy Information Administration,6.52
United States of America,15.4,Hydro,U.S. Energy Information Administration,75.98
United States of America,92.0,Hydro,U.S. Energy Information Administration,272.49
United States of America,20.0,Solar,U.S. Energy Information Administration,46.86
United States of America,8.2,Solar,U.S. Energy Information Administration,13.56
United States of America,10.0,Solar,U.S. Energy Information Administration,17.8
United States of America,10.6,Solar,U.S. Energy Information Administration,22.52
United States of America,10.0,Solar,U.S. Energy Information Administration,20.98
United States of America,12.0,Solar,U.S. Energy Information Administration,26.49
United States of America,1.0,Solar,U.S. Energy Information Administration,1.85
United States of America,1.2,Solar,U.S. Energy Information Administration,1.85
United States of America,1.0,Solar,U.S. Energy Information Administration,2.0
United States of America,1.8,Solar,U.S. Energy Information Administration,2.24
United States of America,49.5,Wind,U.S. Energy Information Administration,185.65
United States of America,4.5,Solar,U.S. Energy Information Administration,8.4
United States of America,1.4,Hydro,U.S. Energy Information Administration,5.59
United States of America,25.0,Hydro,U.S. Energy Information Administration,99.64
United States of America,22.6,Hydro,U.S. Energy Information Administration,73.37
United States of America,18.7,Wind,U.S. Energy Information Administration,32.9
United States of America,37.5,Wind,U.S. Energy Information Administration,123.7
United States of America,98.8,Wind,U.S. Energy Information Administration,332.62
United States of America,135.0,Wind,U.S. Energy Information Administration,412.82
United States of America,241.0,Wind,U.S. Energy Information Administration,782.91
United States of America,80.5,Wind,U.S. Energy Information Administration,269.13
United States of America,240.0,Hydro,U.S. Energy Information Administration,634.57
United States of America,72.0,Hydro,U.S. Energy Information Administration,251.81
United States of America,8.0,Hydro,U.S. Energy Information Administration,20.99
United States of America,1.8,Hydro,U.S. Energy Information Administration,7.25
United States of America,28.7,Wind,U.S. Energy Information Administration,70.16
United States of America,40.5,Wind,U.S. Energy Information Administration,172.64
United States of America,200.0,Hydro,U.S. Energy Information Administration,598.41
United States of America,4.6,Hydro,U.S. Energy Information Administration,15.8
United States of America,25.0,Wind,U.S. Energy Information Administration,71.29
United States of America,1.6,Hydro,U.S. Energy Information Administration,4.61
United States of America,1.0,Solar,U.S. Energy Information Administration,1.9
United States of America,1.1,Hydro,U.S. Energy Information Administration,4.17
United States of America,2.3,Hydro,U.S. Energy Information Administration,8.78
United States of America,72.0,Hydro,U.S. Energy Information Administration,212.14
United States of America,130.0,Wind,U.S. Energy Information Administration,525.2
United States of America,1.5,Hydro,U.S. Energy Information Administration,6.5
United States of America,180.0,Wind,U.S. Energy Information Administration,618.61
United States of America,408.0,Hydro,U.S. Energy Information Administration,1005.36
United States of America,2.3,Hydro,U.S. Energy Information Administration,7.25
United States of America,4.0,Hydro,U.S. Energy Information Administration,16.15
United States of America,8.7,Wind,U.S. Energy Information Administration,10.57
United States of America,21.9,Wind,U.S. Energy Information Administration,45.95
United States of America,1.0,Wind,U.S. Energy Information Administration,2.09
United States of America,2.9,Hydro,U.S. Energy Information Administration,8.19
United States of America,2.2,Solar,U.S. Energy Information Administration,3.25
United States of America,10.0,Wind,U.S. Energy Information Administration,29.06
United States of America,39.0,Hydro,U.S. Energy Information Administration,124.89
United States of America,1.4,Hydro,U.S. Energy Information Administration,5.17
United States of America,20.1,Hydro,U.S. Energy Information Administration,50.54
United States of America,18.4,Wind,U.S. Energy Information Administration,31.45
United States of America,7.4,Wind,U.S. Energy Information Administration,9.11
United States of America,33.6,Hydro,U.S. Energy Information Administration,104.51
United States of America,16.0,Hydro,U.S. Energy Information Administration,54.33
United States of America,26.6,Hydro,U.S. Energy Information Administration,70.22
United States of America,1.9,Wind,U.S. Energy Information Administration,5.31
United States of America,1.5,Hydro,U.S. Energy Information Administration,4.96
United States of America,3.7,Solar,U.S. Energy Information Administration,5.52
United States of America,1819.7,Hydro,U.S. Energy Information Administration,7977.82
United States of America,5.2,Solar,U.S. Energy Information Administration,8.26
United States of America,1.3,Hydro,U.S. Energy Information Administration,4.46
United States of America,115.1,Hydro,U.S. Energy Information Administration,406.21
United States of America,3.4,Hydro,U.S. Energy Information Administration,13.05
United States of America,98.1,Hydro,U.S. Energy Information Administration,384.59
United States of America,72.6,Hydro,U.S. Energy Information Administration,243.14
United States of America,1.4,Hydro,U.S. Energy Information Administration,5.12
United States of America,21.6,Hydro,U.S. Energy Information Administration,77.05
United States of America,6.8,Hydro,U.S. Energy Information Administration,28.41
United States of America,12.0,Wind,U.S. Energy Information Administration,38.14
United States of America,9.9,Wind,U.S. Energy Information Administration,27.77
United States of America,1.2,Hydro,U.S. Energy Information Administration,3.28
United States of America,91.0,Hydro,U.S. Energy Information Administration,324.43
United States of America,7.5,Hydro,U.S. Energy Information Administration,29.49
United States of America,13.8,Hydro,U.S. Energy Information Administration,53.45
United States of America,52.2,Hydro,U.S. Energy Information Administration,149.87
United States of America,84.0,Hydro,U.S. Energy Information Administration,302.98
United States of America,1.2,Hydro,U.S. Energy Information Administration,4.71
United States of America,45.7,Hydro,U.S. Energy Information Administration,147.38
United States of America,16.0,Solar,U.S. Energy Information Administration,26.85
United States of America,1.0,Solar,U.S. Energy Information Administration,1.49
United States of America,4.1,Solar,U.S. Energy Information Administration,6.21
United States of America,1.8,Hydro,U.S. Energy Information Administration,5.08
United States of America,42.6,Hydro,U.S. Energy Information Administration,141.7
United States of America,81.0,Hydro,U.S. Energy Information Administration,284.82
United States of America,2.6,Hydro,U.S. Energy Information Administration,10.54
United States of America,29.7,Wind,U.S. Energy Information Administration,95.16
United States of America,200.0,Wind,U.S. Energy Information Administration,786.1
United States of America,8.64,Hydro,WRI,22.54
United States of America,1.92,Hydro,WRI,5.02
United States of America,11.4,Hydro,U.S. Energy Information Administration,28.23
United States of America,1.2,Solar,U.S. Energy Information Administration,1.72
United States of America,1.8,Solar,U.S. Energy Information Administration,2.73
United States of America,5.2,Hydro,U.S. Energy Information Administration,20.34
United States of America,4.1,Solar,U.S. Energy Information Administration,6.11
United States of America,1.5,Wind,U.S. Energy Information Administration,5.44
United States of America,144.0,Wind,U.S. Energy Information Administration,393.83
United States of America,1.2,Hydro,U.S. Energy Information Administration,4.56
United States of America,152.0,Wind,U.S. Energy Information Administration,432.46
United States of America,21.9,Hydro,U.S. Energy Information Administration,76.22
United States of America,1.9,Solar,U.S. Energy Information Administration,2.69
United States of America,8.0,Hydro,U.S. Energy Information Administration,25.85
United States of America,10.0,Wind,U.S. Energy Information Administration,31.39
United States of America,100.5,Wind,U.S. Energy Information Administration,317.01
United States of America,140.0,Hydro,U.S. Energy Information Administration,353.66
United States of America,225.0,Wind,U.S. Energy Information Administration,765.14
United States of America,4.8,Solar,U.S. Energy Information Administration,8.23
United States of America,16.8,Wind,U.S. Energy Information Administration,48.53
United States of America,3.0,Hydro,U.S. Energy Information Administration,11.09
United States of America,42.0,Hydro,U.S. Energy Information Administration,151.49
United States of America,44.8,Hydro,U.S. Energy Information Administration,159.46
United States of America,1.4,Hydro,U.S. Energy Information Administration,3.35
United States of America,8.4,Hydro,U.S. Energy Information Administration,22.0
United States of America,29.9,Hydro,U.S. Energy Information Administration,76.18
United States of America,7.0,Hydro,U.S. Energy Information Administration,20.32
United States of America,136.3,Wind,U.S. Energy Information Administration,398.0
United States of America,169.5,Wind,U.S. Energy Information Administration,534.77
United States of America,3.3,Hydro,U.S. Energy Information Administration,10.43
United States of America,13.0,Hydro,U.S. Energy Information Administration,32.8
United States of America,5.4,Hydro,U.S. Energy Information Administration,17.47
United States of America,5.7,Hydro,U.S. Energy Information Administration,23.29
United States of America,5.0,Hydro,U.S. Energy Information Administration,10.49
United States of America,4.8,Hydro,U.S. Energy Information Administration,16.09
United States of America,75.0,Wind,U.S. Energy Information Administration,231.84
United States of America,18.0,Hydro,U.S. Energy Information Administration,80.55
United States of America,52.7,Hydro,U.S. Energy Information Administration,192.03
United States of America,9.2,Hydro,U.S. Energy Information Administration,35.57
United States of America,24.0,Hydro,U.S. Energy Information Administration,71.1
United States of America,2.2,Hydro,U.S. Energy Information Administration,5.91
United States of America,22.6,Hydro,U.S. Energy Information Administration,87.14
United States of America,1.2,Solar,U.S. Energy Information Administration,2.49
United States of America,2.2,Solar,U.S. Energy Information Administration,3.57
United States of America,1.7,Wind,U.S. Energy Information Administration,6.06
United States of America,6.0,Solar,U.S. Energy Information Administration,9.67
United States of America,4.5,Wind,U.S. Energy Information Administration,16.59
United States of America,1.2,Hydro,U.S. Energy Information Administration,2.88
United States of America,2.6,Hydro,U.S. Energy Information Administration,9.78
United States of America,38.6,Hydro,U.S. Energy Information Administration,99.96
United States of America,1.3,Hydro,U.S. Energy Information Administration,3.33
United States of America,2.0,Wind,U.S. Energy Information Administration,6.66
United States of America,1.6,Hydro,U.S. Energy Information Administration,6.98
United States of America,104.8,Hydro,U.S. Energy Information Administration,317.76
United States of America,1.5,Hydro,U.S. Energy Information Administration,6.33
United States of America,4.4,Hydro,U.S. Energy Information Administration,13.99
United States of America,10.0,Hydro,U.S. Energy Information Administration,47.06
United States of America,8.3,Hydro,U.S. Energy Information Administration,29.62
United States of America,16.4,Hydro,U.S. Energy Information Administration,72.93
United States of America,9.9,Hydro,U.S. Energy Information Administration,26.62
United States of America,1.1,Hydro,U.S. Energy Information Administration,3.46
United States of America,18.0,Hydro,U.S. Energy Information Administration,77.91
United States of America,16.5,Hydro,U.S. Energy Information Administration,71.42
United States of America,2.2,Hydro,U.S. Energy Information Administration,9.43
United States of America,17.6,Hydro,U.S. Energy Information Administration,84.08
United States of America,1.0,Solar,U.S. Energy Information Administration,1.82
United States of America,2.0,Solar,U.S. Energy Information Administration,4.21
United States of America,5.8,Hydro,U.S. Energy Information Administration,16.2
United States of America,2.5,Hydro,U.S. Energy Information Administration,9.43
United States of America,4.1,Hydro,U.S. Energy Information Administration,9.2
United States of America,10.0,Wind,U.S. Energy Information Administration,39.21
United States of America,25.0,Wind,U.S. Energy Information Administration,59.43
United States of America,98.9,Wind,U.S. Energy Information Administration,287.77
United States of America,90.0,Wind,U.S. Energy Information Administration,244.78
United States of America,8.0,Hydro,U.S. Energy Information Administration,34.18
United States of America,78.2,Wind,U.S. Energy Information Administration,256.22
United States of America,11.9,Wind,U.S. Energy Information Administration,32.26
United States of America,10.1,Hydro,U.S. Energy Information Administration,26.35
United States of America,2.4,Hydro,U.S. Energy Information Administration,8.39
United States of America,35.9,Hydro,U.S. Energy Information Administration,141.6
United States of America,1.8,Wind,U.S. Energy Information Administration,3.94
United States of America,1.0,Solar,U.S. Energy Information Administration,1.86
United States of America,12.0,Hydro,U.S. Energy Information Administration,38.96
United States of America,18.8,Wind,U.S. Energy Information Administration,22.85
United States of America,22.0,Wind,U.S. Energy Information Administration,39.53
United States of America,1.7,Hydro,U.S. Energy Information Administration,5.04
United States of America,105.0,Wind,U.S. Energy Information Administration,331.44
United States of America,150.2,Wind,U.S. Energy Information Administration,548.41
United States of America,12.0,Wind,U.S. Energy Information Administration,37.2
United States of America,1.1,Solar,U.S. Energy Information Administration,1.66
United States of America,4.3,Solar,U.S. Energy Information Administration,6.72
United States of America,9.6,Solar,U.S. Energy Information Administration,15.77
United States of America,8.5,Hydro,U.S. Energy Information Administration,17.44
United States of America,1.0,Hydro,U.S. Energy Information Administration,2.38
United States of America,74.2,Hydro,U.S. Energy Information Administration,219.51
United States of America,424.0,Hydro,U.S. Energy Information Administration,1049.45
United States of America,1.7,Wind,U.S. Energy Information Administration,5.14
United States of America,1.5,Wind,U.S. Energy Information Administration,4.23
United States of America,1.5,Solar,U.S. Energy Information Administration,2.75
United States of America,40.0,Hydro,U.S. Energy Information Administration,110.13
United States of America,3.3,Wind,U.S. Energy Information Administration,7.45
United States of America,2.4,Hydro,U.S. Energy Information Administration,7.59
United States of America,321.2,Hydro,U.S. Energy Information Administration,807.78
United States of America,40.0,Hydro,U.S. Energy Information Administration,97.65
United States of America,2.0,Solar,U.S. Energy Information Administration,3.88
United States of America,165.2,Wind,U.S. Energy Information Administration,522.41
United States of America,225.0,Hydro,U.S. Energy Information Administration,501.21
United States of America,168.0,Hydro,U.S. Energy Information Administration,536.51
United States of America,108.0,Hydro,U.S. Energy Information Administration,391.93
United States of America,8.0,Hydro,U.S. Energy Information Administration,32.84
United States of America,1098.0,Hydro,U.S. Energy Information Administration,4967.36
United States of America,1.9,Hydro,U.S. Energy Information Administration,5.67
United States of America,2.0,Hydro,U.S. Energy Information Administration,5.78
United States of America,100.5,Wind,U.S. Energy Information Administration,361.95
United States of America,6.6,Wind,U.S. Energy Information Administration,17.7
United States of America,6.2,Hydro,U.S. Energy Information Administration,19.09
United States of America,2.7,Hydro,U.S. Energy Information Administration,7.53
United States of America,19.6,Hydro,U.S. Energy Information Administration,82.08
United States of America,2.9,Hydro,U.S. Energy Information Administration,11.4
United States of America,2.8,Hydro,U.S. Energy Information Administration,8.43
United States of America,2.6,Hydro,U.S. Energy Information Administration,9.09
United States of America,1.5,Solar,U.S. Energy Information Administration,1.78
United States of America,57.6,Hydro,U.S. Energy Information Administration,193.08
United States of America,90.5,Hydro,U.S. Energy Information Administration,276.65
United States of America,1.5,Hydro,U.S. Energy Information Administration,6.02
United States of America,1.0,Solar,U.S. Energy Information Administration,1.12
United States of America,4.0,Hydro,U.S. Energy Information Administration,13.65
United States of America,8.1,Hydro,U.S. Energy Information Administration,36.9
United States of America,174.6,Hydro,U.S. Energy Information Administration,756.65
United States of America,5.0,Solar,U.S. Energy Information Administration,8.31
United States of America,5.4,Hydro,U.S. Energy Information Administration,21.86
United States of America,2.7,Wind,U.S. Energy Information Administration,8.36
United States of America,1.8,Hydro,U.S. Energy Information Administration,6.97
United States of America,64.5,Wind,U.S. Energy Information Administration,188.7
United States of America,147.0,Wind,U.S. Energy Information Administration,488.77
United States of America,4.3,Hydro,U.S. Energy Information Administration,15.46
United States of America,70.0,Hydro,U.S. Energy Information Administration,243.49
United States of America,30.0,Solar,U.S. Energy Information Administration,61.7
United States of America,3.8,Hydro,U.S. Energy Information Administration,11.32
United States of America,4.3,Hydro,U.S. Energy Information Administration,9.64
United States of America,87.6,Hydro,U.S. Energy Information Administration,320.38
United States of America,774.0,Hydro,U.S. Energy Information Administration,3463.68
United States of America,51.0,Wind,U.S. Energy Information Administration,181.62
United States of America,7.7,Hydro,U.S. Energy Information Administration,29.71
United States of America,1.4,Hydro,U.S. Energy Information Administration,5.68
United States of America,1.0,Hydro,U.S. Energy Information Administration,3.23
United States of America,7.5,Hydro,U.S. Energy Information Administration,19.1
United States of America,4.4,Hydro,U.S. Energy Information Administration,19.41
United States of America,13.0,Hydro,U.S. Energy Information Administration,64.19
United States of America,73.3,Hydro,U.S. Energy Information Administration,261.55
United States of America,13.6,Hydro,U.S. Energy Information Administration,34.72
United States of America,4.2,Solar,U.S. Energy Information Administration,6.68
United States of America,1.0,Solar,U.S. Energy Information Administration,1.77
United States of America,4.0,Solar,U.S. Energy Information Administration,5.96
United States of America,12.0,Hydro,U.S. Energy Information Administration,54.13
United States of America,6.6,Wind,U.S. Energy Information Administration,14.22
United States of America,3.0,Hydro,U.S. Energy Information Administration,9.64
United States of America,97.0,Wind,U.S. Energy Information Administration,269.81
United States of America,404.0,Hydro,U.S. Energy Information Administration,1813.69
United States of America,32.4,Hydro,U.S. Energy Information Administration,135.69
United States of America,59.8,Wind,U.S. Energy Information Administration,194.39
United States of America,3.5,Hydro,U.S. Energy Information Administration,8.68
United States of America,199.7,Wind,U.S. Energy Information Administration,719.37
United States of America,204.0,Wind,U.S. Energy Information Administration,523.92
United States of America,150.0,Wind,U.S. Energy Information Administration,489.98
United States of America,9.0,Hydro,U.S. Energy Information Administration,34.91
United States of America,4.3,Hydro,U.S. Energy Information Administration,16.63
United States of America,3.5,Hydro,U.S. Energy Information Administration,13.29
United States of America,4.3,Hydro,U.S. Energy Information Administration,16.59
United States of America,266.5,Hydro,U.S. Energy Information Administration,587.36
United States of America,61.5,Wind,U.S. Energy Information Administration,221.6
United States of America,1.3,Hydro,U.S. Energy Information Administration,3.0
United States of America,5.1,Hydro,U.S. Energy Information Administration,20.21
United States of America,4.8,Hydro,U.S. Energy Information Administration,12.46
United States of America,41.8,Hydro,U.S. Energy Information Administration,103.42
United States of America,10.6,Hydro,U.S. Energy Information Administration,39.02
United States of America,273.1,Wind,U.S. Energy Information Administration,758.02
United States of America,27.3,Wind,U.S. Energy Information Administration,96.67
United States of America,35.6,Hydro,U.S. Energy Information Administration,139.66
United States of America,161.0,Wind,U.S. Energy Information Administration,581.7
United States of America,21.7,Hydro,U.S. Energy Information Administration,58.38
United States of America,1.3,Solar,U.S. Energy Information Administration,1.86
United States of America,1.4,Solar,U.S. Energy Information Administration,2.01
United States of America,3.5,Hydro,U.S. Energy Information Administration,9.87
United States of America,13.0,Hydro,U.S. Energy Information Administration,59.13
United States of America,3.0,Solar,U.S. Energy Information Administration,4.7
United States of America,72.0,Wind,U.S. Energy Information Administration,203.52
United States of America,44.0,Hydro,U.S. Energy Information Administration,183.6
United States of America,666.7,Hydro,U.S. Energy Information Administration,2988.44
United States of America,49.5,Wind,U.S. Energy Information Administration,161.3
United States of America,24.0,Wind,U.S. Energy Information Administration,73.77
United States of America,11.0,Wind,U.S. Energy Information Administration,28.36
United States of America,15.3,Wind,U.S. Energy Information Administration,19.92
United States of America,4.5,Solar,WRI,8.29
United States of America,15.6,Wind,U.S. Energy Information Administration,47.09
United States of America,120.0,Wind,U.S. Energy Information Administration,352.42
United States of America,262.2,Wind,U.S. Energy Information Administration,733.76
United States of America,24.5,Hydro,U.S. Energy Information Administration,111.38
United States of America,20.0,Wind,U.S. Energy Information Administration,63.93
United States of America,1.5,Wind,U.S. Energy Information Administration,5.3
United States of America,5.9,Wind,U.S. Energy Information Administration,9.71
United States of America,4.0,Hydro,U.S. Energy Information Administration,14.79
United States of America,1.6,Wind,U.S. Energy Information Administration,5.61
United States of America,8.8,Hydro,U.S. Energy Information Administration,41.07
United States of America,1.0,Hydro,U.S. Energy Information Administration,3.56
United States of America,16.4,Hydro,U.S. Energy Information Administration,41.47
United States of America,39.4,Hydro,U.S. Energy Information Administration,169.18
United States of America,270.0,Hydro,U.S. Energy Information Administration,862.71
United States of America,112.5,Wind,U.S. Energy Information Administration,339.41
United States of America,1.5,Wind,U.S. Energy Information Administration,5.35
United States of America,64.5,Wind,U.S. Energy Information Administration,171.2
United States of America,67.2,Hydro,U.S. Energy Information Administration,173.55
United States of America,9.2,Wind,U.S. Energy Information Administration,24.13
United States of America,82.0,Wind,U.S. Energy Information Administration,244.06
United States of America,78.0,Wind,U.S. Energy Information Administration,227.08
United States of America,19.4,Hydro,U.S. Energy Information Administration,90.65
United States of America,10.0,Solar,U.S. Energy Information Administration,14.84
United States of America,72.0,Hydro,U.S. Energy Information Administration,263.09
United States of America,12.8,Hydro,U.S. Energy Information Administration,47.94
United States of America,134.0,Hydro,U.S. Energy Information Administration,406.81
United States of America,1.0,Solar,U.S. Energy Information Administration,1.27
United States of America,453.0,Hydro,U.S. Energy Information Administration,795.23
United States of America,3.6,Solar,U.S. Energy Information Administration,5.5
United States of America,50.5,Hydro,U.S. Energy Information Administration,180.04
United States of America,25.0,Hydro,WRI,54.89
United States of America,9.0,Hydro,WRI,23.48
United States of America,268.8,Hydro,U.S. Energy Information Administration,768.4
United States of America,12.0,Hydro,U.S. Energy Information Administration,51.71
United States of America,1.0,Solar,U.S. Energy Information Administration,2.08
United States of America,22.5,Hydro,U.S. Energy Information Administration,84.05
United States of America,5.1,Hydro,U.S. Energy Information Administration,10.7
United States of America,19.6,Hydro,U.S. Energy Information Administration,85.13
United States of America,12.2,Hydro,U.S. Energy Information Administration,36.28
United States of America,7.5,Hydro,U.S. Energy Information Administration,30.05
United States of America,1.6,Wind,U.S. Energy Information Administration,1.42
United States of America,3.4,Wind,U.S. Energy Information Administration,8.31
Uruguay,20.0,Solar,La Administración Nacional de Usinas y Trasmisiones Eléctricas (Uruguay),44.31
Uruguay,10.0,Solar,La Administración Nacional de Usinas y Trasmisiones Eléctricas (Uruguay),18.84
Uruguay,1.76,Solar,La Administración Nacional de Usinas y Trasmisiones Eléctricas (Uruguay),3.41
Uruguay,333.0,Hydro,La Administración Nacional de Usinas y Trasmisiones Eléctricas (Uruguay),1114.94
Uruguay,16.0,Solar,La Administración Nacional de Usinas y Trasmisiones Eléctricas (Uruguay),32.61
Uruguay,11.25,Solar,La Administración Nacional de Usinas y Trasmisiones Eléctricas (Uruguay),22.78
Uruguay,152.0,Hydro,La Administración Nacional de Usinas y Trasmisiones Eléctricas (Uruguay),565.83
Uruguay,50.0,Solar,La Administración Nacional de Usinas y Trasmisiones Eléctricas (Uruguay),105.22
Uruguay,9.5,Solar,La Administración Nacional de Usinas y Trasmisiones Eléctricas (Uruguay),18.15
Uruguay,50.0,Solar,La Administración Nacional de Usinas y Trasmisiones Eléctricas (Uruguay),106.36
Uruguay,20.0,Solar,La Administración Nacional de Usinas y Trasmisiones Eléctricas (Uruguay),38.7
Uruguay,9.5,Solar,La Administración Nacional de Usinas y Trasmisiones Eléctricas (Uruguay),17.97
Uruguay,8.0,Solar,La Administración Nacional de Usinas y Trasmisiones Eléctricas (Uruguay),14.95
Uruguay,108.0,Hydro,La Administración Nacional de Usinas y Trasmisiones Eléctricas (Uruguay),393.43
Uruguay,945.0,Hydro,La Administración Nacional de Usinas y Trasmisiones Eléctricas (Uruguay),4837.05
Uruguay,9.5,Solar,La Administración Nacional de Usinas y Trasmisiones Eléctricas (Uruguay),17.81
Uzbekistan,39.0,Hydro,GEODB,135.94
Uzbekistan,620.0,Hydro,GEODB,1869.53
Uzbekistan,126.0,Hydro,GEODB,512.45
Uzbekistan,120.0,Hydro,CARMA,393.31
Uzbekistan,165.0,Hydro,GEODB,542.72
Uzbekistan,100.0,Solar,Wiki-Solar,207.22
Uzbekistan,70.0,Hydro,CARMA,244.51
Venezuela,2930.0,Hydro,GEODB,5439.02
Venezuela,514.0,Hydro,WRI,1379.67
Venezuela,2196.0,Hydro,GEODB,11060.55
Venezuela,240.0,Hydro,CARMA,789.76
Venezuela,80.0,Hydro,CARMA,244.32
Venezuela,300.0,Hydro,WRI,681.15
Venezuela,2530.0,Hydro,GEODB,12742.8
Venezuela,25.0,Hydro,GEODB,68.33
Venezuela,8851.0,Hydro,GEODB,44579.67
Vietnam,170.0,Hydro,Open Development Vietnam,660.65
Vietnam,210.0,Hydro,Open Development Vietnam,790.24
Vietnam,173.0,Hydro,Open Development Vietnam,652.18
Vietnam,3.0,Hydro,Open Development Vietnam,12.51
Vietnam,80.0,Hydro,Open Development Vietnam,332.95
Vietnam,33.0,Hydro,Open Development Vietnam,132.22
Vietnam,220.0,Hydro,Open Development Vietnam,853.01
Vietnam,18.0,Hydro,Open Development Vietnam,79.08
Vietnam,18.0,Hydro,Open Development Vietnam,71.53
Vietnam,320.0,Hydro,Open Development Vietnam,1168.13
Vietnam,44.0,Hydro,Open Development Vietnam,176.6
Vietnam,49.0,Solar,Wiki-Solar,87.76
Vietnam,4.0,Hydro,Open Development Vietnam,16.96
Vietnam,280.0,Hydro,Open Development Vietnam,1041.79
Vietnam,86.0,Hydro,Open Development Vietnam,367.09
Vietnam,2.6,Hydro,Open Development Vietnam,9.13
Vietnam,62.5,Solar,Wiki-Solar,115.77
Vietnam,62.8,Solar,Wiki-Solar,116.26
Vietnam,49.5,Solar,Wiki-Solar,91.57
Vietnam,8.5,Solar,Wiki-Solar,15.9
Vietnam,4.5,Hydro,Open Development Vietnam,18.81
Vietnam,77.0,Hydro,Open Development Vietnam,321.35
Vietnam,57.0,Solar,Wiki-Solar,104.81
Vietnam,4.0,Hydro,Open Development Vietnam,13.14
Vietnam,8.0,Hydro,Open Development Vietnam,29.43
Vietnam,90.0,Hydro,Open Development Vietnam,394.03
Vietnam,30.0,Hydro,Open Development Vietnam,116.38
Vietnam,97.0,Hydro,Open Development Vietnam,409.82
Vietnam,34.0,Hydro,Open Development Vietnam,142.72
Vietnam,6.0,Hydro,Open Development Vietnam,26.5
Vietnam,160.0,Hydro,Open Development Vietnam,611.95
Vietnam,7.5,Hydro,Open Development Vietnam,33.13
Vietnam,5.0,Hydro,Open Development Vietnam,16.16
Vietnam,10.0,Hydro,Open Development Vietnam,40.6
Vietnam,300.0,Hydro,Open Development Vietnam,755.8
Vietnam,14.0,Hydro,Open Development Vietnam,65.93
Vietnam,18.0,Hydro,Open Development Vietnam,80.72
Vietnam,3.2,Hydro,Open Development Vietnam,10.35
Vietnam,22.0,Hydro,Open Development Vietnam,88.79
Vietnam,190.0,Hydro,Open Development Vietnam,727.15
Vietnam,18.0,Hydro,Open Development Vietnam,64.64
Vietnam,13.0,Hydro,Open Development Vietnam,46.62
Vietnam,8.1,Hydro,Open Development Vietnam,37.39
Vietnam,16.0,Hydro,Open Development Vietnam,57.46
Vietnam,2.2,Hydro,Open Development Vietnam,10.04
Vietnam,15.6,Hydro,Open Development Vietnam,70.37
Vietnam,3.6,Hydro,Open Development Vietnam,16.03
Vietnam,15.0,Hydro,Open Development Vietnam,53.79
Vietnam,30.0,Hydro,Open Development Vietnam,118.64
Vietnam,144.0,Hydro,Open Development Vietnam,518.46
Vietnam,7.5,Hydro,Open Development Vietnam,35.4
Vietnam,2.4,Hydro,Open Development Vietnam,11.54
Vietnam,7.5,Hydro,Open Development Vietnam,27.07
Vietnam,6.0,Hydro,Open Development Vietnam,25.07
Vietnam,28.0,Hydro,Open Development Vietnam,112.81
Vietnam,18.0,Hydro,Open Development Vietnam,74.32
Vietnam,24.0,Hydro,Open Development Vietnam,104.77
Vietnam,10.0,Hydro,Open Development Vietnam,46.2
Vietnam,20.0,Hydro,Open Development Vietnam,92.6
Vietnam,125.0,Hydro,Open Development Vietnam,474.68
Vietnam,75.0,Hydro,Open Development Vietnam,303.22
Vietnam,420.0,Solar,Wiki-Solar,697.12
Vietnam,9.9,Hydro,Open Development Vietnam,44.4
Vietnam,70.0,Hydro,Open Development Vietnam,282.15
Vietnam,180.0,Hydro,Open Development Vietnam,696.26
Vietnam,340.0,Hydro,Open Development Vietnam,1217.08
Vietnam,150.0,Hydro,Open Development Vietnam,586.38
Vietnam,12.0,Hydro,Open Development Vietnam,56.31
Vietnam,16.0,Hydro,Open Development Vietnam,76.22
Vietnam,19.1,Solar,Wiki-Solar,35.2
Vietnam,28.0,Hydro,Open Development Vietnam,112.61
Vietnam,5.0,Hydro,Open Development Vietnam,19.6
Vietnam,5.4,Hydro,Open Development Vietnam,17.07
Vietnam,5.1,Hydro,Open Development Vietnam,16.12
Vietnam,49.0,Solar,Wiki-Solar,92.64
Vietnam,475.0,Hydro,Open Development Vietnam,1595.86
Vietnam,8.4,Hydro,Open Development Vietnam,30.9
Vietnam,5.0,Hydro,Open Development Vietnam,15.8
Vietnam,18.0,Hydro,Open Development Vietnam,68.81
Vietnam,14.0,Hydro,Open Development Vietnam,53.28
Vietnam,1.89,Hydro,Open Development Vietnam,8.43
Vietnam,1920.0,Hydro,Open Development Vietnam,6449.32
Vietnam,29.0,Hydro,Open Development Vietnam,125.93
Vietnam,180.0,Hydro,Open Development Vietnam,714.38
Vietnam,520.0,Hydro,Open Development Vietnam,1965.15
Vietnam,81.0,Hydro,Open Development Vietnam,343.81
Vietnam,33.0,Hydro,Open Development Vietnam,130.18
Vietnam,1.2,Hydro,Open Development Vietnam,3.86
Vietnam,10.8,Hydro,Open Development Vietnam,39.77
Vietnam,7.5,Hydro,Open Development Vietnam,27.62
Vietnam,720.0,Hydro,Open Development Vietnam,3071.53
Vietnam,2.3,Hydro,Open Development Vietnam,8.07
Vietnam,6.0,Hydro,Open Development Vietnam,26.91
Vietnam,1.0,Hydro,Open Development Vietnam,4.87
Vietnam,12.0,Hydro,Open Development Vietnam,43.32
Vietnam,18.0,Hydro,Open Development Vietnam,63.87
Vietnam,30.0,Solar,Wiki-Solar,56.58
Vietnam,18.0,Hydro,Open Development Vietnam,75.96
Vietnam,1200.0,Hydro,Open Development Vietnam,4779.8
Vietnam,2.4,Hydro,Open Development Vietnam,8.44
Vietnam,49.0,Solar,Wiki-Solar,81.72
Vietnam,10.0,Solar,Wiki-Solar,18.71
Vietnam,32.0,Hydro,Open Development Vietnam,130.17
Vietnam,13.5,Hydro,Open Development Vietnam,52.92
Vietnam,6.0,Hydro,Open Development Vietnam,28.04
Vietnam,9.3,Hydro,Open Development Vietnam,41.66
Vietnam,6.0,Hydro,Open Development Vietnam,19.85
Vietnam,5.0,Hydro,Open Development Vietnam,22.5
Vietnam,3.2,Hydro,Open Development Vietnam,9.99
Vietnam,200.0,Hydro,Open Development Vietnam,869.13
Vietnam,32.0,Hydro,Open Development Vietnam,141.11
Vietnam,7.5,Hydro,Open Development Vietnam,30.29
Vietnam,18.0,Hydro,Open Development Vietnam,71.26
Vietnam,14.0,Hydro,Open Development Vietnam,51.24
Vietnam,32.0,Hydro,Open Development Vietnam,136.05
Vietnam,24.0,Hydro,Open Development Vietnam,103.98
Vietnam,18.0,Hydro,Open Development Vietnam,81.38
Vietnam,10.0,Hydro,Open Development Vietnam,41.76
Vietnam,12.0,Hydro,Open Development Vietnam,55.6
Vietnam,44.0,Hydro,Open Development Vietnam,173.88
Vietnam,66.0,Hydro,Open Development Vietnam,299.33
Vietnam,84.0,Hydro,Open Development Vietnam,367.76
Vietnam,15.0,Hydro,Open Development Vietnam,54.9
Vietnam,32.0,Hydro,Open Development Vietnam,142.83
Vietnam,9.3,Hydro,Open Development Vietnam,33.57
Vietnam,8.4,Hydro,Open Development Vietnam,30.32
Vietnam,48.0,Hydro,Open Development Vietnam,189.35
Vietnam,72.0,Hydro,Open Development Vietnam,294.01
Vietnam,10.5,Hydro,Open Development Vietnam,37.91
Vietnam,8.0,Hydro,Open Development Vietnam,28.88
Vietnam,110.0,Hydro,Open Development Vietnam,480.05
Vietnam,168.0,Solar,Wiki-Solar,323.56
Vietnam,16.5,Hydro,Open Development Vietnam,68.07
Vietnam,22.0,Hydro,Open Development Vietnam,99.88
Vietnam,330.0,Solar,Wiki-Solar,621.53
Vietnam,100.0,Hydro,Open Development Vietnam,462.85
Vietnam,3.6,Hydro,Open Development Vietnam,15.85
Vietnam,3.0,Hydro,Open Development Vietnam,9.36
Vietnam,21.0,Hydro,Open Development Vietnam,85.08
Vietnam,260.0,Hydro,Open Development Vietnam,1009.31
Vietnam,108.0,Hydro,Open Development Vietnam,501.08
Vietnam,360.0,Hydro,Open Development Vietnam,1406.11
Vietnam,63.0,Hydro,Open Development Vietnam,286.27
Vietnam,22.0,Hydro,Open Development Vietnam,87.27
Vietnam,2400.0,Hydro,Open Development Vietnam,8061.66
Vietnam,220.0,Hydro,Open Development Vietnam,876.41
Vietnam,156.0,Hydro,Open Development Vietnam,614.94
Vietnam,49.0,Hydro,Open Development Vietnam,205.97
Vietnam,57.0,Hydro,Open Development Vietnam,239.6
Vietnam,29.0,Hydro,Open Development Vietnam,121.69
Vietnam,16.0,Hydro,Open Development Vietnam,60.8
Vietnam,63.0,Hydro,Open Development Vietnam,252.86
Vietnam,37.0,Hydro,Open Development Vietnam,150.51
Vietnam,70.0,Hydro,Open Development Vietnam,283.0
Vietnam,2.0,Hydro,Open Development Vietnam,7.04
Vietnam,7.5,Hydro,Open Development Vietnam,27.59
Vietnam,190.0,Hydro,Open Development Vietnam,748.8
Vietnam,62.0,Hydro,Open Development Vietnam,259.74
Vietnam,64.0,Hydro,Open Development Vietnam,253.01
Vietnam,220.0,Hydro,Open Development Vietnam,894.92
Vietnam,80.0,Hydro,Open Development Vietnam,347.98
Vietnam,51.0,Hydro,Open Development Vietnam,228.07
Vietnam,34.5,Hydro,Open Development Vietnam,136.1
Vietnam,20.0,Hydro,Open Development Vietnam,82.7
Vietnam,3.1,Hydro,Open Development Vietnam,9.68
Vietnam,3.6,Hydro,Open Development Vietnam,11.75
Vietnam,60.0,Hydro,Open Development Vietnam,236.69
Vietnam,21.0,Hydro,Open Development Vietnam,99.01
Vietnam,3.0,Hydro,Open Development Vietnam,10.61
Vietnam,120.0,Hydro,Open Development Vietnam,508.97
Vietnam,150.0,Hydro,Open Development Vietnam,584.24
Vietnam,6.0,Hydro,Open Development Vietnam,26.88
Vietnam,3.5,Hydro,Open Development Vietnam,13.85
Vietnam,48.0,Solar,Wiki-Solar,89.12
Vietnam,204.0,Solar,Wiki-Solar,392.39
Vietnam,220.0,Hydro,Open Development Vietnam,893.55
Vietnam,2.4,Hydro,Open Development Vietnam,8.71
Vietnam,20.0,Hydro,Open Development Vietnam,92.2
Vietnam,400.0,Hydro,Open Development Vietnam,1446.32
Vietnam,342.0,Hydro,Open Development Vietnam,1500.66
Vietnam,66.0,Hydro,Open Development Vietnam,295.63
Vietnam,6.6,Hydro,Open Development Vietnam,27.65
Vietnam,19.5,Hydro,Open Development Vietnam,86.46
Vietnam,30.0,Hydro,Open Development Vietnam,119.77
Zambia,120.0,Hydro,GEODB,544.47
Zambia,47.5,Solar,Wiki-Solar,131.66
Zambia,990.0,Hydro,GEODB,4042.48
Zambia,930.0,Hydro,GEODB,4959.7
Zambia,12.0,Hydro,GEODB,26.48
Zambia,108.0,Hydro,Power Africa,575.78
Zimbabwe,750.0,Hydro,GEODB,3999.75
